City,Latitude,Longitude,Date,Day,Month,Season,Weekend,MaxTemp,MinTemp,AvgTemp,FeelsLikeMax,FeelsLikeMin,TempCategory,Precipitation,Rainfall,Snowfall,RainCategory,MaxWindSpeed,WindDirection,Humidity,AirPressure,CloudCover,Visibility,DewPoint,Sunrise,Sunset,WeatherCondition,WeatherCode,Temp_Yesterday,Humidity_Yesterday,Rainfall_Yesterday,7DayAvgTemp,7DayAvgHumidity,7DayAvgRainfall,PM2_5,PM10,CO_Level
Islamabad,33.6844,73.0479,1/1/2023,Sunday,1,Winter,1,17,4.7,9.2,14.6,2,Cold,0,0,0,No Rain,10.2,328,67.96,957.52,12.71,0,3.15,2023-01-01T07:12,2023-01-01T17:09,Sunny,0,,,,,,,29,162,0.84
Islamabad,33.6844,73.0479,1/2/2023,Monday,1,Winter,0,15.7,4.1,8.8,13.2,0.9,Cold,0,0,0,No Rain,8.4,318,65.71,958.75,0,0,2.45,2023-01-02T07:12,2023-01-02T17:10,Sunny,0,9.2,67.96,0,,,,109,51,0.67
Islamabad,33.6844,73.0479,1/3/2023,Tuesday,1,Winter,0,16,3.1,8.6,12.8,0,Cold,0,0,0,No Rain,11.7,318,59.92,960.09,0,0,0.91,2023-01-03T07:12,2023-01-03T17:11,Sunny,0,8.8,65.71,0,,,,198,196,1.31
Islamabad,33.6844,73.0479,1/4/2023,Wednesday,1,Winter,0,16.8,3.4,8.7,13.6,-0.2,Cold,0,0,0,No Rain,9.3,315,53.29,960.02,0,0,-1.15,2023-01-04T07:12,2023-01-04T17:12,Sunny,0,8.6,59.92,0,,,,76,140,0.31
Islamabad,33.6844,73.0479,1/5/2023,Thursday,1,Winter,0,17.2,4.7,9.3,14.6,1.6,Cold,0,0,0,No Rain,11.2,338,59.25,960.77,0,0,1.38,2023-01-05T07:12,2023-01-05T17:13,Sunny,0,8.7,53.29,0,,,,88,98,0.44
Islamabad,33.6844,73.0479,1/6/2023,Friday,1,Winter,0,14.6,4.5,9.8,13,1.4,Cold,0,0,0,No Rain,7.1,314,60.17,961.42,88.29,0,2.31,2023-01-06T07:12,2023-01-06T17:13,Cloudy,2,9.3,59.25,0,,,,190,92,1.88
Islamabad,33.6844,73.0479,1/7/2023,Saturday,1,Winter,1,17.1,5.3,10.9,14.5,1.9,Cold,0,0,0,No Rain,11.5,314,55.79,959.67,99.5,0,2.18,2023-01-07T07:13,2023-01-07T17:14,Cloudy,2,9.8,60.17,0,9.328571429,60.29857143,0,199,32,0.39
Islamabad,33.6844,73.0479,1/8/2023,Sunday,1,Winter,1,15.1,7.8,10.9,13.5,4.9,Cold,0.3,0.3,0,Light Rain,9.4,316,65.25,957.56,77.54,0,4.41,2023-01-08T07:13,2023-01-08T17:15,Rainy,1,10.9,55.79,0,9.571428571,59.91142857,0.042857143,182,188,1.75
Islamabad,33.6844,73.0479,1/9/2023,Monday,1,Winter,0,17.7,7.8,11.5,16.1,5.6,Cold,0,0,0,No Rain,11,313,75.21,958.03,71.83,0,7.03,2023-01-09T07:13,2023-01-09T17:16,Cloudy,2,10.9,65.25,0.3,9.957142857,61.26857143,0.042857143,102,117,0.64
Islamabad,33.6844,73.0479,1/10/2023,Tuesday,1,Winter,0,19.4,6.5,12,17.4,3.9,Cold,0,0,0,No Rain,11,308,71,957.33,62.38,0,6.42,2023-01-10T07:12,2023-01-10T17:17,Moderate,3,11.5,75.21,0,10.44285714,62.85142857,0.042857143,155,178,1.84
Islamabad,33.6844,73.0479,1/11/2023,Wednesday,1,Winter,0,12.3,9.5,10.6,10.5,7.4,Cold,14.7,14.7,0,Heavy Rain,13.4,63,78.5,952.55,100,0,6.91,2023-01-11T07:12,2023-01-11T17:18,Rainy,1,12,71,0,10.71428571,66.45285714,2.142857143,33,108,0.91
Islamabad,33.6844,73.0479,1/12/2023,Thursday,1,Winter,0,13.2,6,9.2,11,2,Cold,17.9,17.9,0,Heavy Rain,17.9,57,83.62,952.07,67.71,0,6.52,2023-01-12T07:12,2023-01-12T17:19,Rainy,1,10.6,78.5,14.7,10.7,69.93428571,4.7,52,258,1.56
Islamabad,33.6844,73.0479,1/13/2023,Friday,1,Winter,0,10,3,7,8.4,0.2,Cold,5.8,5.8,0,Light Rain,14.6,328,85.08,952.98,56.08,0,4.6,2023-01-13T07:12,2023-01-13T17:20,Rainy,1,9.2,83.62,17.9,10.3,73.49285714,5.528571429,109,300,0.13
Islamabad,33.6844,73.0479,1/14/2023,Saturday,1,Winter,1,13.4,1.8,7.1,10.4,-1.3,Cold,0,0,0,No Rain,14.1,308,71.29,955.67,0.42,0,1.99,2023-01-14T07:12,2023-01-14T17:20,Sunny,0,7,85.08,5.8,9.757142857,75.70714286,5.528571429,108,295,0.91
Islamabad,33.6844,73.0479,1/15/2023,Sunday,1,Winter,1,14.1,3.9,8,10.7,1,Cold,0,0,0,No Rain,16,311,63.25,953.13,0.46,0,0.97,2023-01-15T07:12,2023-01-15T17:21,Sunny,0,7.1,71.29,0,9.342857143,75.42142857,5.485714286,83,84,0.25
Islamabad,33.6844,73.0479,1/16/2023,Monday,1,Winter,0,13.8,3.8,8,10.6,0.4,Cold,0,0,0,No Rain,14.9,311,59.88,954.69,0,0,0.51,2023-01-16T07:12,2023-01-16T17:22,Sunny,0,8,63.25,0,8.842857143,73.23142857,5.485714286,34,161,1.37
Islamabad,33.6844,73.0479,1/17/2023,Tuesday,1,Winter,0,14.2,2,7.5,10.3,-2.3,Cold,0,0,0,No Rain,13,312,55.38,954.58,4.08,0,-1.31,2023-01-17T07:11,2023-01-17T17:23,Sunny,0,8,59.88,0,8.2,71,5.485714286,119,79,0.71
Islamabad,33.6844,73.0479,1/18/2023,Wednesday,1,Winter,0,15.1,2.6,8.2,12.2,-1.2,Cold,0,0,0,No Rain,11.3,306,55.5,956.81,97.17,0,-0.48,2023-01-18T07:11,2023-01-18T17:24,Cloudy,2,7.5,55.38,0,7.857142857,67.71428571,3.385714286,132,178,1.13
Islamabad,33.6844,73.0479,1/19/2023,Thursday,1,Winter,0,15.4,6.7,10.1,12.4,3.4,Cold,0,0,0,No Rain,9.2,10,48.29,957.57,75.04,0,-0.62,2023-01-19T07:11,2023-01-19T17:25,Cloudy,2,8.2,55.5,0,7.985714286,62.66714286,0.828571429,33,221,1.89
Islamabad,33.6844,73.0479,1/20/2023,Friday,1,Winter,0,14.6,7,9.9,12.5,3.8,Cold,0,0,0,No Rain,11,48,61.04,956.69,61.62,0,2.41,2023-01-20T07:10,2023-01-20T17:26,Moderate,3,10.1,48.29,0,8.4,59.23285714,0,118,30,1.77
Islamabad,33.6844,73.0479,1/21/2023,Saturday,1,Winter,1,12.1,4.6,7.4,9.4,1.6,Cold,4.3,4.3,0,Light Rain,15.7,39,82.12,957.49,40.96,0,4.38,2023-01-21T07:10,2023-01-21T17:27,Rainy,1,9.9,61.04,0,8.442857143,60.78,0.614285714,31,220,1.12
Islamabad,33.6844,73.0479,1/22/2023,Sunday,1,Winter,1,13.8,3.4,7.8,11.8,0.3,Cold,0,0,0,No Rain,9.7,324,73.08,956.16,6.46,0,3.1,2023-01-22T07:10,2023-01-22T17:28,Sunny,0,7.4,82.12,4.3,8.414285714,62.18428571,0.614285714,118,61,0.28
Islamabad,33.6844,73.0479,1/23/2023,Monday,1,Winter,0,14,4.1,8.1,11.2,0.5,Cold,0.5,0.5,0,Light Rain,13.6,319,72.75,956.95,13.33,0,3.2,2023-01-23T07:09,2023-01-23T17:29,Rainy,1,7.8,73.08,0,8.428571429,64.02285714,0.685714286,138,104,0.9
Islamabad,33.6844,73.0479,1/24/2023,Tuesday,1,Winter,0,13.2,5.7,8.9,10.9,2.5,Cold,4.4,4.4,0,Light Rain,16.1,345,78.88,953.71,59.62,0,5.27,2023-01-24T07:09,2023-01-24T17:30,Rainy,1,8.1,72.75,0.5,8.628571429,67.38,1.314285714,156,151,0.92
Islamabad,33.6844,73.0479,1/25/2023,Wednesday,1,Winter,0,12.7,5.2,8.7,11.5,2.7,Cold,5.6,5.6,0,Light Rain,14.5,5,81.12,955.48,36.67,0,5.52,2023-01-25T07:08,2023-01-25T17:31,Rainy,1,8.9,78.88,4.4,8.7,71.04,2.114285714,176,214,1.23
Islamabad,33.6844,73.0479,1/26/2023,Thursday,1,Winter,0,15.2,4.4,9,11.6,1.3,Cold,0,0,0,No Rain,16,313,69.21,957.99,1.08,0,3.27,2023-01-26T07:08,2023-01-26T17:32,Sunny,0,8.7,81.12,5.6,8.542857143,74.02857143,2.114285714,71,125,0.74
Islamabad,33.6844,73.0479,1/27/2023,Friday,1,Winter,0,16.8,6.8,10.9,13.1,3.2,Cold,0,0,0,No Rain,16.2,311,55.08,957.4,21.17,0,1.9,2023-01-27T07:07,2023-01-27T17:33,Sunny,0,9,69.21,0,8.685714286,73.17714286,2.114285714,190,97,0.74
Islamabad,33.6844,73.0479,1/28/2023,Saturday,1,Winter,1,16.2,8.1,11.4,14.5,4.1,Cold,0,0,0,No Rain,13.2,309,50.46,953.65,90.79,0,1.34,2023-01-28T07:06,2023-01-28T17:34,Cloudy,2,10.9,55.08,0,9.257142857,68.65428571,1.5,44,117,1.47
Islamabad,33.6844,73.0479,1/29/2023,Sunday,1,Winter,1,15.6,6.7,10.9,12.8,3.3,Cold,3.9,3.9,0,Light Rain,20.8,76,63,951.72,99.88,0,3.94,2023-01-29T07:06,2023-01-29T17:35,Rainy,1,11.4,50.46,0,9.7,67.21428571,2.057142857,88,47,1.59
Islamabad,33.6844,73.0479,1/30/2023,Monday,1,Winter,0,10.5,7,9.2,8.8,4.7,Cold,46.5,46.5,0,Heavy Rain,20.4,54,85.58,957.15,82.62,0,6.88,2023-01-30T07:05,2023-01-30T17:36,Rainy,1,10.9,63,3.9,9.857142857,69.04714286,8.628571429,20,221,1.52
Islamabad,33.6844,73.0479,1/31/2023,Tuesday,1,Winter,0,16.1,6.2,10.9,13.1,3.4,Cold,0,0,0,No Rain,15.5,312,66.96,959.34,15.46,0,4.82,2023-01-31T07:05,2023-01-31T17:37,Sunny,0,9.2,85.58,46.5,10.14285714,67.34428571,8,200,162,1.56
Islamabad,33.6844,73.0479,2/1/2023,Wednesday,2,Winter,0,18,8.9,12.7,14.3,5.1,Cold,0,0,0,No Rain,17.3,312,48.88,957.05,60.42,0,1.86,2023-02-01T07:04,2023-02-01T17:38,Moderate,3,10.9,66.96,0,10.71428571,62.73857143,7.2,140,253,0.6
Islamabad,33.6844,73.0479,2/2/2023,Thursday,2,Winter,0,19.3,10.7,14.3,16.5,7.6,Cold,0,0,0,No Rain,16.9,310,49.12,955.96,81.04,0,3.57,2023-02-02T07:03,2023-02-02T17:39,Cloudy,2,12.7,48.88,0,11.47142857,59.86857143,7.2,180,271,0.47
Islamabad,33.6844,73.0479,2/3/2023,Friday,2,Winter,0,17.3,9.1,13.3,15.6,6.3,Cold,3.3,3.3,0,Light Rain,15,318,61.08,955.21,92.21,0,5.82,2023-02-03T07:02,2023-02-03T17:40,Rainy,1,14.3,49.12,0,11.81428571,60.72571429,7.671428571,153,36,1.42
Islamabad,33.6844,73.0479,2/4/2023,Saturday,2,Winter,1,20.2,9.1,14,17.5,6.8,Cold,0,0,0,No Rain,15.8,311,63.33,953.7,7.75,0,6.8,2023-02-04T07:02,2023-02-04T17:41,Sunny,0,13.3,61.08,3.3,12.18571429,62.56428571,7.671428571,166,201,1
Islamabad,33.6844,73.0479,2/5/2023,Sunday,2,Winter,1,20.3,8.3,13.5,19.2,5.8,Cold,1.8,1.8,0,Light Rain,16.1,325,65.96,951.45,69.42,0,6.78,2023-02-05T07:01,2023-02-05T17:42,Rainy,1,14,63.33,0,12.55714286,62.98714286,7.371428571,79,98,0.88
Islamabad,33.6844,73.0479,2/6/2023,Monday,2,Winter,0,17.7,9.2,12.9,16.4,7.1,Cold,5.4,5.4,0,Light Rain,11.4,357,73.83,953.21,49.75,0,7.97,2023-02-06T07:00,2023-02-06T17:43,Rainy,1,13.5,65.96,1.8,13.08571429,61.30857143,1.5,70,88,0.63
Islamabad,33.6844,73.0479,2/7/2023,Tuesday,2,Winter,0,18.5,8.2,12.4,15.5,5.2,Cold,0,0,0,No Rain,16.2,314,59.5,952.12,0.58,0,4.42,2023-02-07T06:59,2023-02-07T17:44,Sunny,0,12.9,73.83,5.4,13.3,60.24285714,1.5,57,225,0.25
Islamabad,33.6844,73.0479,2/8/2023,Wednesday,2,Winter,0,20.1,6.9,13.3,18.1,3.8,Cold,0.8,0.8,0,Light Rain,10.5,323,56.42,953.2,80.17,0,4.52,2023-02-08T06:59,2023-02-08T17:44,Rainy,1,12.4,59.5,0,13.38571429,61.32,1.614285714,143,237,0.57
Islamabad,33.6844,73.0479,2/9/2023,Thursday,2,Winter,0,14.2,9,11.5,12.6,5.8,Cold,12.9,12.9,0,Heavy Rain,16.6,15,64.08,951.36,70.17,0,4.69,2023-02-09T06:58,2023-02-09T17:45,Rainy,1,13.3,56.42,0.8,12.98571429,63.45714286,3.457142857,98,56,0.65
Islamabad,33.6844,73.0479,2/10/2023,Friday,2,Winter,0,18.4,7.4,11.8,15.1,4.7,Cold,8.3,8.3,0,Light Rain,19.8,317,69.29,950.7,29.62,0,5.78,2023-02-10T06:57,2023-02-10T17:46,Rainy,1,11.5,64.08,12.9,12.77142857,64.63,4.171428571,149,138,1.27
Islamabad,33.6844,73.0479,2/11/2023,Saturday,2,Winter,1,15.5,5.8,10.2,12.7,2.8,Cold,0,0,0,No Rain,11.3,324,58,954.02,6.5,0,1.9,2023-02-11T06:56,2023-02-11T17:47,Sunny,0,11.8,69.29,8.3,12.22857143,63.86857143,4.171428571,150,75,1.65
Islamabad,33.6844,73.0479,2/12/2023,Sunday,2,Winter,1,16.1,4.2,9.9,12,0.2,Cold,0,0,0,No Rain,15.8,318,47.62,958.26,1.58,0,-1.15,2023-02-12T06:55,2023-02-12T17:48,Sunny,0,10.2,58,0,11.71428571,61.24857143,3.914285714,37,157,1.38
Islamabad,33.6844,73.0479,2/13/2023,Monday,2,Winter,0,17.2,6.3,11.2,13.2,2.3,Cold,0,0,0,No Rain,20.1,306,42.96,955.36,24.58,0,-1.26,2023-02-13T06:54,2023-02-13T17:49,Sunny,0,9.9,47.62,0,11.47142857,56.83857143,3.142857143,124,240,1.68
Islamabad,33.6844,73.0479,2/14/2023,Tuesday,2,Winter,0,21.4,7,13.2,19.7,3.5,Cold,0,0,0,No Rain,12.9,309,52.17,954.92,55.46,0,3.37,2023-02-14T06:53,2023-02-14T17:50,Moderate,3,11.2,42.96,0,11.58571429,55.79142857,3.142857143,144,124,1.31
Islamabad,33.6844,73.0479,2/15/2023,Wednesday,2,Winter,0,22.8,9.6,15.8,20.8,6.7,Moderate,0,0,0,No Rain,15.6,314,54.21,953.62,79.92,0,6.28,2023-02-15T06:52,2023-02-15T17:51,Cloudy,2,13.2,52.17,0,11.94285714,55.47571429,3.028571429,189,140,0.56
Islamabad,33.6844,73.0479,2/16/2023,Thursday,2,Winter,0,25.3,12.6,18.6,25.6,9.9,Moderate,0,0,0,No Rain,10.9,313,54.88,954.91,98.58,0,9.05,2023-02-16T06:51,2023-02-16T17:52,Cloudy,2,15.8,54.21,0,12.95714286,54.16142857,1.185714286,60,70,0.6
Islamabad,33.6844,73.0479,2/17/2023,Friday,2,Winter,0,24.7,12.8,18.7,25,10.7,Moderate,0,0,0,No Rain,7.6,318,58,956.5,98.71,0,10.04,2023-02-17T06:50,2023-02-17T17:53,Cloudy,2,18.6,54.88,0,13.94285714,52.54857143,0,20,132,0.69
Islamabad,33.6844,73.0479,2/18/2023,Saturday,2,Winter,1,24.8,13.1,18.4,24,11,Moderate,0,0,0,No Rain,8.7,322,53.71,954.95,82.29,0,8.35,2023-02-18T06:49,2023-02-18T17:54,Cloudy,2,18.7,58,0,15.11428571,51.93571429,0,117,158,1.27
Islamabad,33.6844,73.0479,2/19/2023,Sunday,2,Winter,1,24.4,13.3,18.1,23.2,10.8,Moderate,0,0,0,No Rain,11.2,64,48.71,953.65,99.38,0,7,2023-02-19T06:48,2023-02-19T17:55,Cloudy,2,18.4,53.71,0,16.28571429,52.09142857,0,133,279,1.49
Islamabad,33.6844,73.0479,2/20/2023,Monday,2,Winter,0,18,11.6,15,16.3,10.1,Cold,14,14,0,Heavy Rain,18,38,69.12,951.92,45.54,0,9.35,2023-02-20T06:47,2023-02-20T17:56,Rainy,1,18.1,48.71,0,16.82857143,55.82857143,2,141,55,1.43
Islamabad,33.6844,73.0479,2/21/2023,Tuesday,2,Winter,0,23.4,9.8,15.6,21.7,7.5,Moderate,0,0,0,No Rain,11.8,317,63.42,952.8,0.12,0,8.22,2023-02-21T06:46,2023-02-21T17:56,Sunny,0,15,69.12,14,17.17142857,57.43571429,2,78,190,1.24
Islamabad,33.6844,73.0479,2/22/2023,Wednesday,2,Winter,0,22.9,10.9,16.6,21.4,8.4,Moderate,0,0,0,No Rain,9.2,347,49.08,953.68,29.88,0,5.26,2023-02-22T06:44,2023-02-22T17:57,Sunny,0,15.6,63.42,0,17.28571429,56.70285714,2,28,238,1.64
Islamabad,33.6844,73.0479,2/23/2023,Thursday,2,Winter,0,23.2,10,16.3,20,6.7,Moderate,0,0,0,No Rain,19.7,315,43.38,953.74,29.62,0,3.27,2023-02-23T06:43,2023-02-23T17:58,Sunny,0,16.6,49.08,0,16.95714286,55.06,2,64,89,0.87
Islamabad,33.6844,73.0479,2/24/2023,Friday,2,Winter,0,25.1,10.9,17.7,23.5,8.1,Moderate,0,0,0,No Rain,11.5,317,42.75,954.84,61.54,0,4.33,2023-02-24T06:42,2023-02-24T17:59,Moderate,3,16.3,43.38,0,16.81428571,52.88142857,2,172,158,2
Islamabad,33.6844,73.0479,2/25/2023,Saturday,2,Winter,1,24.9,11.8,18,23,8.3,Moderate,0.4,0.4,0,Light Rain,25.4,323,39.25,956.5,46.46,0,3.34,2023-02-25T06:41,2023-02-25T18:00,Rainy,1,17.7,42.75,0,16.75714286,50.81571429,2.057142857,124,47,0.77
Islamabad,33.6844,73.0479,2/26/2023,Sunday,2,Winter,1,20.5,11.7,15.5,19.4,9.8,Moderate,7.1,7.1,0,Light Rain,17.6,31,65.46,959.38,49.54,0,8.81,2023-02-26T06:40,2023-02-26T18:01,Rainy,1,18,39.25,0.4,16.38571429,53.20857143,3.071428571,54,99,0.7
Islamabad,33.6844,73.0479,2/27/2023,Monday,2,Winter,0,23.9,11.2,17.1,21.7,9.2,Moderate,0,0,0,No Rain,12.2,316,48.79,958.55,29.38,0,5.55,2023-02-27T06:39,2023-02-27T18:02,Sunny,0,15.5,65.46,7.1,16.68571429,50.30428571,1.071428571,38,153,1.08
Islamabad,33.6844,73.0479,2/28/2023,Tuesday,2,Winter,0,21.4,12.7,16,20.2,10.1,Moderate,0,0,0,No Rain,13,36,51.29,958.91,99.04,0,5.63,2023-02-28T06:38,2023-02-28T18:02,Cloudy,2,17.1,48.79,0,16.74285714,48.57142857,1.071428571,73,232,1.73
Islamabad,33.6844,73.0479,3/1/2023,Wednesday,3,Spring,0,21,11.1,15.8,20.2,9.5,Moderate,3.6,3.6,0,Light Rain,13.5,13,62.25,960.85,95.17,0,8.23,2023-03-01T06:36,2023-03-01T18:03,Rainy,1,16,51.29,0,16.62857143,50.45285714,1.585714286,71,116,1.18
Islamabad,33.6844,73.0479,3/2/2023,Thursday,3,Spring,0,18.7,11.8,14.8,18.8,11.5,Cold,15.7,15.7,0,Heavy Rain,11.3,353,79.38,961.01,87.04,0,11.1,2023-03-02T06:35,2023-03-02T18:04,Rainy,1,15.8,62.25,3.6,16.41428571,55.59571429,3.828571429,21,198,1.43
Islamabad,33.6844,73.0479,3/3/2023,Friday,3,Spring,0,22.6,10.4,16,22,9.2,Moderate,0,0,0,No Rain,10.7,310,69.25,960.69,80.71,0,9.86,2023-03-03T06:34,2023-03-03T18:05,Cloudy,2,14.8,79.38,15.7,16.17142857,59.38142857,3.828571429,109,96,1.42
Islamabad,33.6844,73.0479,3/4/2023,Saturday,3,Spring,1,24.4,12.7,17.8,24.1,10.7,Moderate,0,0,0,No Rain,12.4,321,53.88,959.44,59.21,0,7.85,2023-03-04T06:33,2023-03-04T18:06,Moderate,3,16,69.25,0,16.14285714,61.47142857,3.771428571,150,201,0.97
Islamabad,33.6844,73.0479,3/5/2023,Sunday,3,Spring,1,24.9,13.4,18.3,23.5,10.7,Moderate,0,0,0,No Rain,11.7,336,49.92,959.21,23.29,0,7.02,2023-03-05T06:31,2023-03-05T18:07,Sunny,0,17.8,53.88,0,16.54285714,59.25142857,2.757142857,28,235,1.37
Islamabad,33.6844,73.0479,3/6/2023,Monday,3,Spring,0,25.7,12.6,19,23.6,9.9,Moderate,0,0,0,No Rain,13.5,315,40.58,956.32,24.5,0,4.77,2023-03-06T06:30,2023-03-06T18:07,Sunny,0,18.3,49.92,0,16.81428571,58.07857143,2.757142857,181,154,0.65
Islamabad,33.6844,73.0479,3/7/2023,Tuesday,3,Spring,0,26.7,13.6,19.2,24.9,11,Moderate,0,0,0,No Rain,12.5,332,39.92,955.85,1.46,0,4.38,2023-03-07T06:29,2023-03-07T18:08,Sunny,0,19,40.58,0,17.27142857,56.45428571,2.757142857,74,299,0.15
Islamabad,33.6844,73.0479,3/8/2023,Wednesday,3,Spring,0,27.4,12.8,19.7,26.7,9.9,Moderate,0,0,0,No Rain,13,351,40.17,956.39,5.33,0,5.1,2023-03-08T06:27,2023-03-08T18:09,Sunny,0,19.2,39.92,0,17.82857143,53.3,2.242857143,135,162,1.66
Islamabad,33.6844,73.0479,3/9/2023,Thursday,3,Spring,0,27.7,12.8,19.6,27.4,9.7,Moderate,0,0,0,No Rain,12.9,356,42.88,957.03,0.62,0,6.05,2023-03-09T06:26,2023-03-09T18:10,Sunny,0,19.7,40.17,0,18.51428571,48.08571429,0,120,247,0.81
Islamabad,33.6844,73.0479,3/10/2023,Friday,3,Spring,0,27.9,14.9,20.8,26.5,11.9,Moderate,0,0,0,No Rain,12.8,321,37,955.86,34.38,0,5.05,2023-03-10T06:25,2023-03-10T18:11,Moderate,3,19.6,42.88,0,19.2,43.47857143,0,132,196,1.85
Islamabad,33.6844,73.0479,3/11/2023,Saturday,3,Spring,1,29.4,15.5,22.1,29,12.3,Moderate,0,0,0,No Rain,13,7,35.12,955.51,13.96,0,5.52,2023-03-11T06:24,2023-03-11T18:11,Sunny,0,20.8,37,0,19.81428571,40.79857143,0,125,248,0.17
Islamabad,33.6844,73.0479,3/12/2023,Sunday,3,Spring,1,25.2,16.4,20,23.7,15,Moderate,1.1,1.1,0,Light Rain,25.5,344,55.54,956.41,55.21,0,10.63,2023-03-12T06:22,2023-03-12T18:12,Rainy,1,22.1,35.12,0,20.05714286,41.60142857,0.157142857,142,57,1.61
Islamabad,33.6844,73.0479,3/13/2023,Monday,3,Spring,0,28.3,15.6,20.9,26.9,13.2,Moderate,0,0,0,No Rain,15.4,317,45.92,954.65,3.67,0,7.96,2023-03-13T06:21,2023-03-13T18:13,Sunny,0,20,55.54,1.1,20.32857143,42.36428571,0.157142857,78,112,0.59
Islamabad,33.6844,73.0479,3/14/2023,Tuesday,3,Spring,0,29.4,14.9,21.8,27.7,12.7,Moderate,0,0,0,No Rain,14,329,38.71,951.78,34.67,0,6.08,2023-03-14T06:20,2023-03-14T18:14,Moderate,3,20.9,45.92,0,20.7,42.19142857,0.157142857,42,245,1.79
Islamabad,33.6844,73.0479,3/15/2023,Wednesday,3,Spring,0,30.1,16.7,22.7,28.9,14,Moderate,0,0,0,No Rain,13.3,44,33.62,950.1,56.33,0,5.35,2023-03-15T06:18,2023-03-15T18:15,Moderate,3,21.8,38.71,0,21.12857143,41.25571429,0.157142857,60,229,1.3
Islamabad,33.6844,73.0479,3/16/2023,Thursday,3,Spring,0,25.7,16,20.1,24.6,15,Moderate,4.8,4.8,0,Light Rain,13.8,32,55.38,951.98,99.71,0,10.37,2023-03-16T06:17,2023-03-16T18:15,Rainy,1,22.7,33.62,0,21.2,43.04142857,0.842857143,134,94,1.24
Islamabad,33.6844,73.0479,3/17/2023,Friday,3,Spring,0,19.8,13.3,16.2,18.1,12.6,Moderate,3.5,3.5,0,Light Rain,15.5,67,74.58,954.22,87.33,0,11.57,2023-03-17T06:16,2023-03-17T18:16,Rainy,1,20.1,55.38,4.8,20.54285714,48.41,1.342857143,23,182,0.59
Islamabad,33.6844,73.0479,3/18/2023,Saturday,3,Spring,1,24,12,17.1,22.8,11.2,Moderate,1,1,0,Light Rain,15.2,38,67,952.32,47.62,0,10.19,2023-03-18T06:14,2023-03-18T18:17,Rainy,1,16.2,74.58,3.5,19.82857143,52.96428571,1.485714286,82,214,0.54
Islamabad,33.6844,73.0479,3/19/2023,Sunday,3,Spring,1,24.3,12.5,17.9,23.6,11.4,Moderate,0,0,0,No Rain,13.8,336,60.54,950.28,80.5,0,9.55,2023-03-19T06:13,2023-03-19T18:18,Cloudy,2,17.1,67,1,19.52857143,53.67857143,1.328571429,94,193,1.01
Islamabad,33.6844,73.0479,3/20/2023,Monday,3,Spring,0,25.1,12.8,18.5,25.6,11.3,Moderate,0.4,0.4,0,Light Rain,15.9,11,55.04,948.41,23.21,0,8.68,2023-03-20T06:12,2023-03-20T18:18,Rainy,1,17.9,60.54,0,19.18571429,54.98142857,1.385714286,29,127,0.34
Islamabad,33.6844,73.0479,3/21/2023,Tuesday,3,Spring,0,22.7,13.1,16.9,23.3,12.5,Moderate,9.4,9.4,0,Light Rain,12.9,49,72.33,949.68,51.92,0,11.4,2023-03-21T06:10,2023-03-21T18:19,Rainy,1,18.5,55.04,0.4,18.48571429,59.78428571,2.728571429,86,112,0.42
Islamabad,33.6844,73.0479,3/22/2023,Wednesday,3,Spring,0,23.6,12.5,17.7,23.7,11.6,Moderate,0.9,0.9,0,Light Rain,11.8,354,63.5,951.03,63.96,0,10.2,2023-03-22T06:09,2023-03-22T18:20,Rainy,1,16.9,72.33,9.4,17.77142857,64.05285714,2.857142857,94,117,1.92
Islamabad,33.6844,73.0479,3/23/2023,Thursday,3,Spring,0,22.2,13.7,17.1,22.9,12.3,Moderate,6.5,6.5,0,Light Rain,16.4,324,69,950.53,76,0,10.96,2023-03-23T06:08,2023-03-23T18:21,Rainy,1,17.7,63.5,0.9,17.34285714,65.99857143,3.1,192,219,0.86
Islamabad,33.6844,73.0479,3/24/2023,Friday,3,Spring,0,21.4,13,16.3,19.1,12.1,Moderate,4.6,4.6,0,Light Rain,21.2,94,68.54,948.95,100,0,10.24,2023-03-24T06:06,2023-03-24T18:21,Rainy,1,17.1,69,6.5,17.35714286,65.13571429,3.257142857,138,84,1.47
Islamabad,33.6844,73.0479,3/25/2023,Saturday,3,Spring,1,18.4,11,14,17.3,9.9,Cold,21.8,21.8,0,Heavy Rain,15.4,50,83,952.68,80.25,0,11.05,2023-03-25T06:05,2023-03-25T18:22,Rainy,1,16.3,68.54,4.6,16.91428571,67.42142857,6.228571429,24,253,1.11
Islamabad,33.6844,73.0479,3/26/2023,Sunday,3,Spring,1,23.3,9.8,16.8,24,8.5,Moderate,0,0,0,No Rain,13.5,314,61.71,953.1,4.04,0,8.56,2023-03-26T06:04,2023-03-26T18:23,Sunny,0,14,83,21.8,16.75714286,67.58857143,6.228571429,35,143,1.54
Islamabad,33.6844,73.0479,3/27/2023,Monday,3,Spring,0,24.7,11.9,18.4,25,10.3,Moderate,0,0,0,No Rain,9.4,309,58.79,950.93,12.75,0,9.67,2023-03-27T06:02,2023-03-27T18:24,Sunny,0,16.8,61.71,0,16.74285714,68.12428571,6.171428571,58,36,0.11
Islamabad,33.6844,73.0479,3/28/2023,Tuesday,3,Spring,0,26,13.4,19.4,25,11.5,Moderate,0,0,0,No Rain,15.5,318,51.62,950.77,85.46,0,8.5,2023-03-28T06:01,2023-03-28T18:24,Cloudy,2,18.4,58.79,0,17.1,65.16571429,4.828571429,144,57,0.93
Islamabad,33.6844,73.0479,3/29/2023,Wednesday,3,Spring,0,23.7,14.9,18.6,23.2,13.2,Moderate,2.5,2.5,0,Light Rain,21.5,354,57.75,952.38,99.75,0,9.95,2023-03-29T05:59,2023-03-29T18:25,Rainy,1,19.4,51.62,0,17.22857143,64.34428571,5.057142857,52,128,1.5
Islamabad,33.6844,73.0479,3/30/2023,Thursday,3,Spring,0,21.8,13.5,17.8,21.2,12.3,Moderate,2.4,2.4,0,Light Rain,18.1,312,67.42,950.6,80.12,0,11.51,2023-03-30T05:58,2023-03-30T18:26,Rainy,1,18.6,57.75,2.5,17.32857143,64.11857143,4.471428571,199,50,1.94
Islamabad,33.6844,73.0479,3/31/2023,Friday,3,Spring,0,21.8,14.3,16.3,21.5,13.7,Moderate,7,7,0,Light Rain,15.3,42,81.12,949.07,98.96,0,12.89,2023-03-31T05:57,2023-03-31T18:27,Rainy,1,17.8,67.42,2.4,17.32857143,65.91571429,4.814285714,109,277,1.16
Islamabad,33.6844,73.0479,4/1/2023,Saturday,4,Spring,1,19.3,13.2,15.8,19,12.5,Moderate,16.7,16.7,0,Heavy Rain,18.5,88,79.38,950.27,69.92,0,12.17,2023-04-01T05:55,2023-04-01T18:27,Rainy,1,16.3,81.12,7,17.58571429,65.39857143,4.085714286,188,207,0.88
Islamabad,33.6844,73.0479,4/2/2023,Sunday,4,Spring,1,23.1,11.4,17.4,24.6,10.1,Moderate,4.2,4.2,0,Light Rain,10.4,328,70.38,949.95,48.29,0,11.61,2023-04-02T05:54,2023-04-02T18:28,Rainy,1,15.8,79.38,16.7,17.67142857,66.63714286,4.685714286,80,171,1.8
Islamabad,33.6844,73.0479,4/3/2023,Monday,4,Spring,0,21.1,13.8,16.3,20.4,13.2,Moderate,20.6,20.6,0,Heavy Rain,20,78,81.58,948.9,92.42,0,12.94,2023-04-03T05:53,2023-04-03T18:29,Rainy,1,17.4,70.38,4.2,17.37142857,69.89285714,7.628571429,64,229,1.8
Islamabad,33.6844,73.0479,4/4/2023,Tuesday,4,Spring,0,22.1,12.3,16.7,22.7,12,Moderate,2.4,2.4,0,Light Rain,7.5,324,74.46,951.71,45,0,11.73,2023-04-04T05:51,2023-04-04T18:30,Rainy,1,16.3,81.58,20.6,16.98571429,73.15571429,7.971428571,101,290,1.28
Islamabad,33.6844,73.0479,4/5/2023,Wednesday,4,Spring,0,24.2,11.6,17.8,24.2,9.7,Moderate,0,0,0,No Rain,23.9,299,58.58,951.7,43.79,0,9.09,2023-04-05T05:50,2023-04-05T18:30,Moderate,3,16.7,74.46,2.4,16.87142857,73.27428571,7.614285714,172,117,1.12
Islamabad,33.6844,73.0479,4/6/2023,Thursday,4,Spring,0,23.2,13,18,23.7,10.1,Moderate,0.7,0.7,0,Light Rain,21.3,350,56.96,954.89,38.46,0,8.96,2023-04-06T05:49,2023-04-06T18:31,Rainy,1,17.8,58.58,0,16.9,71.78,7.371428571,106,38,1.38
Islamabad,33.6844,73.0479,4/7/2023,Friday,4,Spring,0,25.9,14.5,20,24.5,11.9,Moderate,0,0,0,No Rain,18.1,315,45.17,955.79,6.38,0,7.38,2023-04-07T05:47,2023-04-07T18:32,Sunny,0,18,56.96,0.7,17.42857143,66.64428571,6.371428571,99,236,1.48
Islamabad,33.6844,73.0479,4/8/2023,Saturday,4,Spring,1,28.3,14.2,21.1,27.7,12,Moderate,0,0,0,No Rain,12.4,313,44,955.23,0.04,0,7.86,2023-04-08T05:46,2023-04-08T18:33,Sunny,0,20,45.17,0,18.18571429,61.59,3.985714286,161,278,1.24
Islamabad,33.6844,73.0479,4/9/2023,Sunday,4,Spring,1,29.8,14.8,22.3,30.3,12.2,Moderate,0,0,0,No Rain,13.5,318,38.33,955.48,17.58,0,6.93,2023-04-09T05:45,2023-04-09T18:33,Sunny,0,21.1,44,0,18.88571429,57.01142857,3.385714286,61,75,0.9
Islamabad,33.6844,73.0479,4/10/2023,Monday,4,Spring,0,30.2,14.8,22.8,29.5,12.1,Moderate,0,0,0,No Rain,14.4,309,39.5,953.82,19.04,0,7.58,2023-04-10T05:44,2023-04-10T18:34,Sunny,0,22.3,38.33,0,19.81428571,51,0.442857143,167,249,1.39
Islamabad,33.6844,73.0479,4/11/2023,Tuesday,4,Spring,0,31.4,16.9,23.3,31.4,14.9,Moderate,0,0,0,No Rain,25.1,307,39.71,953.74,21.71,0,8.2,2023-04-11T05:42,2023-04-11T18:35,Sunny,0,22.8,39.5,0,20.75714286,46.03571429,0.1,116,82,0.91
Islamabad,33.6844,73.0479,4/12/2023,Wednesday,4,Spring,0,31.9,17.6,24.9,31.6,15.4,Moderate,0,0,0,No Rain,15.2,305,35.17,953.31,11.33,0,7.92,2023-04-12T05:41,2023-04-12T18:36,Sunny,0,23.3,39.71,0,21.77142857,42.69142857,0.1,79,127,0.36
Islamabad,33.6844,73.0479,4/13/2023,Thursday,4,Spring,0,32.6,18.5,25.6,31.4,16.3,Hot,0,0,0,No Rain,16.1,316,37.5,951.55,24.75,0,9.24,2023-04-13T05:40,2023-04-13T18:36,Sunny,0,24.9,35.17,0,22.85714286,39.91142857,0,174,86,1.71
Islamabad,33.6844,73.0479,4/14/2023,Friday,4,Spring,0,34.7,18.7,26.5,34.6,17,Hot,0,0,0,No Rain,11.6,318,34.54,950.45,0.54,0,8.43,2023-04-14T05:39,2023-04-14T18:37,Sunny,0,25.6,37.5,0,23.78571429,38.39285714,0,118,173,1.97
Islamabad,33.6844,73.0479,4/15/2023,Saturday,4,Spring,1,35.5,19.4,27.5,35.3,17.3,Hot,0,0,0,No Rain,11.7,25,28.54,949.98,43.38,0,6.32,2023-04-15T05:37,2023-04-15T18:38,Moderate,3,26.5,34.54,0,24.7,36.18428571,0,49,43,0.47
Islamabad,33.6844,73.0479,4/16/2023,Sunday,4,Spring,1,30.1,20.6,24.8,27.6,17,Moderate,0.5,0.5,0,Light Rain,30.6,347,42.04,950.51,98.21,0,10.65,2023-04-16T05:36,2023-04-16T18:39,Rainy,1,27.5,28.54,0,25.05714286,36.71428571,0.071428571,122,99,1.51
Islamabad,33.6844,73.0479,4/17/2023,Monday,4,Spring,0,33.1,18.9,25.5,34,17.6,Hot,0.9,0.9,0,Light Rain,19.2,324,39.46,950.35,82.33,0,10.2,2023-04-17T05:35,2023-04-17T18:39,Rainy,1,24.8,42.04,0.5,25.44285714,36.70857143,0.2,121,125,0.62
Islamabad,33.6844,73.0479,4/18/2023,Tuesday,4,Spring,0,28.4,18.7,22.6,27.5,18.2,Moderate,8.9,8.9,0,Light Rain,17.7,43,59.79,951.66,97.21,0,13.82,2023-04-18T05:34,2023-04-18T18:40,Rainy,1,25.5,39.46,0.9,25.34285714,39.57714286,1.471428571,134,124,0.42
Islamabad,33.6844,73.0479,4/19/2023,Wednesday,4,Spring,0,24.2,15.1,19.6,24.1,14.9,Moderate,25.3,25.3,0,Heavy Rain,20.4,67,73.5,949.08,81.83,0,14.45,2023-04-19T05:32,2023-04-19T18:41,Rainy,1,22.6,59.79,8.9,24.58571429,45.05285714,5.085714286,84,118,1.16
Islamabad,33.6844,73.0479,4/20/2023,Thursday,4,Spring,0,23.7,15,18.4,24.8,14.8,Moderate,10,10,0,Heavy Rain,12.5,349,70.42,946.29,63.79,0,12.61,2023-04-20T05:31,2023-04-20T18:42,Rainy,1,19.6,73.5,25.3,23.55714286,49.75571429,6.514285714,155,50,1.59
Islamabad,33.6844,73.0479,4/21/2023,Friday,4,Spring,0,24.4,13.9,18.7,24.9,13,Moderate,1.2,1.2,0,Light Rain,10.2,354,59.96,947.82,35,0,10.47,2023-04-21T05:30,2023-04-21T18:42,Rainy,1,18.4,70.42,10,22.44285714,53.38714286,6.685714286,189,78,1.05
Islamabad,33.6844,73.0479,4/22/2023,Saturday,4,Spring,1,23.6,13.8,19.1,23.2,11.7,Moderate,0.3,0.3,0,Light Rain,15.9,348,51.38,949.02,25.21,0,8.59,2023-04-22T05:29,2023-04-22T18:43,Rainy,1,18.7,59.96,1.2,21.24285714,56.65,6.728571429,57,273,1.41
Islamabad,33.6844,73.0479,4/23/2023,Sunday,4,Spring,1,28.4,14.2,21.6,29.6,12.2,Moderate,0,0,0,No Rain,9.4,315,48.5,949.04,1.88,0,9.84,2023-04-23T05:28,2023-04-23T18:44,Sunny,0,19.1,51.38,0.3,20.78571429,57.57285714,6.657142857,82,88,1.78
Islamabad,33.6844,73.0479,4/24/2023,Monday,4,Spring,0,30.8,15.4,23.2,31.6,13.9,Moderate,0,0,0,No Rain,8.9,351,43.92,951.08,12.79,0,9.53,2023-04-24T05:27,2023-04-24T18:45,Sunny,0,21.6,48.5,0,20.45714286,58.21,6.528571429,97,111,1.74
Islamabad,33.6844,73.0479,4/25/2023,Tuesday,4,Spring,0,30.8,17.6,23.7,31.1,15.7,Moderate,0.1,0.1,0,Light Rain,15.1,57,39.71,952.12,33.79,0,8.72,2023-04-25T05:26,2023-04-25T18:45,Rainy,1,23.2,43.92,0,20.61428571,55.34142857,5.271428571,190,272,1.52
Islamabad,33.6844,73.0479,4/26/2023,Wednesday,4,Spring,0,29.8,17.6,22.9,30.6,15.8,Moderate,1.8,1.8,0,Light Rain,21.5,32,46.17,949.97,65.42,0,10.44,2023-04-26T05:24,2023-04-26T18:46,Rainy,1,23.7,39.71,0.1,21.08571429,51.43714286,1.914285714,86,160,0.39
Islamabad,33.6844,73.0479,4/27/2023,Thursday,4,Spring,0,29,17.1,23.1,29,16.3,Moderate,1.5,1.5,0,Light Rain,19.1,64,43.29,950.44,51.67,0,9.43,2023-04-27T05:23,2023-04-27T18:47,Rainy,1,22.9,46.17,1.8,21.75714286,47.56142857,0.7,113,256,1.19
Islamabad,33.6844,73.0479,4/28/2023,Friday,4,Spring,0,29.7,17.9,23.7,31.2,17.2,Moderate,0.2,0.2,0,Light Rain,15.1,347,44.96,951.77,35.42,0,10.47,2023-04-28T05:22,2023-04-28T18:48,Rainy,1,23.1,43.29,1.5,22.47142857,45.41857143,0.557142857,33,179,0.31
Islamabad,33.6844,73.0479,4/29/2023,Saturday,4,Spring,1,31.3,17.8,24.6,32.2,16.4,Moderate,0,0,0,No Rain,11.5,309,42.62,949.18,71.08,0,10.33,2023-04-29T05:21,2023-04-29T18:48,Cloudy,2,23.7,44.96,0.2,23.25714286,44.16714286,0.514285714,57,135,0.6
Islamabad,33.6844,73.0479,4/30/2023,Sunday,4,Spring,1,30.7,18.1,24.3,32.4,17.2,Moderate,0.5,0.5,0,Light Rain,15.5,57,47.5,947.59,32.83,0,11.98,2023-04-30T05:20,2023-04-30T18:49,Rainy,1,24.6,42.62,0,23.64285714,44.02428571,0.585714286,132,174,1.93
Islamabad,33.6844,73.0479,5/1/2023,Monday,5,Spring,0,23.8,16.9,20.2,23.8,16.2,Moderate,16,16,0,Heavy Rain,22.3,91,73.67,948.73,82.12,0,15.24,2023-05-01T05:19,2023-05-01T18:50,Rainy,1,24.3,47.5,0.5,23.21428571,48.27428571,2.871428571,137,162,1.91
Islamabad,33.6844,73.0479,5/2/2023,Tuesday,5,Spring,0,22.8,16.6,19,23.7,16.4,Moderate,8.4,8.4,0,Light Rain,14.5,84,81.67,950.92,97.83,0,15.66,2023-05-02T05:18,2023-05-02T18:51,Rainy,1,20.2,73.67,16,22.54285714,54.26857143,4.057142857,57,294,0.6
Islamabad,33.6844,73.0479,5/3/2023,Wednesday,5,Spring,0,25.2,16.2,20.2,26.7,16.9,Moderate,0.4,0.4,0,Light Rain,13.6,55,70.29,951.75,50.38,0,14.21,2023-05-03T05:17,2023-05-03T18:51,Rainy,1,19,81.67,8.4,22.15714286,57.71428571,3.857142857,99,70,0.67
Islamabad,33.6844,73.0479,5/4/2023,Thursday,5,Spring,0,26.2,15.9,20.8,27.3,15.8,Moderate,0.7,0.7,0,Light Rain,14.4,41,65.92,951.93,62.21,0,13.71,2023-05-04T05:16,2023-05-04T18:52,Rainy,1,20.2,70.29,0.4,21.82857143,60.94714286,3.742857143,88,195,1.94
Islamabad,33.6844,73.0479,5/5/2023,Friday,5,Spring,0,28.1,16.5,22.4,29.8,16.5,Moderate,0,0,0,No Rain,11,304,54.62,950.14,53.58,0,12.17,2023-05-05T05:15,2023-05-05T18:53,Moderate,3,20.8,65.92,0.7,21.64285714,62.32714286,3.714285714,81,180,1.77
Islamabad,33.6844,73.0479,5/6/2023,Saturday,5,Spring,1,26.1,17.5,22,28.1,17,Moderate,1.8,1.8,0,Light Rain,18.4,19,55.29,948.38,54.75,0,12.42,2023-05-06T05:14,2023-05-06T18:54,Rainy,1,22.4,54.62,0,21.27142857,64.13714286,3.971428571,85,195,1.17
Islamabad,33.6844,73.0479,5/7/2023,Sunday,5,Spring,1,26.4,16.1,20.9,27,14,Moderate,5.6,5.6,0,Light Rain,23.3,22,58.08,948.37,68.12,0,11.86,2023-05-07T05:14,2023-05-07T18:55,Rainy,1,22,55.29,1.8,20.78571429,65.64857143,4.7,176,112,1.64
Islamabad,33.6844,73.0479,5/8/2023,Monday,5,Spring,0,26.5,15.3,20.6,26.5,13.9,Moderate,5,5,0,Light Rain,17.1,0,53.62,948.46,26.42,0,9.88,2023-05-08T05:13,2023-05-08T18:55,Rainy,1,20.9,58.08,5.6,20.84285714,62.78428571,3.128571429,47,159,0.9
Islamabad,33.6844,73.0479,5/9/2023,Tuesday,5,Spring,0,29.2,15.3,22.6,30,14,Moderate,0,0,0,No Rain,11.8,316,42,951.28,0.67,0,8.24,2023-05-09T05:12,2023-05-09T18:56,Sunny,0,20.6,53.62,5,21.35714286,57.11714286,1.928571429,114,165,0.23
Islamabad,33.6844,73.0479,5/10/2023,Wednesday,5,Spring,0,32.5,19.5,25.7,31.2,16.9,Hot,0,0,0,No Rain,21.7,319,32.46,948.93,0.12,0,7.05,2023-05-10T05:11,2023-05-10T18:57,Sunny,0,22.6,42,0,22.14285714,51.71285714,1.871428571,30,242,0.14
Islamabad,33.6844,73.0479,5/11/2023,Thursday,5,Spring,0,34.9,18.4,26.5,34.4,15.1,Hot,0,0,0,No Rain,7.1,325,28.79,949.15,61.17,0,5.41,2023-05-11T05:10,2023-05-11T18:58,Moderate,3,25.7,32.46,0,22.95714286,46.40857143,1.771428571,128,235,1.33
Islamabad,33.6844,73.0479,5/12/2023,Friday,5,Spring,0,36.5,20.6,28.7,36.1,17.9,Hot,0,0,0,No Rain,11.6,300,26.79,948.44,54.08,0,6.85,2023-05-12T05:09,2023-05-12T18:58,Moderate,3,26.5,28.79,0,23.85714286,42.43285714,1.771428571,162,189,0.19
Islamabad,33.6844,73.0479,5/13/2023,Saturday,5,Spring,1,36,22.1,28.1,36,20,Hot,0,0,0,No Rain,20.6,4,30.29,949.04,73.92,0,8.3,2023-05-13T05:08,2023-05-13T18:59,Cloudy,2,28.7,26.79,0,24.72857143,38.86142857,1.514285714,199,163,0.59
Islamabad,33.6844,73.0479,5/14/2023,Sunday,5,Spring,1,33.3,20.8,27.1,33.9,20.5,Hot,1.3,1.3,0,Light Rain,19,326,35.79,946.85,36.88,0,9.66,2023-05-14T05:08,2023-05-14T19:00,Rainy,1,28.1,30.29,0,25.61428571,35.67714286,0.9,181,142,1.44
Islamabad,33.6844,73.0479,5/15/2023,Monday,5,Spring,0,35.9,20.3,28.4,36.1,18.8,Hot,0,0,0,No Rain,10.5,318,28.12,945.4,11.62,0,6.98,2023-05-15T05:07,2023-05-15T19:01,Sunny,0,27.1,35.79,1.3,26.72857143,32.03428571,0.185714286,163,213,0.7
Islamabad,33.6844,73.0479,5/16/2023,Tuesday,5,Spring,0,34.8,22.5,27.7,33.9,20.9,Hot,0.2,0.2,0,Light Rain,19.4,331,31.46,947.32,82.21,0,8.58,2023-05-16T05:06,2023-05-16T19:01,Rainy,1,28.4,28.12,0,27.45714286,30.52857143,0.214285714,54,185,0.8
Islamabad,33.6844,73.0479,5/17/2023,Wednesday,5,Spring,0,36.1,21.8,28.8,36.8,21.8,Hot,0,0,0,No Rain,25.7,316,34.54,948.11,45.04,0,10.41,2023-05-17T05:06,2023-05-17T19:02,Moderate,3,27.7,31.46,0.2,27.9,30.82571429,0.214285714,139,81,0.81
Islamabad,33.6844,73.0479,5/18/2023,Thursday,5,Spring,0,30.8,22.3,26.6,30.8,22.2,Hot,0,0,0,No Rain,12.1,7,40.46,952.28,53.83,0,11.67,2023-05-18T05:05,2023-05-18T19:03,Moderate,3,28.8,34.54,0,27.91428571,32.49285714,0.214285714,162,272,1.78
Islamabad,33.6844,73.0479,5/19/2023,Friday,5,Spring,0,34.3,21,27.8,33.7,20.1,Hot,0,0,0,No Rain,16.4,309,34.38,948.88,3.12,0,9.82,2023-05-19T05:04,2023-05-19T19:03,Sunny,0,26.6,40.46,0,27.78571429,33.57714286,0.214285714,74,269,0.39
Islamabad,33.6844,73.0479,5/20/2023,Saturday,5,Spring,1,37.2,21.2,29.7,35.4,20,Hot,0,0,0,No Rain,16.3,304,26.25,946.66,9.08,0,6.93,2023-05-20T05:04,2023-05-20T19:04,Sunny,0,27.8,34.38,0,28.01428571,33,0.214285714,65,97,1.89
Islamabad,33.6844,73.0479,5/21/2023,Sunday,5,Spring,1,40.6,24.3,32,39.7,22.4,Hot,0,0,0,No Rain,22.5,296,20.62,947.21,33.62,0,5.38,2023-05-21T05:03,2023-05-21T19:05,Moderate,3,29.7,26.25,0,28.71428571,30.83285714,0.028571429,104,127,0.96
Islamabad,33.6844,73.0479,5/22/2023,Monday,5,Spring,0,41.1,25,33,40.9,23.3,Hot,0,0,0,No Rain,18.4,310,20.58,947.53,68.83,0,6.44,2023-05-22T05:03,2023-05-22T19:06,Moderate,3,32,20.62,0,29.37142857,29.75571429,0.028571429,105,91,1.32
Islamabad,33.6844,73.0479,5/23/2023,Tuesday,5,Spring,0,37.6,26,31,36.4,24.8,Hot,0.3,0.3,0,Light Rain,22.3,23,30.08,948.31,99.54,0,10.91,2023-05-23T05:02,2023-05-23T19:06,Rainy,1,33,20.58,0,29.84285714,29.55857143,0.042857143,125,124,0.28
Islamabad,33.6844,73.0479,5/24/2023,Wednesday,5,Spring,0,30.8,21.5,26.4,32.2,21,Hot,6.6,6.6,0,Light Rain,23.1,48,50.42,947.15,52.08,0,14.87,2023-05-24T05:01,2023-05-24T19:07,Rainy,1,31,30.08,0.3,29.5,31.82714286,0.985714286,124,150,1.32
Islamabad,33.6844,73.0479,5/25/2023,Thursday,5,Spring,0,32.5,20.9,25.2,34.7,21.6,Hot,6.4,6.4,0,Light Rain,18.5,90,53.25,947.22,30.04,0,14.64,2023-05-25T05:01,2023-05-25T19:08,Rainy,1,26.4,50.42,6.6,29.3,33.65428571,1.9,179,176,1.48
Islamabad,33.6844,73.0479,5/26/2023,Friday,5,Spring,0,26.2,19.2,22.4,27.4,18.6,Moderate,16.2,16.2,0,Heavy Rain,20.5,78,64.58,948.25,54.67,0,15.05,2023-05-26T05:01,2023-05-26T19:08,Rainy,1,25.2,53.25,6.4,28.52857143,37.96857143,4.214285714,33,35,1.08
Islamabad,33.6844,73.0479,5/27/2023,Saturday,5,Spring,1,31.2,19.3,25.3,32.5,19.2,Hot,0,0,0,No Rain,10.6,11,44.75,947.87,1.33,0,11.67,2023-05-27T05:00,2023-05-27T19:09,Sunny,0,22.4,64.58,16.2,27.9,40.61142857,4.214285714,100,69,1.69
Islamabad,33.6844,73.0479,5/28/2023,Sunday,5,Spring,1,33,20.7,26.8,34.1,20,Hot,0,0,0,No Rain,14.6,293,43.5,948.8,57.46,0,12.8,2023-05-28T05:00,2023-05-28T19:10,Moderate,3,25.3,44.75,0,27.15714286,43.88,4.214285714,186,80,1.83
Islamabad,33.6844,73.0479,5/29/2023,Monday,5,Spring,0,32.2,22.5,26.4,33.1,22.9,Hot,0.2,0.2,0,Light Rain,13.4,311,49.5,950.66,99.88,0,14.46,2023-05-29T04:59,2023-05-29T19:10,Rainy,1,26.8,43.5,0,26.21428571,48.01142857,4.242857143,147,142,1.49
Islamabad,33.6844,73.0479,5/30/2023,Tuesday,5,Spring,0,29.6,20,23.7,31.2,20.2,Moderate,1.1,1.1,0,Light Rain,14.8,43,60.83,951.66,84.04,0,15.39,2023-05-30T04:59,2023-05-30T19:11,Rainy,1,26.4,49.5,0.2,25.17142857,52.40428571,4.357142857,194,105,1.15
Islamabad,33.6844,73.0479,5/31/2023,Wednesday,5,Spring,0,24.8,18.8,21.6,25.1,19.7,Moderate,8,8,0,Light Rain,19.1,68,70.08,949.18,99.96,0,15.7,2023-05-31T04:59,2023-05-31T19:12,Rainy,1,23.7,60.83,1.1,24.48571429,55.21285714,4.557142857,81,219,0.87
Islamabad,33.6844,73.0479,6/1/2023,Thursday,6,Summer,0,24.6,16.9,19.3,25.9,17.9,Moderate,29.3,29.3,0,Heavy Rain,15.1,98,86.75,949.3,99.92,0,16.9,2023-06-01T04:58,2023-06-01T19:12,Rainy,1,21.6,70.08,8,23.64285714,59.99857143,7.828571429,43,49,1.59
Islamabad,33.6844,73.0479,6/2/2023,Friday,6,Summer,0,29.1,16.7,23.4,31.5,17.6,Moderate,0.5,0.5,0,Light Rain,8.7,327,60.96,948.18,35.58,0,14.75,2023-06-02T04:58,2023-06-02T19:13,Rainy,1,19.3,86.75,29.3,23.78571429,59.48142857,5.585714286,25,132,0.83
Islamabad,33.6844,73.0479,6/3/2023,Saturday,6,Summer,1,30.5,18.6,25.1,32.4,19.3,Hot,1.3,1.3,0,Light Rain,8,331,55.79,948.68,16.92,0,15.12,2023-06-03T04:58,2023-06-03T19:13,Rainy,1,23.4,60.96,0.5,23.75714286,61.05857143,5.771428571,70,228,0.54
Islamabad,33.6844,73.0479,6/4/2023,Sunday,6,Summer,1,32,20.1,26.8,33.6,20.5,Hot,0,0,0,No Rain,12.1,320,50.54,948.59,32.54,0,15.08,2023-06-04T04:57,2023-06-04T19:14,Moderate,3,25.1,55.79,1.3,23.75714286,62.06428571,5.771428571,199,141,0.54
Islamabad,33.6844,73.0479,6/5/2023,Monday,6,Summer,0,32.5,20.8,27,36.3,20.7,Hot,0,0,0,No Rain,14.5,355,46.21,946.43,22.71,0,13.8,2023-06-05T04:57,2023-06-05T19:14,Sunny,0,26.8,50.54,0,23.84285714,61.59428571,5.742857143,79,117,0.96
Islamabad,33.6844,73.0479,6/6/2023,Tuesday,6,Summer,0,33.7,21.2,27.8,34.8,20.5,Hot,0,0,0,No Rain,17.8,62,38.83,946.64,15,0,12.03,2023-06-06T04:57,2023-06-06T19:15,Sunny,0,27,46.21,0,24.42857143,58.45142857,5.585714286,178,132,1.26
Islamabad,33.6844,73.0479,6/7/2023,Wednesday,6,Summer,0,31.2,22.1,26.9,32.6,22.1,Hot,0,0,0,No Rain,22.2,72,50.25,947.16,19.33,0,15.48,2023-06-07T04:57,2023-06-07T19:15,Sunny,0,27.8,38.83,0,25.18571429,55.61857143,4.442857143,72,37,0.3
Islamabad,33.6844,73.0479,6/8/2023,Thursday,6,Summer,0,35,22.8,28.9,38.1,24.1,Hot,0,0,0,No Rain,6.9,15,45.92,946.18,9.21,0,15.45,2023-06-08T04:57,2023-06-08T19:16,Sunny,0,26.9,50.25,0,26.55714286,49.78571429,0.257142857,91,249,0.83
Islamabad,33.6844,73.0479,6/9/2023,Friday,6,Summer,0,36.7,23.5,30.3,39.2,24,Hot,0,0,0,No Rain,12.1,84,41.12,943.09,11.92,0,15.06,2023-06-09T04:57,2023-06-09T19:16,Sunny,0,28.9,45.92,0,27.54285714,46.95142857,0.185714286,28,146,0.78
Islamabad,33.6844,73.0479,6/10/2023,Saturday,6,Summer,1,38.2,23.7,31,40.1,23.6,Hot,0,0,0,No Rain,20.7,58,40.38,941.6,43.21,0,15.31,2023-06-10T04:57,2023-06-10T19:17,Moderate,3,30.3,41.12,0,28.38571429,44.75,0,160,54,0.1
Islamabad,33.6844,73.0479,6/11/2023,Sunday,6,Summer,1,36.5,24.2,29.9,38.8,26,Hot,0,0,0,No Rain,10.1,66,48.21,942.45,36.88,0,16.92,2023-06-11T04:57,2023-06-11T19:17,Moderate,3,31,40.38,0,28.82857143,44.41714286,0,56,54,1.83
Islamabad,33.6844,73.0479,6/12/2023,Monday,6,Summer,0,35.9,24.1,30.3,38.5,24.8,Hot,0,0,0,No Rain,9.7,53,44.33,941.77,20.33,0,16.34,2023-06-12T04:57,2023-06-12T19:18,Sunny,0,29.9,48.21,0,29.3,44.14857143,0,47,105,1.89
Islamabad,33.6844,73.0479,6/13/2023,Tuesday,6,Summer,0,38,25.2,31.5,40,25.8,Hot,0.8,0.8,0,Light Rain,22.8,329,40.29,941.82,18.04,0,15.72,2023-06-13T04:57,2023-06-13T19:18,Rainy,1,30.3,44.33,0,29.82857143,44.35714286,0.114285714,182,279,1.06
Islamabad,33.6844,73.0479,6/14/2023,Wednesday,6,Summer,0,36.8,23.8,31.1,38,24.8,Hot,0,0,0,No Rain,16.6,103,41.29,942.01,23.17,0,15.82,2023-06-14T04:57,2023-06-14T19:19,Sunny,0,31.5,40.29,0.8,30.42857143,43.07714286,0.114285714,127,159,0.9
Islamabad,33.6844,73.0479,6/15/2023,Thursday,6,Summer,0,33.9,23.9,29,35.7,25.3,Hot,0.9,0.9,0,Light Rain,14.7,100,49.5,943.78,15.92,0,17,2023-06-15T04:57,2023-06-15T19:19,Rainy,1,31.1,41.29,0,30.44285714,43.58857143,0.242857143,88,77,0.2
Islamabad,33.6844,73.0479,6/16/2023,Friday,6,Summer,0,35.2,23.6,29.4,38.2,27,Hot,0.1,0.1,0,Light Rain,11.1,313,54.17,943.34,7.29,0,18.57,2023-06-16T04:57,2023-06-16T19:19,Rainy,1,29,49.5,0.9,30.31428571,45.45285714,0.257142857,183,189,1.53
Islamabad,33.6844,73.0479,6/17/2023,Saturday,6,Summer,1,37.2,25.5,31.4,40.1,27.5,Hot,0,0,0,No Rain,8.4,19,46,943.48,10.12,0,17.79,2023-06-17T04:57,2023-06-17T19:20,Sunny,0,29.4,54.17,0.1,30.37142857,46.25571429,0.257142857,22,265,1
Islamabad,33.6844,73.0479,6/18/2023,Sunday,6,Summer,1,38.8,26.6,32.5,41.2,27.5,Hot,0,0,0,No Rain,15.3,24,42.25,943.53,14.71,0,17.54,2023-06-18T04:57,2023-06-18T19:20,Sunny,0,31.4,46,0,30.74285714,45.40428571,0.257142857,168,91,0.48
Islamabad,33.6844,73.0479,6/19/2023,Monday,6,Summer,0,37.2,25.4,31.7,40.6,29.8,Hot,0.1,0.1,0,Light Rain,12.6,354,52.38,943.38,3.42,0,20.19,2023-06-19T04:57,2023-06-19T19:20,Rainy,1,32.5,42.25,0,30.94285714,46.55428571,0.271428571,37,69,1.38
Islamabad,33.6844,73.0479,6/20/2023,Tuesday,6,Summer,0,39.9,27.1,33.1,42.5,29.7,Hot,0,0,0,No Rain,12.9,344,44.62,941.86,0.54,0,18.6,2023-06-20T04:57,2023-06-20T19:21,Sunny,0,31.7,52.38,0.1,31.17142857,47.17285714,0.157142857,177,219,1.91
Islamabad,33.6844,73.0479,6/21/2023,Wednesday,6,Summer,0,40.7,28.5,34,44.7,30.3,Hot,0,0,0,No Rain,12.2,82,46.17,942.23,2.83,0,20.16,2023-06-21T04:58,2023-06-21T19:21,Sunny,0,33.1,44.62,0,31.58571429,47.87,0.157142857,58,57,1.02
Islamabad,33.6844,73.0479,6/22/2023,Thursday,6,Summer,0,41.9,28.8,35.1,46,32.4,Very Hot,0,0,0,No Rain,12.5,84,49.58,942.16,3.58,0,22.08,2023-06-22T04:58,2023-06-22T19:21,Sunny,0,34,46.17,0,32.45714286,47.88142857,0.028571429,160,33,1.86
Islamabad,33.6844,73.0479,6/23/2023,Friday,6,Summer,0,41.6,30,35,46,34.8,Hot,0,0,0,No Rain,19.9,95,53.17,941.96,3.46,0,23.4,2023-06-23T04:58,2023-06-23T19:21,Sunny,0,35.1,49.58,0,33.25714286,47.73857143,0.014285714,165,131,0.58
Islamabad,33.6844,73.0479,6/24/2023,Saturday,6,Summer,1,39.6,30,34.3,44.3,34.8,Hot,0,0,0,No Rain,18.7,103,53.5,941.99,10.04,0,22.91,2023-06-24T04:58,2023-06-24T19:21,Sunny,0,35,53.17,0,33.67142857,48.81,0.014285714,195,200,1.29
Islamabad,33.6844,73.0479,6/25/2023,Sunday,6,Summer,1,36.6,26.4,31.5,40.6,29.3,Hot,19.9,19.9,0,Heavy Rain,20.6,106,62.29,942.07,31.17,0,23.2,2023-06-25T04:59,2023-06-25T19:21,Rainy,1,34.3,53.5,0,33.52857143,51.67285714,2.857142857,33,88,1.88
Islamabad,33.6844,73.0479,6/26/2023,Monday,6,Summer,0,31.5,23.6,27.2,35.7,26.5,Hot,16.5,16.5,0,Heavy Rain,18.1,100,74.33,945.15,64.71,0,21.92,2023-06-26T04:59,2023-06-26T19:22,Rainy,1,31.5,62.29,19.9,32.88571429,54.80857143,5.2,152,30,1.06
Islamabad,33.6844,73.0479,6/27/2023,Tuesday,6,Summer,0,35.2,23.4,29.5,39.6,26.2,Hot,0.9,0.9,0,Light Rain,14.1,71,60.71,943.95,16.08,0,20.58,2023-06-27T04:59,2023-06-27T19:22,Rainy,1,27.2,74.33,16.5,32.37142857,57.10714286,5.328571429,100,47,1.59
Islamabad,33.6844,73.0479,6/28/2023,Wednesday,6,Summer,0,33.7,23.6,28.7,39.4,26.3,Hot,12.4,12.4,0,Heavy Rain,13.5,343,68,945.33,37.04,0,21.78,2023-06-28T04:59,2023-06-28T19:22,Rainy,1,29.5,60.71,0.9,31.61428571,60.22571429,7.1,157,240,1.76
Islamabad,33.6844,73.0479,6/29/2023,Thursday,6,Summer,0,33,23.5,28.6,38.6,26.6,Hot,9.8,9.8,0,Light Rain,12,78,67.62,943.96,23.12,0,21.7,2023-06-29T05:00,2023-06-29T19:22,Rainy,1,28.7,68,12.4,30.68571429,62.80285714,8.5,99,163,1.25
Islamabad,33.6844,73.0479,6/30/2023,Friday,6,Summer,0,33.2,22,28.2,39,24.2,Hot,10.5,10.5,0,Heavy Rain,17.7,43,68.04,942.53,16.46,0,21.4,2023-06-30T05:00,2023-06-30T19:22,Rainy,1,28.6,67.62,9.8,29.71428571,64.92714286,10,83,270,1.59
Islamabad,33.6844,73.0479,7/1/2023,Saturday,7,Summer,1,33.5,24.5,28.7,37.7,26.6,Hot,0.1,0.1,0,Light Rain,15.6,316,65.67,942.91,8.17,0,21.35,2023-07-01T05:01,2023-07-01T19:22,Rainy,1,28.2,68.04,10.5,28.91428571,66.66571429,10.01428571,59,189,1.83
Islamabad,33.6844,73.0479,7/2/2023,Sunday,7,Summer,1,34.4,21.7,29.4,39,24.2,Hot,0,0,0,No Rain,12.2,313,65.58,943.44,2.04,0,21.96,2023-07-02T05:01,2023-07-02T19:22,Sunny,0,28.7,65.67,0.1,28.61428571,67.13571429,7.171428571,23,263,0.21
Islamabad,33.6844,73.0479,7/3/2023,Monday,7,Summer,0,36.1,26.8,31.2,42.2,30.1,Hot,0,0,0,No Rain,12.8,89,61.83,942.9,5.58,0,22.82,2023-07-03T05:01,2023-07-03T19:22,Sunny,0,29.4,65.58,0,29.18571429,65.35,4.814285714,177,223,1.04
Islamabad,33.6844,73.0479,7/4/2023,Tuesday,7,Summer,0,33.4,24.7,28.2,38.1,28,Hot,8.2,8.2,0,Light Rain,18.7,88,72.79,941.48,47.62,0,22.62,2023-07-04T05:02,2023-07-04T19:22,Rainy,1,31.2,61.83,0,29,67.07571429,5.857142857,120,135,0.88
Islamabad,33.6844,73.0479,7/5/2023,Wednesday,7,Summer,0,30.2,22.4,25.8,33.1,25.5,Hot,23.4,23.4,0,Heavy Rain,23.5,108,80.75,941.91,48.17,0,22.07,2023-07-05T05:02,2023-07-05T19:21,Rainy,1,28.2,72.79,8.2,28.58571429,68.89714286,7.428571429,68,51,0.37
Islamabad,33.6844,73.0479,7/6/2023,Thursday,7,Summer,0,31.2,23.1,27,35.6,27.1,Hot,0.2,0.2,0,Light Rain,12.3,110,75.62,944.63,25.54,0,22.07,2023-07-06T05:03,2023-07-06T19:21,Rainy,1,25.8,80.75,23.4,28.35714286,70.04,6.057142857,43,224,0.83
Islamabad,33.6844,73.0479,7/7/2023,Friday,7,Summer,0,29.7,22.5,26,33.2,25.2,Hot,18.2,18.2,0,Heavy Rain,12.4,86,78.29,945.63,60.17,0,21.78,2023-07-07T05:03,2023-07-07T19:21,Rainy,1,27,75.62,0.2,28.04285714,71.50428571,7.157142857,142,197,0.33
Islamabad,33.6844,73.0479,7/8/2023,Saturday,7,Summer,1,29.5,22.7,26.2,33.5,26.6,Hot,6.1,6.1,0,Light Rain,13.8,116,73.38,945.75,81.83,0,20.9,2023-07-08T05:04,2023-07-08T19:21,Rainy,1,26,78.29,18.2,27.68571429,72.60571429,8.014285714,192,83,0.28
Islamabad,33.6844,73.0479,7/9/2023,Sunday,7,Summer,1,32.3,22.4,27.2,37.7,25.8,Hot,0.1,0.1,0,Light Rain,11.5,168,73.79,944.34,12.58,0,21.77,2023-07-09T05:05,2023-07-09T19:21,Rainy,1,26.2,73.38,6.1,27.37142857,73.77857143,8.028571429,121,269,0.93
Islamabad,33.6844,73.0479,7/10/2023,Monday,7,Summer,0,31.7,22.5,26.8,36.3,26,Hot,0.2,0.2,0,Light Rain,16.1,311,71.71,944.81,26.33,0,20.97,2023-07-10T05:05,2023-07-10T19:20,Rainy,1,27.2,73.79,0.1,26.74285714,75.19,8.057142857,145,223,1.83
Islamabad,33.6844,73.0479,7/11/2023,Tuesday,7,Summer,0,34,23.6,28.6,37.6,26.8,Hot,0,0,0,No Rain,13.6,322,62.25,944.17,0,0,20.14,2023-07-11T05:06,2023-07-11T19:20,Sunny,0,26.8,71.71,0.2,26.8,73.68428571,6.885714286,137,236,0.29
Islamabad,33.6844,73.0479,7/12/2023,Wednesday,7,Summer,0,35,24.1,29.7,39.3,26.1,Hot,2.6,2.6,0,Light Rain,12.8,47,64.04,943.32,7.5,0,21.97,2023-07-12T05:06,2023-07-12T19:20,Rainy,1,28.6,62.25,0,27.35714286,71.29714286,3.914285714,120,150,0.61
Islamabad,33.6844,73.0479,7/13/2023,Thursday,7,Summer,0,34,23.4,29.1,39.5,26.3,Hot,0,0,0,No Rain,12,116,69.88,944.01,14.88,0,22.82,2023-07-13T05:07,2023-07-13T19:20,Sunny,0,29.7,64.04,2.6,27.65714286,70.47714286,3.885714286,50,188,1.33
Islamabad,33.6844,73.0479,7/14/2023,Friday,7,Summer,0,33.6,24.3,28.8,39.5,28.5,Hot,2.1,2.1,0,Light Rain,15.7,89,71.58,944.85,23.62,0,22.92,2023-07-14T05:07,2023-07-14T19:19,Rainy,1,29.1,69.88,0,28.05714286,69.51857143,1.585714286,22,87,1.22
Islamabad,33.6844,73.0479,7/15/2023,Saturday,7,Summer,1,32.6,24.1,28.3,39.2,27.8,Hot,12.3,12.3,0,Heavy Rain,13.8,63,74.88,943.8,71.33,0,23.22,2023-07-15T05:08,2023-07-15T19:19,Rainy,1,28.8,71.58,2.1,28.35714286,69.73285714,2.471428571,166,203,0.36
Islamabad,33.6844,73.0479,7/16/2023,Sunday,7,Summer,1,32.1,24.6,28.1,38.2,30.2,Hot,6.1,6.1,0,Light Rain,13,103,77.96,944.15,36.75,0,23.82,2023-07-16T05:09,2023-07-16T19:18,Rainy,1,28.3,74.88,12.3,28.48571429,70.32857143,3.328571429,198,63,1.09
Islamabad,33.6844,73.0479,7/17/2023,Monday,7,Summer,0,34.3,24.8,29.8,41,28.7,Hot,3.2,3.2,0,Light Rain,7.2,297,70.04,943.3,9.71,0,23.45,2023-07-17T05:09,2023-07-17T19:18,Rainy,1,28.1,77.96,6.1,28.91428571,70.09,3.757142857,172,293,0.33
Islamabad,33.6844,73.0479,7/18/2023,Tuesday,7,Summer,0,33.3,25.5,29.2,39.9,30.8,Hot,0.5,0.5,0,Light Rain,12.7,111,76.83,942.77,24.67,0,24.62,2023-07-18T05:10,2023-07-18T19:17,Rainy,1,29.8,70.04,3.2,29,72.17285714,3.828571429,65,231,1.22
Islamabad,33.6844,73.0479,7/19/2023,Wednesday,7,Summer,0,27.8,24.1,25.5,32.9,28,Hot,44.1,44.1,0,Heavy Rain,14.8,85,91.33,943.61,96.88,0,24,2023-07-19T05:10,2023-07-19T19:17,Rainy,1,29.2,76.83,0.5,28.4,76.07142857,9.757142857,62,185,0.27
Islamabad,33.6844,73.0479,7/20/2023,Thursday,7,Summer,0,32.4,23.6,28,38.8,27.9,Hot,3.8,3.8,0,Light Rain,13,74,79,944.02,55.54,0,23.72,2023-07-20T05:11,2023-07-20T19:16,Rainy,1,25.5,91.33,44.1,28.24285714,77.37428571,10.3,199,124,1.65
Islamabad,33.6844,73.0479,7/21/2023,Friday,7,Summer,0,32.5,26.1,28.6,39.4,31.5,Hot,1.4,1.4,0,Light Rain,12.4,88,80.46,945.11,52.17,0,24.8,2023-07-21T05:12,2023-07-21T19:16,Rainy,1,28,79,3.8,28.21428571,78.64285714,10.2,167,280,1.01
Islamabad,33.6844,73.0479,7/22/2023,Saturday,7,Summer,1,30,24.2,26.6,35.2,28.5,Hot,7.5,7.5,0,Light Rain,21.2,95,84.71,947.83,30.5,0,23.77,2023-07-22T05:12,2023-07-22T19:15,Rainy,1,28.6,80.46,1.4,27.97142857,80.04714286,9.514285714,160,98,1.27
Islamabad,33.6844,73.0479,7/23/2023,Sunday,7,Summer,1,30.6,23.3,27,36.9,27.6,Hot,2.8,2.8,0,Light Rain,15.1,49,78.46,948.58,22.88,0,22.79,2023-07-23T05:13,2023-07-23T19:15,Rainy,1,26.6,84.71,7.5,27.81428571,80.11857143,9.042857143,163,261,1.19
Islamabad,33.6844,73.0479,7/24/2023,Monday,7,Summer,0,32.3,25.4,28.8,37.8,29.4,Hot,0,0,0,No Rain,6.7,3,70.04,945.72,57.25,0,22.58,2023-07-24T05:14,2023-07-24T19:14,Moderate,3,27,78.46,2.8,27.67142857,80.11857143,8.585714286,151,148,0.51
Islamabad,33.6844,73.0479,7/25/2023,Tuesday,7,Summer,0,31.4,23.9,27,36.9,27.2,Hot,8.1,8.1,0,Light Rain,11,65,84.38,945.49,59.46,0,24.05,2023-07-25T05:14,2023-07-25T19:13,Rainy,1,28.8,70.04,0,27.35714286,81.19714286,9.671428571,101,233,0.16
Islamabad,33.6844,73.0479,7/26/2023,Wednesday,7,Summer,0,30.4,24.9,27.6,36.9,28.8,Hot,9.8,9.8,0,Light Rain,13.4,98,84,945.93,53.21,0,24.57,2023-07-26T05:15,2023-07-26T19:13,Rainy,1,27,84.38,8.1,27.65714286,80.15,4.771428571,135,108,1.65
Islamabad,33.6844,73.0479,7/27/2023,Thursday,7,Summer,0,30.3,23.2,26.7,35.3,27.1,Hot,4.3,4.3,0,Light Rain,11.2,94,82.54,945.66,41.5,0,23.4,2023-07-27T05:16,2023-07-27T19:12,Rainy,1,27.6,84,9.8,27.47142857,80.65571429,4.842857143,154,133,1.54
Islamabad,33.6844,73.0479,7/28/2023,Friday,7,Summer,0,30.1,23.5,26.1,37.3,27.7,Hot,6.6,6.6,0,Light Rain,12.3,80,82.54,943.17,42.46,0,22.83,2023-07-28T05:17,2023-07-28T19:11,Rainy,1,26.7,82.54,4.3,27.11428571,80.95285714,5.585714286,21,167,0.84
Islamabad,33.6844,73.0479,7/29/2023,Saturday,7,Summer,1,30,22.2,26.4,35.9,25.5,Hot,15.5,15.5,0,Heavy Rain,9.9,82,79.92,942.83,31.12,0,22.48,2023-07-29T05:17,2023-07-29T19:11,Rainy,1,26.1,82.54,6.6,27.08571429,80.26857143,6.728571429,200,55,0.31
Islamabad,33.6844,73.0479,7/30/2023,Sunday,7,Summer,1,32.3,23.7,28.2,37.6,28,Hot,0,0,0,No Rain,9.8,300,73.38,942.22,5.46,0,22.73,2023-07-30T05:18,2023-07-30T19:10,Sunny,0,26.4,79.92,15.5,27.25714286,79.54285714,6.328571429,43,229,1.36
Islamabad,33.6844,73.0479,7/31/2023,Monday,7,Summer,0,32.2,24,28.2,39.4,28.5,Hot,6.2,6.2,0,Light Rain,9.4,339,75.92,941.6,27.92,0,23.43,2023-07-31T05:19,2023-07-31T19:09,Rainy,1,28.2,73.38,0,27.17142857,80.38285714,7.214285714,51,49,0.43
Islamabad,33.6844,73.0479,8/1/2023,Tuesday,8,Summer,0,33.5,25.3,29.4,40.2,29.6,Hot,0.3,0.3,0,Light Rain,6.9,67,70.83,940.53,7.21,0,23.37,2023-08-01T05:19,2023-08-01T19:08,Rainy,1,28.2,75.92,6.2,27.51428571,78.44714286,6.1,171,158,0.31
Islamabad,33.6844,73.0479,8/2/2023,Wednesday,8,Summer,0,33.9,26.1,29.7,40.8,30.4,Hot,1.1,1.1,0,Light Rain,10.5,80,72.38,940.62,15.79,0,24,2023-08-02T05:20,2023-08-02T19:07,Rainy,1,29.4,70.83,0.3,27.81428571,76.78714286,4.857142857,192,140,1.28
Islamabad,33.6844,73.0479,8/3/2023,Thursday,8,Summer,0,33,23.7,28.3,40.3,28.4,Hot,7.6,7.6,0,Light Rain,8.7,108,75.88,941.48,26.5,0,23.39,2023-08-03T05:21,2023-08-03T19:06,Rainy,1,29.7,72.38,1.1,28.04285714,75.83571429,5.328571429,60,66,1.02
Islamabad,33.6844,73.0479,8/4/2023,Friday,8,Summer,0,34.3,23.2,28.8,41.4,25.9,Hot,11.9,11.9,0,Heavy Rain,15.4,88,75.88,943,27.46,0,23.92,2023-08-04T05:21,2023-08-04T19:06,Rainy,1,28.3,75.88,7.6,28.42857143,74.88428571,6.085714286,47,45,1.81
Islamabad,33.6844,73.0479,8/5/2023,Saturday,8,Summer,1,32,23.5,27.4,38.9,28.1,Hot,8.7,8.7,0,Light Rain,13.1,85,81.38,945.04,39.58,0,23.88,2023-08-05T05:22,2023-08-05T19:05,Rainy,1,28.8,75.88,11.9,28.57142857,75.09285714,5.114285714,133,190,0.63
Islamabad,33.6844,73.0479,8/6/2023,Sunday,8,Summer,1,32.1,23.8,28.2,40.3,28.9,Hot,4.6,4.6,0,Light Rain,15.1,114,80.54,941.63,29.29,0,24.36,2023-08-06T05:23,2023-08-06T19:04,Rainy,1,27.4,81.38,8.7,28.57142857,76.11571429,5.771428571,93,285,1.6
Islamabad,33.6844,73.0479,8/7/2023,Monday,8,Summer,0,31.1,22.6,27,37.4,26,Hot,4.9,4.9,0,Light Rain,10.1,75,80.21,939.8,27,0,23.1,2023-08-07T05:24,2023-08-07T19:03,Rainy,1,28.2,80.54,4.6,28.4,76.72857143,5.585714286,95,108,1.98
Islamabad,33.6844,73.0479,8/8/2023,Tuesday,8,Summer,0,32.6,23,27.8,39,25.9,Hot,0.3,0.3,0,Light Rain,8.1,357,72.46,940.57,7.75,0,22.12,2023-08-08T05:24,2023-08-08T19:02,Rainy,1,27,80.21,4.9,28.17142857,76.96142857,5.585714286,68,71,1.71
Islamabad,33.6844,73.0479,8/9/2023,Wednesday,8,Summer,0,33.1,25.2,29.2,40.2,29.2,Hot,0.2,0.2,0,Light Rain,12.7,102,75,943.97,9.92,0,24.21,2023-08-09T05:25,2023-08-09T19:01,Rainy,1,27.8,72.46,0.3,28.1,77.33571429,5.457142857,82,86,1.12
Islamabad,33.6844,73.0479,8/10/2023,Thursday,8,Summer,0,32.3,24.1,27.6,39.8,27,Hot,14.9,14.9,0,Heavy Rain,22,72,82.96,945.61,41.12,0,24.33,2023-08-10T05:26,2023-08-10T19:00,Rainy,1,29.2,75,0.2,28,78.34714286,6.5,120,242,1.86
Islamabad,33.6844,73.0479,8/11/2023,Friday,8,Summer,0,32.4,23.2,27.7,39.7,26.3,Hot,18.6,18.6,0,Heavy Rain,13.6,89,80.96,945.8,23.29,0,23.88,2023-08-11T05:26,2023-08-11T18:59,Rainy,1,27.6,82.96,14.9,27.84285714,79.07285714,7.457142857,91,275,1.95
Islamabad,33.6844,73.0479,8/12/2023,Saturday,8,Summer,1,33.5,24.2,29.5,40.7,26.5,Hot,1.2,1.2,0,Light Rain,16.9,80,74.17,943.25,17.58,0,24.3,2023-08-12T05:27,2023-08-12T18:58,Rainy,1,27.7,80.96,18.6,28.14285714,78.04285714,6.385714286,21,161,1.6
Islamabad,33.6844,73.0479,8/13/2023,Sunday,8,Summer,1,34.1,26.6,30,40.2,31.1,Hot,1.1,1.1,0,Light Rain,14.7,99,71.79,940.53,17.38,0,24.18,2023-08-13T05:28,2023-08-13T18:57,Rainy,1,29.5,74.17,1.2,28.4,76.79285714,5.885714286,47,71,1.73
Islamabad,33.6844,73.0479,8/14/2023,Monday,8,Summer,0,30.7,23.3,26.7,36.6,26,Hot,20.1,20.1,0,Heavy Rain,15.1,85,83.54,944.6,55.96,0,23.58,2023-08-14T05:29,2023-08-14T18:56,Rainy,1,30,71.79,1.1,28.35714286,77.26857143,8.057142857,30,45,0.74
Islamabad,33.6844,73.0479,8/15/2023,Tuesday,8,Summer,0,31.4,22.1,26.3,36.5,25.3,Hot,2.6,2.6,0,Light Rain,9.3,33,79.04,946.85,40.5,0,22.19,2023-08-15T05:29,2023-08-15T18:55,Rainy,1,26.7,83.54,20.1,28.14285714,78.20857143,8.385714286,33,99,0.99
Islamabad,33.6844,73.0479,8/16/2023,Wednesday,8,Summer,0,32.2,24.3,27.7,39.2,28.6,Hot,2.3,2.3,0,Light Rain,9,78,78.5,946.27,22.46,0,23.54,2023-08-16T05:30,2023-08-16T18:54,Rainy,1,26.3,79.04,2.6,27.92857143,78.70857143,8.685714286,28,212,1.88
Islamabad,33.6844,73.0479,8/17/2023,Thursday,8,Summer,0,31.9,24.7,28.2,38.8,28.6,Hot,2.8,2.8,0,Light Rain,9.8,87,77.67,945.34,17.79,0,23.82,2023-08-17T05:31,2023-08-17T18:52,Rainy,1,27.7,78.5,2.3,28.01428571,77.95285714,6.957142857,182,262,1.44
Islamabad,33.6844,73.0479,8/18/2023,Friday,8,Summer,0,32,23.7,28.3,39.5,27.9,Hot,0.9,0.9,0,Light Rain,6.6,79,76.12,945.88,13.62,0,23.57,2023-08-18T05:31,2023-08-18T18:51,Rainy,1,28.2,77.67,2.8,28.1,77.26142857,4.428571429,188,103,1.89
Islamabad,33.6844,73.0479,8/19/2023,Saturday,8,Summer,1,33.7,24.9,29.4,40.3,28.7,Hot,1.4,1.4,0,Light Rain,9.2,26,72.71,946.8,12.5,0,23.72,2023-08-19T05:32,2023-08-19T18:50,Rainy,1,28.3,76.12,0.9,28.08571429,77.05285714,4.457142857,86,98,1.58
Islamabad,33.6844,73.0479,8/20/2023,Sunday,8,Summer,1,33.9,25.7,29.7,40.6,30.4,Hot,0,0,0,No Rain,8.2,40,73.96,947.32,9.5,0,24.32,2023-08-20T05:33,2023-08-20T18:49,Sunny,0,29.4,72.71,1.4,28.04285714,77.36285714,4.3,135,142,0.22
Islamabad,33.6844,73.0479,8/21/2023,Monday,8,Summer,0,34.8,26.4,30.3,40.8,31.1,Hot,0.2,0.2,0,Light Rain,8.7,24,71.71,945.21,8.71,0,24.36,2023-08-21T05:34,2023-08-21T18:48,Rainy,1,29.7,73.96,0,28.55714286,75.67285714,1.457142857,155,263,1.94
Islamabad,33.6844,73.0479,8/22/2023,Tuesday,8,Summer,0,35.6,27.1,31.1,41.2,31.1,Hot,0,0,0,No Rain,10.8,3,65.83,942.69,7.92,0,23.77,2023-08-22T05:34,2023-08-22T18:47,Sunny,0,30.3,71.71,0.2,29.24285714,73.78571429,1.085714286,55,145,1.39
Islamabad,33.6844,73.0479,8/23/2023,Wednesday,8,Summer,0,34.5,24.8,29.4,41.7,28.5,Hot,11.3,11.3,0,Heavy Rain,21.1,83,73.42,941.03,24.83,0,24,2023-08-23T05:35,2023-08-23T18:45,Rainy,1,31.1,65.83,0,29.48571429,73.06,2.371428571,153,63,1.62
Islamabad,33.6844,73.0479,8/24/2023,Thursday,8,Summer,0,30.1,22.6,25.7,34.2,26.5,Hot,24.1,24.1,0,Heavy Rain,11.1,83,82.54,941.36,70.75,0,22.4,2023-08-24T05:36,2023-08-24T18:44,Rainy,1,29.4,73.42,11.3,29.12857143,73.75571429,5.414285714,154,272,1.23
Islamabad,33.6844,73.0479,8/25/2023,Friday,8,Summer,0,29.7,21.9,25.7,34.4,23.3,Hot,13.2,13.2,0,Heavy Rain,19.6,106,81.29,941.77,37.67,0,22.1,2023-08-25T05:36,2023-08-25T18:43,Rainy,1,25.7,82.54,24.1,28.75714286,74.49428571,7.171428571,60,227,1.25
Islamabad,33.6844,73.0479,8/26/2023,Saturday,8,Summer,1,29.5,22.4,25.8,34.9,25.3,Hot,6,6,0,Light Rain,10.1,73,79.71,943.81,30.33,0,21.95,2023-08-26T05:37,2023-08-26T18:42,Rainy,1,25.7,81.29,13.2,28.24285714,75.49428571,7.828571429,146,101,1.95
Islamabad,33.6844,73.0479,8/27/2023,Sunday,8,Summer,1,31.3,23.5,27.2,35.9,27,Hot,0,0,0,No Rain,9.8,349,69.17,943.44,5.79,0,20.91,2023-08-27T05:38,2023-08-27T18:40,Sunny,0,25.8,79.71,6,27.88571429,74.81,7.828571429,35,140,1.26
Islamabad,33.6844,73.0479,8/28/2023,Monday,8,Summer,0,31.3,21.6,26.2,36.3,23.3,Hot,3.1,3.1,0,Light Rain,13,77,72,943.23,19.5,0,20.55,2023-08-28T05:38,2023-08-28T18:39,Rainy,1,27.2,69.17,0,27.3,74.85142857,8.242857143,141,287,0.23
Islamabad,33.6844,73.0479,8/29/2023,Tuesday,8,Summer,0,31.4,22.8,26.5,35.8,25.5,Hot,1.9,1.9,0,Light Rain,13.7,319,73.04,946.15,25.71,0,21.08,2023-08-29T05:39,2023-08-29T18:38,Rainy,1,26.2,72,3.1,26.64285714,75.88142857,8.514285714,187,122,1.86
Islamabad,33.6844,73.0479,8/30/2023,Wednesday,8,Summer,0,33.3,22.2,27.4,37.4,24.8,Hot,0,0,0,No Rain,8.4,359,65.54,947.22,0.04,0,20.01,2023-08-30T05:40,2023-08-30T18:37,Sunny,0,26.5,73.04,1.9,26.35714286,74.75571429,6.9,55,31,1.92
Islamabad,33.6844,73.0479,8/31/2023,Thursday,8,Summer,0,33.4,23.2,27.9,39.2,25.3,Hot,0,0,0,No Rain,8.5,64,69,948.03,3.79,0,21.53,2023-08-31T05:40,2023-08-31T18:35,Sunny,0,27.4,65.54,0,26.67142857,72.82142857,3.457142857,122,210,1.03
Islamabad,33.6844,73.0479,9/1/2023,Friday,9,Autumn,0,33.8,24.6,29.1,40,28,Hot,0,0,0,No Rain,9,66,67.88,947.73,17.62,0,22.43,2023-09-01T05:41,2023-09-01T18:34,Sunny,0,27.9,69,0,27.15714286,70.90571429,1.571428571,184,158,0.51
Islamabad,33.6844,73.0479,9/2/2023,Saturday,9,Autumn,1,32.7,25.3,28.9,37.8,29.3,Hot,1.1,1.1,0,Light Rain,17.8,64,67.5,946.64,21.25,0,22.2,2023-09-02T05:42,2023-09-02T18:33,Rainy,1,29.1,67.88,0,27.6,69.16142857,0.871428571,22,161,1.61
Islamabad,33.6844,73.0479,9/3/2023,Sunday,9,Autumn,1,31.6,25,28.2,37.1,28.5,Hot,1.7,1.7,0,Light Rain,8.7,67,68.67,945.73,15.17,0,21.86,2023-09-03T05:42,2023-09-03T18:31,Rainy,1,28.9,67.5,1.1,27.74285714,69.09,1.114285714,127,210,0.12
Islamabad,33.6844,73.0479,9/4/2023,Monday,9,Autumn,0,34.4,24.3,29.2,38.7,27.4,Hot,0,0,0,No Rain,7.6,70,61.54,945.22,10.58,0,20.72,2023-09-04T05:43,2023-09-04T18:30,Sunny,0,28.2,68.67,1.7,28.17142857,67.59571429,0.671428571,177,159,1.16
Islamabad,33.6844,73.0479,9/5/2023,Tuesday,9,Autumn,0,31.8,23.8,27.7,36.8,26.5,Hot,3.3,3.3,0,Light Rain,13.4,31,65.25,947.58,25.75,0,20.51,2023-09-05T05:44,2023-09-05T18:29,Rainy,1,29.2,61.54,0,28.34285714,66.48285714,0.871428571,163,294,0.28
Islamabad,33.6844,73.0479,9/6/2023,Wednesday,9,Autumn,0,32.4,23.4,27.7,36.6,25.7,Hot,0.6,0.6,0,Light Rain,12.4,333,60.88,948.26,13.83,0,19.33,2023-09-06T05:44,2023-09-06T18:27,Rainy,1,27.7,65.25,3.3,28.38571429,65.81714286,0.957142857,146,270,0.46
Islamabad,33.6844,73.0479,9/7/2023,Thursday,9,Autumn,0,34.8,23.7,28.7,38.4,25.5,Hot,0,0,0,No Rain,12.4,331,54.58,947.34,2.83,0,18.3,2023-09-07T05:45,2023-09-07T18:26,Sunny,0,27.7,60.88,0.6,28.5,63.75714286,0.957142857,102,107,0.3
Islamabad,33.6844,73.0479,9/8/2023,Friday,9,Autumn,0,34.6,23.2,28.7,38.3,23.2,Hot,0,0,0,No Rain,9.4,4,52.62,946.59,7.79,0,17.88,2023-09-08T05:46,2023-09-08T18:25,Sunny,0,28.7,54.58,0,28.44285714,61.57714286,0.957142857,41,184,1.97
Islamabad,33.6844,73.0479,9/9/2023,Saturday,9,Autumn,1,34.8,24.5,29,38.5,25.6,Hot,0,0,0,No Rain,10.2,37,58.25,945.81,1.92,0,19.68,2023-09-09T05:46,2023-09-09T18:23,Sunny,0,28.7,52.62,0,28.45714286,60.25571429,0.8,46,136,1.89
Islamabad,33.6844,73.0479,9/10/2023,Sunday,9,Autumn,1,34.2,25.4,29,38.3,28.6,Hot,0,0,0,No Rain,12.1,73,66,944.2,2.29,0,21.72,2023-09-10T05:47,2023-09-10T18:22,Sunny,0,29,58.25,0,28.57142857,59.87428571,0.557142857,145,204,0.35
Islamabad,33.6844,73.0479,9/11/2023,Monday,9,Autumn,0,33.7,24.4,29,38.4,28.9,Hot,0.3,0.3,0,Light Rain,12.6,88,73.17,944.98,15.54,0,23.28,2023-09-11T05:48,2023-09-11T18:20,Rainy,1,29,66,0,28.54285714,61.53571429,0.6,97,171,1.43
Islamabad,33.6844,73.0479,9/12/2023,Tuesday,9,Autumn,0,34.5,25.6,29.5,39,30.3,Hot,0.4,0.4,0,Light Rain,9.7,47,70.25,944.98,8.67,0,23.15,2023-09-12T05:48,2023-09-12T18:19,Rainy,1,29,73.17,0.3,28.8,62.25,0.185714286,26,273,0.59
Islamabad,33.6844,73.0479,9/13/2023,Wednesday,9,Autumn,0,35.4,25.8,30.1,39.6,30.2,Hot,0,0,0,No Rain,8,51,66.79,945.03,5.92,0,22.82,2023-09-13T05:49,2023-09-13T18:18,Sunny,0,29.5,70.25,0.4,29.14285714,63.09428571,0.1,149,159,0.11
Islamabad,33.6844,73.0479,9/14/2023,Thursday,9,Autumn,0,33.7,26.3,29.7,39.1,30.7,Hot,1.4,1.4,0,Light Rain,9.6,91,71,946.44,8.96,0,23.7,2023-09-14T05:50,2023-09-14T18:16,Rainy,1,30.1,66.79,0,29.28571429,65.44,0.3,123,43,0.62
Islamabad,33.6844,73.0479,9/15/2023,Friday,9,Autumn,0,34.9,25.8,29.4,40.1,29.7,Hot,0.7,0.7,0,Light Rain,17.4,103,68.79,947.41,17.96,0,22.79,2023-09-15T05:51,2023-09-15T18:15,Rainy,1,29.7,71,1.4,29.38571429,67.75,0.4,112,199,1.39
Islamabad,33.6844,73.0479,9/16/2023,Saturday,9,Autumn,1,31.6,22.9,27,36.7,25.6,Hot,16.2,16.2,0,Heavy Rain,16.2,32,77.83,948.07,41.42,0,22.62,2023-09-16T05:51,2023-09-16T18:14,Rainy,1,29.4,68.79,0.7,29.1,70.54714286,2.714285714,110,152,1.95
Islamabad,33.6844,73.0479,9/17/2023,Sunday,9,Autumn,1,31.2,22.8,27,36.2,25.4,Hot,6.6,6.6,0,Light Rain,16.1,345,74.83,946.8,17.79,0,21.99,2023-09-17T05:52,2023-09-17T18:12,Rainy,1,27,77.83,16.2,28.81428571,71.80857143,3.657142857,180,47,0.31
Islamabad,33.6844,73.0479,9/18/2023,Monday,9,Autumn,0,29.8,23,25.7,34.3,27,Hot,3.2,3.2,0,Light Rain,10.5,83,80.08,947.3,24.42,0,21.89,2023-09-18T05:53,2023-09-18T18:11,Rainy,1,27,74.83,6.6,28.34285714,72.79571429,4.071428571,195,174,0.16
Islamabad,33.6844,73.0479,9/19/2023,Tuesday,9,Autumn,0,31.2,22.8,26.5,35.1,25,Hot,0,0,0,No Rain,7.8,53,71.71,949.45,4.88,0,20.67,2023-09-19T05:53,2023-09-19T18:10,Sunny,0,25.7,80.08,3.2,27.91428571,73.00428571,4.014285714,166,271,0.16
Islamabad,33.6844,73.0479,9/20/2023,Wednesday,9,Autumn,0,32,23,27.5,36.8,26.9,Hot,0.1,0.1,0,Light Rain,7.4,306,72.29,949.14,6.33,0,21.81,2023-09-20T05:54,2023-09-20T18:08,Rainy,1,26.5,71.71,0,27.54285714,73.79,4.028571429,30,276,0.29
Islamabad,33.6844,73.0479,9/21/2023,Thursday,9,Autumn,0,31.7,23.6,27,35.9,26.6,Hot,0.4,0.4,0,Light Rain,9,329,68.38,948.06,13.04,0,20.45,2023-09-21T05:55,2023-09-21T18:07,Rainy,1,27.5,72.29,0.1,27.15714286,73.41571429,3.885714286,77,280,1.34
Islamabad,33.6844,73.0479,9/22/2023,Friday,9,Autumn,0,29.1,22.3,25.3,32.3,24.5,Hot,4,4,0,Light Rain,12.6,33,72.46,948.25,35.62,0,19.92,2023-09-22T05:55,2023-09-22T18:05,Rainy,1,27,68.38,0.4,26.57142857,73.94,4.357142857,178,231,0.55
Islamabad,33.6844,73.0479,9/23/2023,Saturday,9,Autumn,1,30.4,19.6,25.2,34.3,22.1,Hot,5.3,5.3,0,Light Rain,21.6,80,73.71,949.07,21.29,0,19.84,2023-09-23T05:56,2023-09-23T18:04,Rainy,1,25.3,72.46,4,26.31428571,73.35142857,2.8,39,168,1.9
Islamabad,33.6844,73.0479,9/24/2023,Sunday,9,Autumn,1,30.2,19.6,25.1,33.6,20.3,Hot,3.6,3.6,0,Light Rain,16.5,283,69.58,948.21,23.96,0,18.75,2023-09-24T05:57,2023-09-24T18:03,Rainy,1,25.2,73.71,5.3,26.04285714,72.60142857,2.371428571,109,155,0.31
Islamabad,33.6844,73.0479,9/25/2023,Monday,9,Autumn,0,28.7,18.7,23.4,31,20.1,Moderate,4.5,4.5,0,Light Rain,17,324,69.92,949.4,19.58,0,17.23,2023-09-25T05:57,2023-09-25T18:01,Rainy,1,25.1,69.58,3.6,25.71428571,71.15,2.557142857,142,90,1.22
Islamabad,33.6844,73.0479,9/26/2023,Tuesday,9,Autumn,0,30.3,18.9,23.9,32.6,19.1,Moderate,0,0,0,No Rain,8.4,307,62.12,950.08,0,0,15.94,2023-09-26T05:58,2023-09-26T18:00,Sunny,0,23.4,69.92,4.5,25.34285714,69.78,2.557142857,134,284,0.39
Islamabad,33.6844,73.0479,9/27/2023,Wednesday,9,Autumn,0,30.8,18.4,24.3,32.4,17.4,Moderate,0,0,0,No Rain,12,305,56.25,949.65,0,0,14.65,2023-09-27T05:59,2023-09-27T17:58,Sunny,0,23.9,62.12,0,24.88571429,67.48857143,2.542857143,166,284,1.21
Islamabad,33.6844,73.0479,9/28/2023,Thursday,9,Autumn,0,31.1,18.8,24.8,33.5,18.1,Moderate,0,0,0,No Rain,10.2,354,52.58,948.7,7.29,0,14.22,2023-09-28T05:59,2023-09-28T17:57,Sunny,0,24.3,56.25,0,24.57142857,65.23142857,2.485714286,106,117,0.27
Islamabad,33.6844,73.0479,9/29/2023,Friday,9,Autumn,0,25.6,19.7,22.2,24.5,17.9,Moderate,0.3,0.3,0,Light Rain,32.4,324,59,949.52,31.12,0,13.75,2023-09-29T06:00,2023-09-29T17:56,Rainy,1,24.8,52.58,0,24.12857143,63.30857143,1.957142857,104,65,0.79
Islamabad,33.6844,73.0479,9/30/2023,Saturday,9,Autumn,1,29.2,19,23.3,30.6,17.1,Moderate,0,0,0,No Rain,14.3,309,55.12,949.93,0,0,13.68,2023-09-30T06:01,2023-09-30T17:54,Sunny,0,22.2,59,0.3,23.85714286,60.65285714,1.2,71,177,1.91
Islamabad,33.6844,73.0479,10/1/2023,Sunday,10,Autumn,1,30.3,17.2,23.4,32.4,15.9,Moderate,0,0,0,No Rain,9.8,307,50.96,948.25,0.21,0,12.55,2023-10-01T06:01,2023-10-01T17:53,Sunny,0,23.3,55.12,0,23.61428571,57.99285714,0.685714286,156,148,0.26
Islamabad,33.6844,73.0479,10/2/2023,Monday,10,Autumn,0,30.8,18.5,24.2,30.8,16.3,Moderate,0,0,0,No Rain,8.3,6,39.67,949.02,1.92,0,9.21,2023-10-02T06:02,2023-10-02T17:51,Sunny,0,23.4,50.96,0,23.72857143,53.67142857,0.042857143,93,216,0.99
Islamabad,33.6844,73.0479,10/3/2023,Tuesday,10,Autumn,0,30.6,18.1,23.9,30.8,16.1,Moderate,0,0,0,No Rain,15.4,307,45.88,949.93,0,0,11.27,2023-10-03T06:03,2023-10-03T17:50,Sunny,0,24.2,39.67,0,23.72857143,51.35142857,0.042857143,76,171,0.14
Islamabad,33.6844,73.0479,10/4/2023,Wednesday,10,Autumn,0,31.3,19,24.6,31.8,17.3,Moderate,0,0,0,No Rain,10.6,304,42.88,950.1,0,0,10.83,2023-10-04T06:04,2023-10-04T17:49,Sunny,0,23.9,45.88,0,23.77142857,49.44142857,0.042857143,105,140,1.15
Islamabad,33.6844,73.0479,10/5/2023,Thursday,10,Autumn,0,31.5,18.4,24.3,31.6,16.5,Moderate,0,0,0,No Rain,15.1,307,44.58,948.6,0,0,11.23,2023-10-05T06:04,2023-10-05T17:48,Sunny,0,24.6,42.88,0,23.7,48.29857143,0.042857143,58,74,1.12
Islamabad,33.6844,73.0479,10/6/2023,Friday,10,Autumn,0,32.5,19.6,25.3,33.4,17.8,Hot,0,0,0,No Rain,10.7,352,44.46,947.39,0.54,0,11.94,2023-10-06T06:05,2023-10-06T17:46,Sunny,0,24.3,44.58,0,24.14285714,46.22142857,0,45,77,0.18
Islamabad,33.6844,73.0479,10/7/2023,Saturday,10,Autumn,1,32.2,20.1,26,33.1,19.6,Hot,0,0,0,No Rain,10.9,61,51.08,949.1,8.75,0,14.69,2023-10-07T06:06,2023-10-07T17:45,Sunny,0,25.3,44.46,0,24.52857143,45.64428571,0,65,245,1.66
Islamabad,33.6844,73.0479,10/8/2023,Sunday,10,Autumn,1,31,19.5,24.9,31.9,19.7,Moderate,3.5,3.5,0,Light Rain,12.1,319,57.96,950.06,4.08,0,15.51,2023-10-08T06:07,2023-10-08T17:44,Rainy,1,26,51.08,0,24.74285714,46.64428571,0.5,196,239,0.38
Islamabad,33.6844,73.0479,10/9/2023,Monday,10,Autumn,0,30.3,19.9,24.3,31.8,19.3,Moderate,0,0,0,No Rain,18.4,8,52.92,950.69,19.46,0,13.67,2023-10-09T06:07,2023-10-09T17:42,Sunny,0,24.9,57.96,3.5,24.75714286,48.53714286,0.5,172,269,0.81
Islamabad,33.6844,73.0479,10/10/2023,Tuesday,10,Autumn,0,28.2,17.3,22.5,28.6,17.7,Moderate,0,0,0,No Rain,9.3,313,54.62,953.21,1.38,0,12.38,2023-10-10T06:08,2023-10-10T17:41,Sunny,0,24.3,52.92,0,24.55714286,49.78571429,0.5,126,193,0.24
Islamabad,33.6844,73.0479,10/11/2023,Wednesday,10,Autumn,0,29,19.1,23.3,30,18.1,Moderate,0,0,0,No Rain,13.5,321,50.25,952.01,0,0,12.2,2023-10-11T06:09,2023-10-11T17:40,Sunny,0,22.5,54.62,0,24.37142857,50.83857143,0.5,129,47,1.47
Islamabad,33.6844,73.0479,10/12/2023,Thursday,10,Autumn,0,29.9,18.6,23.8,30.3,17.4,Moderate,0,0,0,No Rain,9.8,324,50.25,953.08,0.29,0,12.55,2023-10-12T06:10,2023-10-12T17:38,Sunny,0,23.3,50.25,0,24.3,51.64857143,0.5,109,144,1.44
Islamabad,33.6844,73.0479,10/13/2023,Friday,10,Autumn,0,30.7,19,24.2,32.1,18,Moderate,6.2,6.2,0,Light Rain,29.9,24,56.5,953.77,23.25,0,14.52,2023-10-13T06:10,2023-10-13T17:37,Rainy,1,23.8,50.25,0,24.14285714,53.36857143,1.385714286,38,65,0.39
Islamabad,33.6844,73.0479,10/14/2023,Saturday,10,Autumn,1,25.5,18.1,21.3,25.6,19.1,Moderate,8.1,8.1,0,Light Rain,25,11,74.38,954.27,79.12,0,16.32,2023-10-14T06:11,2023-10-14T17:36,Rainy,1,24.2,56.5,6.2,23.47142857,56.69714286,2.542857143,128,229,1.32
Islamabad,33.6844,73.0479,10/15/2023,Sunday,10,Autumn,1,25.2,16.8,20.7,27.3,17.7,Moderate,0,0,0,No Rain,16.1,28,69.71,952.22,47.71,0,14.62,2023-10-15T06:12,2023-10-15T17:35,Moderate,3,21.3,74.38,8.1,22.87142857,58.37571429,2.042857143,150,89,1.75
Islamabad,33.6844,73.0479,10/16/2023,Monday,10,Autumn,0,21.1,15.2,17.6,20.7,14.1,Moderate,22.5,22.5,0,Heavy Rain,26.5,31,77.5,952.77,94.29,0,13.51,2023-10-16T06:13,2023-10-16T17:33,Rainy,1,20.7,69.71,0,21.91428571,61.88714286,5.257142857,40,297,0.96
Islamabad,33.6844,73.0479,10/17/2023,Tuesday,10,Autumn,0,19.8,14,16.3,19.4,12.9,Moderate,22,22,0,Heavy Rain,13,44,80.38,957.36,57.08,0,12.82,2023-10-17T06:13,2023-10-17T17:32,Rainy,1,17.6,77.5,22.5,21.02857143,65.56714286,8.4,28,34,0.95
Islamabad,33.6844,73.0479,10/18/2023,Wednesday,10,Autumn,0,23.4,13.3,17.8,23.1,11.5,Moderate,0,0,0,No Rain,12.7,315,67.21,956.6,11.17,0,11.42,2023-10-18T06:14,2023-10-18T17:31,Sunny,0,16.3,80.38,22,20.24285714,67.99,8.4,66,131,1.28
Islamabad,33.6844,73.0479,10/19/2023,Thursday,10,Autumn,0,25.2,13.7,18.9,26,13.3,Moderate,0,0,0,No Rain,7.9,309,65.58,955.36,0.12,0,12.07,2023-10-19T06:15,2023-10-19T17:30,Sunny,0,17.8,67.21,0,19.54285714,70.18,8.4,79,196,0.17
Islamabad,33.6844,73.0479,10/20/2023,Friday,10,Autumn,0,26,13.6,19.7,26.6,12.6,Moderate,0,0,0,No Rain,8.3,307,60.08,956.12,6.67,0,11.51,2023-10-20T06:16,2023-10-20T17:29,Sunny,0,18.9,65.58,0,18.9,70.69142857,7.514285714,59,30,1.9
Islamabad,33.6844,73.0479,10/21/2023,Saturday,10,Autumn,1,26.2,15.1,20.8,27.2,14.3,Moderate,0,0,0,No Rain,9.1,318,58.75,956.38,29.5,0,12.25,2023-10-21T06:17,2023-10-21T17:27,Sunny,0,19.7,60.08,0,18.82857143,68.45857143,6.357142857,156,92,0.46
Islamabad,33.6844,73.0479,10/22/2023,Sunday,10,Autumn,1,23.6,15.9,18.6,24.4,15.2,Moderate,2.3,2.3,0,Light Rain,14.1,17,73.71,957.7,39.96,0,13.75,2023-10-22T06:18,2023-10-22T17:26,Rainy,1,20.8,58.75,0,18.52857143,69.03,6.685714286,44,255,1.76
Islamabad,33.6844,73.0479,10/23/2023,Monday,10,Autumn,0,25.4,14.9,19.4,25.3,13.8,Moderate,0,0,0,No Rain,9.5,320,60.33,955.75,0.08,0,11.3,2023-10-23T06:18,2023-10-23T17:25,Sunny,0,18.6,73.71,2.3,18.78571429,66.57714286,3.471428571,68,130,1.16
Islamabad,33.6844,73.0479,10/24/2023,Tuesday,10,Autumn,0,26.8,15.8,20.5,27.2,14.8,Moderate,0,0,0,No Rain,7.7,324,54.08,955.48,4.71,0,10.64,2023-10-24T06:19,2023-10-24T17:24,Sunny,0,19.4,60.33,0,19.38571429,62.82,0.328571429,179,248,0.76
Islamabad,33.6844,73.0479,10/25/2023,Wednesday,10,Autumn,0,26.7,14.7,20.1,26.2,12.3,Moderate,0,0,0,No Rain,11.8,313,51.38,955.94,0,0,9.54,2023-10-25T06:20,2023-10-25T17:23,Sunny,0,20.5,54.08,0,19.71428571,60.55857143,0.328571429,182,137,1.01
Islamabad,33.6844,73.0479,10/26/2023,Thursday,10,Autumn,0,27.1,14,20.1,26.6,12.3,Moderate,0,0,0,No Rain,9.3,308,49.12,955.11,16.88,0,8.85,2023-10-26T06:21,2023-10-26T17:22,Sunny,0,20.1,51.38,0,19.88571429,58.20714286,0.328571429,117,153,1.61
Islamabad,33.6844,73.0479,10/27/2023,Friday,10,Autumn,0,27,14.5,20,26.1,12.8,Moderate,0,0,0,No Rain,11.8,307,53.08,954.02,8.33,0,9.93,2023-10-27T06:22,2023-10-27T17:21,Sunny,0,20.1,49.12,0,19.92857143,57.20714286,0.328571429,71,280,1.68
Islamabad,33.6844,73.0479,10/28/2023,Saturday,10,Autumn,1,27.4,14.3,20.4,26.4,12.7,Moderate,0,0,0,No Rain,14.8,310,55.21,954.42,9.08,0,10.84,2023-10-28T06:23,2023-10-28T17:20,Sunny,0,20,53.08,0,19.87142857,56.70142857,0.328571429,45,102,0.55
Islamabad,33.6844,73.0479,10/29/2023,Sunday,10,Autumn,1,27.1,15.5,21.1,27.3,14.5,Moderate,0,0,0,No Rain,10.4,302,60.96,954.97,23.46,0,12.97,2023-10-29T06:23,2023-10-29T17:19,Sunny,0,20.4,55.21,0,20.22857143,54.88,0,57,286,1.63
Islamabad,33.6844,73.0479,10/30/2023,Monday,10,Autumn,0,27,16.1,21,27.6,16,Moderate,0,0,0,No Rain,9.4,314,67.04,955.82,0.38,0,14.44,2023-10-30T06:24,2023-10-30T17:18,Sunny,0,21.1,60.96,0,20.45714286,55.83857143,0,93,201,1.44
Islamabad,33.6844,73.0479,10/31/2023,Tuesday,10,Autumn,0,27.5,16.1,21.5,27.8,16.4,Moderate,0,0,0,No Rain,11.4,310,67.42,957.1,1.71,0,14.89,2023-10-31T06:25,2023-10-31T17:17,Sunny,0,21,67.04,0,20.6,57.74428571,0,92,121,0.34
Islamabad,33.6844,73.0479,11/1/2023,Wednesday,11,Autumn,0,25.6,16.4,20.1,27.2,16.7,Moderate,1.4,1.4,0,Light Rain,28.8,318,73.62,958.13,71.33,0,15.11,2023-11-01T06:26,2023-11-01T17:16,Rainy,1,21.5,67.42,0,20.6,60.92142857,0.2,159,157,0.26
Islamabad,33.6844,73.0479,11/2/2023,Thursday,11,Autumn,0,26.3,14.7,19.9,26.9,14.3,Moderate,0,0,0,No Rain,9.5,321,62.12,955.88,9.46,0,11.9,2023-11-02T06:27,2023-11-02T17:15,Sunny,0,20.1,73.62,1.4,20.57142857,62.77857143,0.2,61,115,1.61
Islamabad,33.6844,73.0479,11/3/2023,Friday,11,Autumn,0,26,13.8,19.2,25.1,12.1,Moderate,0,0,0,No Rain,9.4,316,55,953.08,1.25,0,9.65,2023-11-03T06:28,2023-11-03T17:14,Sunny,0,19.9,62.12,0,20.45714286,63.05285714,0.2,69,54,0.25
Islamabad,33.6844,73.0479,11/4/2023,Saturday,11,Autumn,1,26.1,14.4,19.3,24.9,12.3,Moderate,0,0,0,No Rain,10.8,309,50.25,953.71,0,0,8.39,2023-11-04T06:29,2023-11-04T17:13,Sunny,0,19.2,55,0,20.3,62.34428571,0.2,90,293,0.69
Islamabad,33.6844,73.0479,11/5/2023,Sunday,11,Autumn,1,26,13.2,18.9,24.5,11.3,Moderate,0,0,0,No Rain,11,308,52.83,954.64,5.17,0,8.78,2023-11-05T06:30,2023-11-05T17:12,Sunny,0,19.3,50.25,0,19.98571429,61.18285714,0.2,57,191,1.24
Islamabad,33.6844,73.0479,11/6/2023,Monday,11,Autumn,0,25.4,15,19.3,24.7,13.8,Moderate,0,0,0,No Rain,10.9,309,56.79,956.44,93.62,0,10.33,2023-11-06T06:31,2023-11-06T17:11,Cloudy,2,18.9,52.83,0,19.74285714,59.71857143,0.2,163,153,0.37
Islamabad,33.6844,73.0479,11/7/2023,Tuesday,11,Autumn,0,24.1,14.8,18.1,23,14.1,Moderate,0.6,0.6,0,Light Rain,12.2,318,71.67,956.14,97.92,0,12.59,2023-11-07T06:31,2023-11-07T17:11,Rainy,1,19.3,56.79,0,19.25714286,60.32571429,0.285714286,181,56,1.67
Islamabad,33.6844,73.0479,11/8/2023,Wednesday,11,Autumn,0,25,14.1,18.9,24.8,14,Moderate,0.9,0.9,0,Light Rain,7.4,312,67.21,954.98,51.33,0,12.37,2023-11-08T06:32,2023-11-08T17:10,Rainy,1,18.1,71.67,0.6,19.08571429,59.41,0.214285714,114,274,1.9
Islamabad,33.6844,73.0479,11/9/2023,Thursday,11,Autumn,0,23.1,14,17.3,23.6,11.8,Moderate,17.2,17.2,0,Heavy Rain,26,15,74.75,954.75,59.88,0,12.53,2023-11-09T06:33,2023-11-09T17:09,Rainy,1,18.9,67.21,0.9,18.71428571,61.21428571,2.671428571,50,135,0.53
Islamabad,33.6844,73.0479,11/10/2023,Friday,11,Autumn,0,19,12.6,15.5,18.9,11.9,Moderate,19.9,19.9,0,Heavy Rain,15.8,51,79.58,957.38,57.5,0,11.87,2023-11-10T06:34,2023-11-10T17:08,Rainy,1,17.3,74.75,17.2,18.18571429,64.72571429,5.514285714,73,246,1.51
Islamabad,33.6844,73.0479,11/11/2023,Saturday,11,Autumn,1,21.7,11.2,15.8,20,9.6,Moderate,0,0,0,No Rain,13.8,309,69.17,958.48,0.04,0,9.88,2023-11-11T06:35,2023-11-11T17:08,Sunny,0,15.5,79.58,19.9,17.68571429,67.42857143,5.514285714,108,113,0.94
Islamabad,33.6844,73.0479,11/12/2023,Sunday,11,Autumn,1,22.2,11.4,16,21.4,10.1,Moderate,0,0,0,No Rain,9.3,303,72.04,957.86,4.54,0,10.65,2023-11-12T06:36,2023-11-12T17:07,Sunny,0,15.8,69.17,0,17.27142857,70.17285714,5.514285714,199,160,1.47
Islamabad,33.6844,73.0479,11/13/2023,Monday,11,Autumn,0,22.1,12.3,16.1,22,11.3,Moderate,0,0,0,No Rain,6.5,309,73.79,957.9,0,0,11.24,2023-11-13T06:37,2023-11-13T17:06,Sunny,0,16,72.04,0,16.81428571,72.60142857,5.514285714,147,112,1.35
Islamabad,33.6844,73.0479,11/14/2023,Tuesday,11,Autumn,0,22.8,11.4,15.8,22.5,9.9,Moderate,0,0,0,No Rain,9,313,68.58,957.65,0.17,0,9.86,2023-11-14T06:38,2023-11-14T17:06,Sunny,0,16.1,73.79,0,16.48571429,72.16,5.428571429,177,160,0.92
Islamabad,33.6844,73.0479,11/15/2023,Wednesday,11,Autumn,0,23.4,11.1,16.6,22.3,8.5,Moderate,0,0,0,No Rain,9.7,319,58.04,957.18,28.92,0,7.97,2023-11-15T06:39,2023-11-15T17:05,Sunny,0,15.8,68.58,0,16.15714286,70.85,5.3,23,288,0.74
Islamabad,33.6844,73.0479,11/16/2023,Thursday,11,Autumn,0,23.2,13.2,17.5,22.9,11.2,Moderate,0,0,0,No Rain,7.1,342,58.08,958.5,23.71,0,8.8,2023-11-16T06:40,2023-11-16T17:04,Sunny,0,16.6,58.04,0,16.18571429,68.46857143,2.842857143,46,256,0.58
Islamabad,33.6844,73.0479,11/17/2023,Friday,11,Autumn,0,23.3,10.7,16.4,22.5,8.9,Moderate,0,0,0,No Rain,10.2,313,60.83,958.54,33.67,0,8.5,2023-11-17T06:41,2023-11-17T17:04,Moderate,3,17.5,58.08,0,16.31428571,65.79,0,193,42,1.55
Islamabad,33.6844,73.0479,11/18/2023,Saturday,11,Autumn,1,21.7,11.1,16,21.8,8.4,Moderate,0,0,0,No Rain,6.5,319,55.96,956.27,87.58,0,7.07,2023-11-18T06:42,2023-11-18T17:03,Cloudy,2,16.4,60.83,0,16.34285714,63.90285714,0,25,33,0.5
Islamabad,33.6844,73.0479,11/19/2023,Sunday,11,Autumn,1,22.3,13.4,17,21.9,11.8,Moderate,0,0,0,No Rain,5.5,342,59.46,957.5,77.5,0,8.79,2023-11-19T06:43,2023-11-19T17:03,Cloudy,2,16,55.96,0,16.48571429,62.10571429,0,125,194,0.11
Islamabad,33.6844,73.0479,11/20/2023,Monday,11,Autumn,0,22,10.3,15.2,20.5,8.1,Moderate,0,0,0,No Rain,11.8,308,63.08,957.5,0.08,0,8.03,2023-11-20T06:43,2023-11-20T17:02,Sunny,0,17,59.46,0,16.35714286,60.57571429,0,184,202,1.86
Islamabad,33.6844,73.0479,11/21/2023,Tuesday,11,Autumn,0,21.5,10.7,15.2,20.2,8.8,Moderate,0,0,0,No Rain,15.9,306,67.21,956.27,0,0,8.96,2023-11-21T06:44,2023-11-21T17:02,Sunny,0,15.2,63.08,0,16.27142857,60.38,0,143,126,1.55
Islamabad,33.6844,73.0479,11/22/2023,Wednesday,11,Autumn,0,22.2,10.1,15.3,21.4,8.3,Moderate,0,0,0,No Rain,9.9,341,68.04,953.18,4.33,0,9.23,2023-11-22T06:45,2023-11-22T17:02,Sunny,0,15.2,67.21,0,16.08571429,61.80857143,0,136,77,1.24
Islamabad,33.6844,73.0479,11/23/2023,Thursday,11,Autumn,0,21,9.5,14.6,20.3,7.3,Cold,0,0,0,No Rain,10,44,70.25,953.48,14.62,0,9.04,2023-11-23T06:46,2023-11-23T17:01,Sunny,0,15.3,68.04,0,15.67142857,63.54714286,0,79,230,1.58
Islamabad,33.6844,73.0479,11/24/2023,Friday,11,Autumn,0,22,10.2,15,19.9,7.7,Cold,0,0,0,No Rain,12.8,312,61.17,956.6,16.71,0,7.26,2023-11-24T06:47,2023-11-24T17:01,Sunny,0,14.6,70.25,0,15.47142857,63.59571429,0,116,229,0.2
Islamabad,33.6844,73.0479,11/25/2023,Saturday,11,Autumn,1,21.8,11,15.5,21.8,8.6,Moderate,0,0,0,No Rain,8.7,329,65.04,956.52,98.79,0,8.72,2023-11-25T06:48,2023-11-25T17:00,Cloudy,2,15,61.17,0,15.4,64.89285714,0,64,152,0.75
Islamabad,33.6844,73.0479,11/26/2023,Sunday,11,Autumn,1,21.1,12.4,16.5,20.1,10.5,Moderate,0,0,0,No Rain,8.2,9,53.83,957.95,100,0,6.91,2023-11-26T06:49,2023-11-26T17:00,Cloudy,2,15.5,65.04,0,15.32857143,64.08857143,0,49,101,1.45
Islamabad,33.6844,73.0479,11/27/2023,Monday,11,Autumn,0,21.4,12.6,16.1,21,10.4,Moderate,0,0,0,No Rain,10.4,347,62.71,956.36,93.5,0,8.86,2023-11-27T06:50,2023-11-27T17:00,Cloudy,2,16.5,53.83,0,15.45714286,64.03571429,0,37,244,1.93
Islamabad,33.6844,73.0479,11/28/2023,Tuesday,11,Autumn,0,21.9,11.8,16.1,21.8,9.6,Moderate,0,0,0,No Rain,9.4,328,64.42,955.72,1.21,0,9.24,2023-11-28T06:51,2023-11-28T17:00,Sunny,0,16.1,62.71,0,15.58571429,63.63714286,0,97,45,1.39
Islamabad,33.6844,73.0479,11/29/2023,Wednesday,11,Autumn,0,22.1,12.1,16.4,21.8,10.7,Moderate,0.4,0.4,0,Light Rain,9.7,335,64,955.79,89.75,0,9.4,2023-11-29T06:52,2023-11-29T16:59,Rainy,1,16.1,64.42,0,15.74285714,63.06,0.057142857,124,63,0.64
Islamabad,33.6844,73.0479,11/30/2023,Thursday,11,Autumn,0,16.8,11.3,14.1,16.6,9.9,Cold,1.8,1.8,0,Light Rain,14.3,65,76.75,957.09,74.17,0,10.03,2023-11-30T06:53,2023-11-30T16:59,Rainy,1,16.4,64,0.4,15.67142857,63.98857143,0.314285714,50,197,1.21
Islamabad,33.6844,73.0479,12/1/2023,Friday,12,Winter,0,20.2,10,14.4,18.1,8.1,Cold,0,0,0,No Rain,13.6,316,70.42,958.31,17.92,0,8.7,2023-12-01T06:53,2023-12-01T16:59,Sunny,0,14.1,76.75,1.8,15.58571429,65.31,0.314285714,61,284,0.81
Islamabad,33.6844,73.0479,12/2/2023,Saturday,12,Winter,1,21.5,9.7,14.7,20,7.7,Cold,0,0,0,No Rain,9.2,313,63.29,957.28,29.21,0,7.43,2023-12-02T06:54,2023-12-02T16:59,Sunny,0,14.4,70.42,0,15.47142857,65.06,0.314285714,158,281,1.47
Islamabad,33.6844,73.0479,12/3/2023,Sunday,12,Winter,1,19.9,11.5,14.8,18.8,9.4,Cold,0,0,0,No Rain,7.9,328,55.92,957.15,63.96,0,5.75,2023-12-03T06:55,2023-12-03T16:59,Moderate,3,14.7,63.29,0,15.22857143,65.35857143,0.314285714,171,255,0.23
Islamabad,33.6844,73.0479,12/4/2023,Monday,12,Winter,0,20.3,9.5,13.6,18.7,7,Cold,0,0,0,No Rain,8.4,316,59.79,955.86,2.46,0,5.8,2023-12-04T06:56,2023-12-04T16:59,Sunny,0,14.8,55.92,0,14.87142857,64.94142857,0.314285714,172,103,1.59
Islamabad,33.6844,73.0479,12/5/2023,Tuesday,12,Winter,0,19.5,7.4,12.5,18.2,4.9,Cold,0,0,0,No Rain,10.5,15,68.71,955.93,0,0,6.6,2023-12-05T06:57,2023-12-05T16:59,Sunny,0,13.6,59.79,0,14.35714286,65.55428571,0.314285714,122,129,1.38
Islamabad,33.6844,73.0479,12/6/2023,Wednesday,12,Winter,0,20.2,7.6,12.9,18.8,4.8,Cold,0,0,0,No Rain,8.7,315,63.67,956.3,0,0,5.98,2023-12-06T06:58,2023-12-06T16:59,Sunny,0,12.5,68.71,0,13.85714286,65.50714286,0.257142857,32,258,1.42
Islamabad,33.6844,73.0479,12/7/2023,Thursday,12,Winter,0,20.2,10,13.8,18.8,7.4,Cold,0,0,0,No Rain,8.6,312,56.58,955.4,16.71,0,5.15,2023-12-07T06:58,2023-12-07T16:59,Sunny,0,12.9,63.67,0,13.81428571,62.62571429,0,75,282,0.42
Islamabad,33.6844,73.0479,12/8/2023,Friday,12,Winter,0,19.2,7.9,13.9,17.7,4.6,Cold,0,0,0,No Rain,9.7,29,49.79,954.52,20.54,0,3.42,2023-12-08T06:59,2023-12-08T16:59,Sunny,0,13.8,56.58,0,13.74285714,59.67857143,0,56,106,0.77
Islamabad,33.6844,73.0479,12/9/2023,Saturday,12,Winter,1,19.4,7.5,11.9,17.3,4.7,Cold,0,0,0,No Rain,9.1,308,64.46,955.28,0,0,5.2,2023-12-09T07:00,2023-12-09T16:59,Sunny,0,13.9,49.79,0,13.34285714,59.84571429,0,95,111,0.53
Islamabad,33.6844,73.0479,12/10/2023,Sunday,12,Winter,1,19.5,7.2,12.2,15.6,4.2,Cold,0,0,0,No Rain,17.9,313,55.75,953.02,37.33,0,3.27,2023-12-10T07:01,2023-12-10T16:59,Moderate,3,11.9,64.46,0,12.97142857,59.82142857,0,52,161,1.1
Islamabad,33.6844,73.0479,12/11/2023,Monday,12,Winter,0,18.2,6.3,11.7,16.6,3,Cold,0,0,0,No Rain,11.8,58,63.67,953.38,21.92,0,4.79,2023-12-11T07:01,2023-12-11T16:59,Sunny,0,12.2,55.75,0,12.7,60.37571429,0,94,44,1.78
Islamabad,33.6844,73.0479,12/12/2023,Tuesday,12,Winter,0,17.5,7.5,12.4,16.3,5.3,Cold,0,0,0,No Rain,8.7,351,63.88,954,3.21,0,5.57,2023-12-12T07:02,2023-12-12T17:00,Sunny,0,11.7,63.67,0,12.68571429,59.68571429,0,107,183,0.55
Islamabad,33.6844,73.0479,12/13/2023,Wednesday,12,Winter,0,18.3,6.5,11.5,16.3,4,Cold,0,0,0,No Rain,7.9,302,65.04,955.54,15.58,0,4.97,2023-12-13T07:03,2023-12-13T17:00,Sunny,0,12.4,63.88,0,12.48571429,59.88142857,0,130,105,0.11
Islamabad,33.6844,73.0479,12/14/2023,Thursday,12,Winter,0,17.9,6.3,10.7,15,3,Cold,0,0,0,No Rain,11.4,314,58,955.75,52.96,0,2.57,2023-12-14T07:04,2023-12-14T17:00,Moderate,3,11.5,65.04,0,12.04285714,60.08428571,0,50,224,1.12
Islamabad,33.6844,73.0479,12/15/2023,Friday,12,Winter,0,17.2,7.9,11.9,15.1,5,Cold,0,0,0,No Rain,7.9,40,54.25,957,51.71,0,2.8,2023-12-15T07:04,2023-12-15T17:00,Moderate,3,10.7,58,0,11.75714286,60.72142857,0,85,94,0.94
Islamabad,33.6844,73.0479,12/16/2023,Saturday,12,Winter,1,16.6,6.4,11.4,15.7,3.9,Cold,0.1,0.1,0,Light Rain,7.1,340,68.33,955.81,49.33,0,5.59,2023-12-16T07:05,2023-12-16T17:01,Rainy,1,11.9,54.25,0,11.68571429,61.27428571,0.014285714,181,123,0.6
Islamabad,33.6844,73.0479,12/17/2023,Sunday,12,Winter,1,17.1,6.2,11,14,3.6,Cold,0,0,0,No Rain,15.8,320,69.79,957.53,0.83,0,5.42,2023-12-17T07:06,2023-12-17T17:01,Sunny,0,11.4,68.33,0.1,11.51428571,63.28,0.014285714,186,167,1.65
Islamabad,33.6844,73.0479,12/18/2023,Monday,12,Winter,0,18.4,6.2,11.8,14.5,3.6,Cold,0,0,0,No Rain,18.1,316,61.46,958.6,0,0,4.01,2023-12-18T07:06,2023-12-18T17:02,Sunny,0,11,69.79,0,11.52857143,62.96428571,0.014285714,30,103,1.88
Islamabad,33.6844,73.0479,12/19/2023,Tuesday,12,Winter,0,18.8,6,11.5,16,3,Cold,0,0,0,No Rain,11.6,309,56.62,958,1.12,0,2.88,2023-12-19T07:07,2023-12-19T17:02,Sunny,0,11.8,61.46,0,11.4,61.92714286,0.014285714,118,252,1.63
Islamabad,33.6844,73.0479,12/20/2023,Wednesday,12,Winter,0,20.1,6.6,12.2,17.4,2.6,Cold,0,0,0,No Rain,11,311,52.38,956.88,88.58,0,2.43,2023-12-20T07:07,2023-12-20T17:02,Cloudy,2,11.5,56.62,0,11.5,60.11857143,0.014285714,172,88,0.53
Islamabad,33.6844,73.0479,12/21/2023,Thursday,12,Winter,0,20,8,12.5,17.6,5.2,Cold,0,0,0,No Rain,10.4,328,55.58,956.14,54.21,0,3.58,2023-12-21T07:08,2023-12-21T17:03,Moderate,3,12.2,52.38,0,11.75714286,59.77285714,0.014285714,75,99,0.22
Islamabad,33.6844,73.0479,12/22/2023,Friday,12,Winter,0,18.7,8.1,13.7,16.4,4.9,Cold,0,0,0,No Rain,11.6,308,50.88,956.12,100,0,3.37,2023-12-22T07:08,2023-12-22T17:03,Cloudy,2,12.5,55.58,0,12.01428571,59.29142857,0.014285714,69,162,0.37
Islamabad,33.6844,73.0479,12/23/2023,Saturday,12,Winter,1,20.7,9.9,14.2,19,7.2,Cold,0.5,0.5,0,Light Rain,11.5,317,65.29,959.46,26.71,0,7.57,2023-12-23T07:09,2023-12-23T17:04,Rainy,1,13.7,50.88,0,12.41428571,58.85714286,0.071428571,189,170,1.77
Islamabad,33.6844,73.0479,12/24/2023,Sunday,12,Winter,1,19.6,9.3,13.9,18.2,7,Cold,0,0,0,No Rain,15.6,312,62.83,960.52,63.12,0,6.7,2023-12-24T07:09,2023-12-24T17:04,Moderate,3,14.2,65.29,0.5,12.82857143,57.86285714,0.071428571,110,277,0.16
Islamabad,33.6844,73.0479,12/25/2023,Monday,12,Winter,0,20.7,10.3,14.4,17.9,7.3,Cold,0,0,0,No Rain,14.8,314,52.79,957.6,0,0,4.64,2023-12-25T07:10,2023-12-25T17:05,Sunny,0,13.9,62.83,0,13.2,56.62428571,0.071428571,184,253,0.2
Islamabad,33.6844,73.0479,12/26/2023,Tuesday,12,Winter,0,20.6,9,14.2,18.8,6,Cold,0,0,0,No Rain,8.1,324,53.08,957.56,22.29,0,4.52,2023-12-26T07:10,2023-12-26T17:05,Sunny,0,14.4,52.79,0,13.58571429,56.11857143,0.071428571,117,221,0.26
Islamabad,33.6844,73.0479,12/27/2023,Wednesday,12,Winter,0,20.7,7.9,13.6,17.4,4.6,Cold,0,0,0,No Rain,15.3,315,54.04,959.08,0,0,4.2,2023-12-27T07:10,2023-12-27T17:06,Sunny,0,14.2,53.08,0,13.78571429,56.35571429,0.071428571,175,251,1.76
Islamabad,33.6844,73.0479,12/28/2023,Thursday,12,Winter,0,20.1,7.4,12.7,18.1,4.2,Cold,0,0,0,No Rain,10.8,346,59.92,956.71,0,0,4.55,2023-12-28T07:11,2023-12-28T17:07,Sunny,0,13.6,54.04,0,13.81428571,56.97571429,0.071428571,133,271,0.49
Islamabad,33.6844,73.0479,12/29/2023,Friday,12,Winter,0,17.6,7.7,12.4,16.8,5.2,Cold,0,0,0,No Rain,10,61,71.25,958.53,36.46,0,7.17,2023-12-29T07:11,2023-12-29T17:07,Moderate,3,12.7,59.92,0,13.62857143,59.88571429,0.071428571,164,216,1.67
Islamabad,33.6844,73.0479,12/30/2023,Saturday,12,Winter,1,18.3,7.8,12.2,16.5,5.9,Cold,0.1,0.1,0,Light Rain,8.4,314,70.71,957.22,58.25,0,6.7,2023-12-30T07:11,2023-12-30T17:08,Rainy,1,12.4,71.25,0,13.34285714,60.66,0.014285714,189,72,1.94
Islamabad,33.6844,73.0479,12/31/2023,Sunday,12,Winter,1,18.5,6.4,11.4,17,3.8,Cold,0,0,0,No Rain,7.6,321,69.33,956.58,0,0,5.68,2023-12-31T07:11,2023-12-31T17:09,Sunny,0,12.2,70.71,0.1,12.98571429,61.58857143,0.014285714,49,248,1.35
Karachi,24.8607,67.0011,1/1/2023,Sunday,1,Winter,1,25,14.6,19.8,22.8,14.1,Moderate,0,0,0,No Rain,16.4,295,65.38,1018.35,0.83,0,12.09,2023-01-01T07:16,2023-01-01T17:53,Sunny,0,,,,,,,185,34,0.27
Karachi,24.8607,67.0011,1/2/2023,Monday,1,Winter,0,25.5,14.5,19.7,23.1,12.7,Moderate,0,0,0,No Rain,15,33,51.58,1017.99,15.88,0,8.44,2023-01-02T07:16,2023-01-02T17:54,Sunny,0,19.8,65.38,0,,,,185,294,1.57
Karachi,24.8607,67.0011,1/3/2023,Tuesday,1,Winter,0,25.4,14.7,19.7,20.6,11.6,Moderate,0,0,0,No Rain,19.5,39,36.42,1020.41,26.04,0,3.07,2023-01-03T07:17,2023-01-03T17:55,Sunny,0,19.7,51.58,0,,,,55,197,0.69
Karachi,24.8607,67.0011,1/4/2023,Wednesday,1,Winter,0,24,14.5,18.8,18.4,10.2,Moderate,0,0,0,No Rain,26.3,50,33.04,1021.05,0,0,1.43,2023-01-04T07:17,2023-01-04T17:55,Sunny,0,19.7,36.42,0,,,,100,266,0.19
Karachi,24.8607,67.0011,1/5/2023,Thursday,1,Winter,0,22.8,12.8,17.5,16.1,8.4,Moderate,0,0,0,No Rain,29.3,50,31.67,1021.07,9.25,0,-0.48,2023-01-05T07:17,2023-01-05T17:56,Sunny,0,18.8,33.04,0,,,,114,247,1.12
Karachi,24.8607,67.0011,1/6/2023,Friday,1,Winter,0,24.3,13.7,18.4,18.3,8.9,Moderate,0,0,0,No Rain,25.5,52,28.08,1020.54,35.67,0,-1.07,2023-01-06T07:17,2023-01-06T17:57,Moderate,3,17.5,31.67,0,,,,85,144,1.36
Karachi,24.8607,67.0011,1/7/2023,Saturday,1,Winter,1,26,15.1,19.9,23,10.1,Moderate,0,0,0,No Rain,22.1,52,29.25,1019.36,0,0,1.18,2023-01-07T07:17,2023-01-07T17:58,Sunny,0,18.4,28.08,0,19.11428571,39.34571429,0,168,241,0.15
Karachi,24.8607,67.0011,1/8/2023,Sunday,1,Winter,1,24.5,14.2,19.2,22.8,10,Moderate,0,0,0,No Rain,17.2,19,39.21,1018,0.04,0,4.47,2023-01-08T07:18,2023-01-08T17:58,Sunny,0,19.9,29.25,0,19.02857143,35.60714286,0,64,147,0.65
Karachi,24.8607,67.0011,1/9/2023,Monday,1,Winter,0,23.9,14.1,19.3,25,12.5,Moderate,0,0,0,No Rain,14.8,292,69.96,1018.76,0,0,13.53,2023-01-09T07:18,2023-01-09T17:59,Sunny,0,19.2,39.21,0,18.97142857,38.23285714,0,133,204,1.84
Karachi,24.8607,67.0011,1/10/2023,Tuesday,1,Winter,0,23.6,15.8,19.8,23.3,14.8,Moderate,0,0,0,No Rain,15.3,161,72.71,1018.29,1.67,0,14.19,2023-01-10T07:18,2023-01-10T18:00,Sunny,0,19.3,69.96,0,18.98571429,43.41714286,0,155,92,0.1
Karachi,24.8607,67.0011,1/11/2023,Wednesday,1,Winter,0,25.4,18.1,21.5,24.7,15,Moderate,0.2,0.2,0,Light Rain,30.2,280,77.17,1014.45,12.83,0,16.88,2023-01-11T07:18,2023-01-11T18:01,Rainy,1,19.8,72.71,0,19.37142857,49.72142857,0.028571429,42,82,1.66
Karachi,24.8607,67.0011,1/12/2023,Thursday,1,Winter,0,22,14.8,18,15.9,7.5,Moderate,0,0,0,No Rain,29.9,319,28.58,1013.36,0.04,0,-1.55,2023-01-12T07:18,2023-01-12T18:01,Sunny,0,21.5,77.17,0.2,19.44285714,49.28,0.028571429,75,111,0.77
Karachi,24.8607,67.0011,1/13/2023,Friday,1,Winter,0,22.3,9.8,15.2,17.4,3,Moderate,0,0,0,No Rain,30.6,333,17.92,1015.17,36.38,0,-10.66,2023-01-13T07:18,2023-01-13T18:02,Moderate,3,18,28.58,0,18.98571429,47.82857143,0.028571429,174,133,0.49
Karachi,24.8607,67.0011,1/14/2023,Saturday,1,Winter,1,21,9.4,15.3,17.8,5.6,Moderate,0,0,0,No Rain,18.1,5,28.83,1018.05,16,0,-3.82,2023-01-14T07:18,2023-01-14T18:03,Sunny,0,15.2,17.92,0,18.32857143,47.76857143,0.028571429,170,137,0.69
Karachi,24.8607,67.0011,1/15/2023,Sunday,1,Winter,1,19.4,8.9,14.8,17.9,4.8,Cold,0,0,0,No Rain,14.5,14,43.71,1016.63,0,0,2.01,2023-01-15T07:18,2023-01-15T18:03,Sunny,0,15.3,28.83,0,17.7,48.41142857,0.028571429,153,284,1.92
Karachi,24.8607,67.0011,1/16/2023,Monday,1,Winter,0,21.5,10.9,16.4,19.3,8.4,Moderate,0,0,0,No Rain,16.3,72,54.71,1014.97,9.33,0,6.25,2023-01-16T07:18,2023-01-16T18:04,Sunny,0,14.8,43.71,0,17.28571429,46.23285714,0.028571429,190,141,1.43
Karachi,24.8607,67.0011,1/17/2023,Tuesday,1,Winter,0,22,11.9,17,19.3,7.6,Moderate,0,0,0,No Rain,16.2,23,37.21,1016.33,23.25,0,1.47,2023-01-17T07:18,2023-01-17T18:05,Sunny,0,16.4,54.71,0,16.88571429,41.16142857,0.028571429,193,36,1.99
Karachi,24.8607,67.0011,1/18/2023,Wednesday,1,Winter,0,23.6,11.4,17.7,19.9,8.1,Moderate,0,0,0,No Rain,13.2,36,40.04,1016.16,37.5,0,2.47,2023-01-18T07:18,2023-01-18T18:06,Moderate,3,17,37.21,0,16.34285714,35.85714286,0,33,47,1.33
Karachi,24.8607,67.0011,1/19/2023,Thursday,1,Winter,0,24.8,12.9,18.4,21.5,9.4,Moderate,0,0,0,No Rain,27.3,56,34.5,1015.72,84.71,0,1.43,2023-01-19T07:18,2023-01-19T18:06,Cloudy,2,17.7,40.04,0,16.4,36.70285714,0,87,193,1.46
Karachi,24.8607,67.0011,1/20/2023,Friday,1,Winter,0,22.5,13,17.6,21,9.4,Moderate,0,0,0,No Rain,26.3,18,46.92,1016.39,12.5,0,5.58,2023-01-20T07:18,2023-01-20T18:07,Sunny,0,18.4,34.5,0,16.74285714,40.84571429,0,152,72,1.06
Karachi,24.8607,67.0011,1/21/2023,Saturday,1,Winter,1,22,12.9,17.2,20.7,10,Moderate,0,0,0,No Rain,20.7,9,50.25,1017.42,0.25,0,6.16,2023-01-21T07:17,2023-01-21T18:08,Sunny,0,17.6,46.92,0,17.01428571,43.90571429,0,171,154,1.62
Karachi,24.8607,67.0011,1/22/2023,Sunday,1,Winter,1,21.5,11.4,16.5,19.6,8.7,Moderate,0,0,0,No Rain,21.6,10,48.29,1016.8,0,0,4.97,2023-01-22T07:17,2023-01-22T18:09,Sunny,0,17.2,50.25,0,17.25714286,44.56,0,106,241,1.18
Karachi,24.8607,67.0011,1/23/2023,Monday,1,Winter,0,21.8,12,16.5,17.6,7.6,Moderate,0,0,0,No Rain,18.5,19,32.54,1017.16,2.62,0,-1.42,2023-01-23T07:17,2023-01-23T18:09,Sunny,0,16.5,48.29,0,17.27142857,41.39285714,0,64,175,1.2
Karachi,24.8607,67.0011,1/24/2023,Tuesday,1,Winter,0,20.2,10.4,15,17.6,6.5,Cold,0,0,0,No Rain,16.4,328,40.92,1016.38,0,0,1.15,2023-01-24T07:17,2023-01-24T18:10,Sunny,0,16.5,32.54,0,16.98571429,41.92285714,0,62,259,0.51
Karachi,24.8607,67.0011,1/25/2023,Wednesday,1,Winter,0,19.9,9.3,14.8,17,5.1,Cold,0,0,0,No Rain,18,324,43.21,1016.98,0,0,1.69,2023-01-25T07:16,2023-01-25T18:11,Sunny,0,15,40.92,0,16.57142857,42.37571429,0,185,297,1.67
Karachi,24.8607,67.0011,1/26/2023,Thursday,1,Winter,0,22.6,11,16.4,17.1,6.4,Moderate,0,0,0,No Rain,24.7,42,29.33,1018.87,4.79,0,-3.15,2023-01-26T07:16,2023-01-26T18:12,Sunny,0,14.8,43.21,0,16.28571429,41.63714286,0,153,91,0.43
Karachi,24.8607,67.0011,1/27/2023,Friday,1,Winter,0,23.2,12.4,17.3,16.4,7.1,Moderate,0,0,0,No Rain,30.9,51,26.04,1018.25,24.88,0,-3.26,2023-01-27T07:16,2023-01-27T18:12,Sunny,0,16.4,29.33,0,16.24285714,38.65428571,0,125,60,1.48
Karachi,24.8607,67.0011,1/28/2023,Saturday,1,Winter,1,24.1,12.9,18,19.2,7.5,Moderate,0,0,0,No Rain,23,46,24.25,1014.39,28.12,0,-3.48,2023-01-28T07:15,2023-01-28T18:13,Sunny,0,17.3,26.04,0,16.35714286,34.94,0,198,148,0.21
Karachi,24.8607,67.0011,1/29/2023,Sunday,1,Winter,1,22.6,11.6,17.4,19.9,7.7,Moderate,0,0,0,No Rain,21.5,312,42.67,1011.18,4.29,0,4.02,2023-01-29T07:15,2023-01-29T18:14,Sunny,0,18,24.25,0,16.48571429,34.13714286,0,189,116,0.57
Karachi,24.8607,67.0011,1/30/2023,Monday,1,Winter,0,23,11.9,18.1,21.3,9.8,Moderate,0,0,0,No Rain,18.1,310,49.12,1015.52,0,0,6.54,2023-01-30T07:15,2023-01-30T18:15,Sunny,0,17.4,42.67,0,16.71428571,36.50571429,0,40,248,0.17
Karachi,24.8607,67.0011,1/31/2023,Tuesday,1,Winter,0,25.3,14.8,19.4,20.8,10.5,Moderate,0,0,0,No Rain,25.8,49,36.33,1019.05,0,0,3.33,2023-01-31T07:14,2023-01-31T18:15,Sunny,0,18.1,49.12,0,17.34285714,35.85,0,175,198,0.82
Karachi,24.8607,67.0011,2/1/2023,Wednesday,2,Winter,0,25.5,14.6,19.5,21.2,10.6,Moderate,0,0,0,No Rain,26.2,57,39.96,1018.32,0,0,4.77,2023-02-01T07:14,2023-02-01T18:16,Sunny,0,19.4,36.33,0,18.01428571,35.38571429,0,60,117,1.38
Karachi,24.8607,67.0011,2/2/2023,Thursday,2,Winter,0,24.2,13,18.9,22.8,9.9,Moderate,0,0,0,No Rain,17.8,1,46.62,1016.57,0,0,6.73,2023-02-02T07:13,2023-02-02T18:17,Sunny,0,19.5,39.96,0,18.37142857,37.85571429,0,178,254,1.21
Karachi,24.8607,67.0011,2/3/2023,Friday,2,Winter,0,25.2,11.4,18.7,23,9,Moderate,0,0,0,No Rain,17.5,305,52.62,1015.79,0,0,7.88,2023-02-03T07:13,2023-02-03T18:17,Sunny,0,18.9,46.62,0,18.57142857,41.65285714,0,164,205,1.14
Karachi,24.8607,67.0011,2/4/2023,Saturday,2,Winter,1,23.3,14.4,19.3,25.1,14.5,Moderate,0,0,0,No Rain,16.2,265,82.25,1013.91,2.92,0,16.02,2023-02-04T07:13,2023-02-04T18:18,Sunny,0,18.7,52.62,0,18.75714286,49.93857143,0,165,241,1.22
Karachi,24.8607,67.0011,2/5/2023,Sunday,2,Winter,1,24.9,18,21.4,24.7,19.5,Moderate,0,0,0,No Rain,25.6,273,82.88,1012,25.79,0,18.12,2023-02-05T07:12,2023-02-05T18:19,Sunny,0,19.3,82.25,0,19.32857143,55.68285714,0,199,275,1.69
Karachi,24.8607,67.0011,2/6/2023,Monday,2,Winter,0,30,18.6,22.8,28.4,19.8,Moderate,0,0,0,No Rain,22.6,283,70.46,1011.98,0.12,0,15.3,2023-02-06T07:12,2023-02-06T18:20,Sunny,0,21.4,82.88,0,20,58.73142857,0,83,128,1.2
Karachi,24.8607,67.0011,2/7/2023,Tuesday,2,Winter,0,25.1,14.5,20.3,25.4,14.4,Moderate,0,0,0,No Rain,14.8,273,74.46,1012.92,2.42,0,15.02,2023-02-07T07:11,2023-02-07T18:20,Sunny,0,22.8,70.46,0,20.12857143,64.17857143,0,110,192,0.82
Karachi,24.8607,67.0011,2/8/2023,Wednesday,2,Winter,0,26.5,17,20.9,26.5,18.1,Moderate,0,0,0,No Rain,18.4,272,83.21,1012.89,39.58,0,17.46,2023-02-08T07:10,2023-02-08T18:21,Moderate,3,20.3,74.46,0,20.32857143,70.35714286,0,34,278,0.13
Karachi,24.8607,67.0011,2/9/2023,Thursday,2,Winter,0,25,18.5,21.7,26.4,19.6,Moderate,0,0,0,No Rain,24.2,252,85.42,1011.57,5.67,0,18.93,2023-02-09T07:10,2023-02-09T18:21,Sunny,0,20.9,83.21,0,20.72857143,75.9,0,148,34,1.58
Karachi,24.8607,67.0011,2/10/2023,Friday,2,Winter,0,25.6,20.8,22.6,25.4,21.3,Moderate,0,0,0,No Rain,27.7,262,81,1011.54,4.46,0,18.96,2023-02-10T07:09,2023-02-10T18:22,Sunny,0,21.7,85.42,0,21.28571429,79.95428571,0,187,287,1.17
Karachi,24.8607,67.0011,2/11/2023,Saturday,2,Winter,1,28.2,16.6,22.1,28.1,16.7,Moderate,0,0,0,No Rain,22.9,298,66.79,1014.94,12.12,0,14.3,2023-02-11T07:09,2023-02-11T18:23,Sunny,0,22.6,81,0,21.68571429,77.74571429,0,69,86,1.25
Karachi,24.8607,67.0011,2/12/2023,Sunday,2,Winter,1,29.4,16.7,23.2,25.5,13.5,Moderate,0,0,0,No Rain,19.5,50,36.79,1018.06,0,0,4.05,2023-02-12T07:08,2023-02-12T18:23,Sunny,0,22.1,66.79,0,21.94285714,71.16142857,0,111,194,1.64
Karachi,24.8607,67.0011,2/13/2023,Monday,2,Winter,0,26.3,17.2,21.9,24,12.6,Moderate,0,0,0,No Rain,20.5,56,32.58,1018.15,0,0,3.12,2023-02-13T07:07,2023-02-13T18:24,Sunny,0,23.2,36.79,0,21.81428571,65.75,0,55,249,0.26
Karachi,24.8607,67.0011,2/14/2023,Tuesday,2,Winter,0,26.9,18.8,21.9,27.8,19,Moderate,0,0,0,No Rain,21.3,270,78.79,1015.2,4.17,0,17.71,2023-02-14T07:07,2023-02-14T18:25,Sunny,0,21.9,32.58,0,22.04285714,66.36857143,0,150,228,0.85
Karachi,24.8607,67.0011,2/15/2023,Wednesday,2,Winter,0,25.3,18.3,20.9,28.1,20.6,Moderate,0,0,0,No Rain,16.5,267,90.25,1013.84,49.54,0,19.09,2023-02-15T07:06,2023-02-15T18:25,Moderate,3,21.9,78.79,0,22.04285714,67.37428571,0,149,221,0.1
Karachi,24.8607,67.0011,2/16/2023,Thursday,2,Winter,0,28.4,18.7,22.2,29.2,20.3,Moderate,0,0,0,No Rain,21.1,284,83.25,1013.82,71.08,0,18.74,2023-02-16T07:05,2023-02-16T18:26,Cloudy,2,20.9,90.25,0,22.11428571,67.06428571,0,70,175,1.73
Karachi,24.8607,67.0011,2/17/2023,Friday,2,Winter,0,29.5,17.2,22.4,32,18.3,Moderate,0,0,0,No Rain,19.2,267,81.33,1014.16,15.54,0,18.59,2023-02-17T07:04,2023-02-17T18:27,Sunny,0,22.2,83.25,0,22.08571429,67.11142857,0,121,109,0.96
Karachi,24.8607,67.0011,2/18/2023,Saturday,2,Winter,1,26.9,15.6,21.5,28.8,15.8,Moderate,0,0,0,No Rain,15,261,77.04,1013.81,1.42,0,16.7,2023-02-18T07:04,2023-02-18T18:27,Sunny,0,22.4,81.33,0,22,68.57571429,0,106,203,0.41
Karachi,24.8607,67.0011,2/19/2023,Sunday,2,Winter,1,25.2,17.9,21.6,28.4,19.6,Moderate,0,0,0,No Rain,18.6,245,87.29,1012.43,61.54,0,19.19,2023-02-19T07:03,2023-02-19T18:28,Moderate,3,21.5,77.04,0,21.77142857,75.79,0,98,286,0.15
Karachi,24.8607,67.0011,2/20/2023,Monday,2,Winter,0,28.8,19,23.4,29.8,20,Moderate,0,0,0,No Rain,23.2,256,78.88,1010.69,38.96,0,19.22,2023-02-20T07:02,2023-02-20T18:28,Moderate,3,21.6,87.29,0,21.98571429,82.40428571,0,179,299,1.81
Karachi,24.8607,67.0011,2/21/2023,Tuesday,2,Winter,0,26.6,19,23,30.8,21.1,Moderate,0,0,0,No Rain,18.5,254,84.75,1011.49,69.42,0,20.12,2023-02-21T07:01,2023-02-21T18:29,Moderate,3,23.4,78.88,0,22.14285714,83.25571429,0,107,178,0.22
Karachi,24.8607,67.0011,2/22/2023,Wednesday,2,Winter,0,25.8,20.5,22.8,26.1,21.8,Moderate,0,0,0,No Rain,26.3,260,82.25,1011.71,80.04,0,19.45,2023-02-22T07:00,2023-02-22T18:30,Cloudy,2,23,84.75,0,22.41428571,82.11285714,0,142,273,0.24
Karachi,24.8607,67.0011,2/23/2023,Thursday,2,Winter,0,25.6,19,22.4,27.9,21.2,Moderate,0,0,0,No Rain,21.7,257,81.46,1012.24,42.21,0,18.89,2023-02-23T07:00,2023-02-23T18:30,Moderate,3,22.8,82.25,0,22.44285714,81.85714286,0,109,56,0.54
Karachi,24.8607,67.0011,2/24/2023,Friday,2,Winter,0,26.2,18,21.9,27.3,20,Moderate,0,0,0,No Rain,21.5,270,84.62,1013.77,58,0,18.9,2023-02-24T06:59,2023-02-24T18:31,Moderate,3,22.4,81.46,0,22.37142857,82.32714286,0,131,239,1.73
Karachi,24.8607,67.0011,2/25/2023,Saturday,2,Winter,1,27.5,19.5,23.2,28.3,21.1,Moderate,0,0,0,No Rain,23.9,268,79.21,1015.23,69,0,18.93,2023-02-25T06:58,2023-02-25T18:31,Moderate,3,21.9,84.62,0,22.61428571,82.63714286,0,100,106,1.43
Karachi,24.8607,67.0011,2/26/2023,Sunday,2,Winter,1,28.9,19.6,23.5,30.5,21.5,Moderate,0,0,0,No Rain,20.2,276,81.62,1016.35,31.83,0,19.88,2023-02-26T06:57,2023-02-26T18:32,Moderate,3,23.2,79.21,0,22.88571429,81.82714286,0,78,183,0.81
Karachi,24.8607,67.0011,2/27/2023,Monday,2,Winter,0,29.3,18,23.2,32.1,19.7,Moderate,0,0,0,No Rain,18.5,277,83.96,1015.95,17.83,0,19.89,2023-02-27T06:56,2023-02-27T18:32,Sunny,0,23.5,81.62,0,22.85714286,82.55285714,0,92,153,1.98
Karachi,24.8607,67.0011,2/28/2023,Tuesday,2,Winter,0,28.3,19.4,23,29.9,21.3,Moderate,0,0,0,No Rain,21.3,275,82.96,1015.16,9.88,0,19.6,2023-02-28T06:55,2023-02-28T18:33,Sunny,0,23.2,83.96,0,22.85714286,82.29714286,0,30,136,0.12
Karachi,24.8607,67.0011,3/1/2023,Wednesday,3,Spring,0,28.2,19,23.5,31.4,21.6,Moderate,0,0,0,No Rain,22.7,288,79.42,1015.93,33.38,0,19.32,2023-03-01T06:55,2023-03-01T18:33,Moderate,3,23,82.96,0,22.95714286,81.89285714,0,144,57,0.64
Karachi,24.8607,67.0011,3/2/2023,Thursday,3,Spring,0,32.5,21.8,26.3,31.6,20.3,Hot,0,0,0,No Rain,22.6,41,48.04,1016.78,36.96,0,13.69,2023-03-02T06:54,2023-03-02T18:34,Moderate,3,23.5,79.42,0,23.51428571,77.11857143,0,197,195,1.36
Karachi,24.8607,67.0011,3/3/2023,Friday,3,Spring,0,31.6,20.6,26.1,32.1,20.6,Hot,0,0,0,No Rain,18.6,15,51.29,1017.4,18.17,0,14.6,2023-03-03T06:53,2023-03-03T18:34,Sunny,0,26.3,48.04,0,24.11428571,72.35714286,0,126,54,1.52
Karachi,24.8607,67.0011,3/4/2023,Saturday,3,Spring,1,31.6,20.2,26,31.6,20.8,Hot,0,0,0,No Rain,25,313,50.08,1017.13,0.33,0,13.95,2023-03-04T06:52,2023-03-04T18:35,Sunny,0,26.1,51.29,0,24.51428571,68.19571429,0,176,96,1.87
Karachi,24.8607,67.0011,3/5/2023,Sunday,3,Spring,1,31,19.8,25.8,31.6,19.9,Hot,0,0,0,No Rain,23.2,302,50.33,1016.72,0,0,14,2023-03-05T06:51,2023-03-05T18:35,Sunny,0,26,50.08,0,24.84285714,63.72571429,0,72,253,1.85
Karachi,24.8607,67.0011,3/6/2023,Monday,3,Spring,0,30.3,20,25.4,32,20,Hot,0,0,0,No Rain,22,288,56.38,1014.43,2.67,0,15.49,2023-03-06T06:50,2023-03-06T18:36,Sunny,0,25.8,50.33,0,25.15714286,59.78571429,0,110,219,1.58
Karachi,24.8607,67.0011,3/7/2023,Tuesday,3,Spring,0,30.2,19.8,24.7,33.1,21,Moderate,0,0,0,No Rain,23.1,278,70.88,1013.14,9.33,0,18.74,2023-03-07T06:49,2023-03-07T18:36,Sunny,0,25.4,56.38,0,25.4,58.06,0,192,232,1.88
Karachi,24.8607,67.0011,3/8/2023,Wednesday,3,Spring,0,29.5,19.8,24.7,32.7,21.9,Moderate,0,0,0,No Rain,24,265,73.04,1014.15,6.83,0,19.19,2023-03-08T06:48,2023-03-08T18:37,Sunny,0,24.7,70.88,0,25.57142857,57.14857143,0,140,239,0.52
Karachi,24.8607,67.0011,3/9/2023,Thursday,3,Spring,0,31.9,20,25.9,31.9,21.1,Hot,0,0,0,No Rain,22.9,277,59.88,1014.65,0.79,0,15.88,2023-03-09T06:47,2023-03-09T18:37,Sunny,0,24.7,73.04,0,25.51428571,58.84,0,50,238,0.2
Karachi,24.8607,67.0011,3/10/2023,Friday,3,Spring,0,31.1,20.2,25.8,32.5,19.3,Hot,0,0,0,No Rain,21.1,281,55.54,1014.2,10.58,0,15.27,2023-03-10T06:46,2023-03-10T18:38,Sunny,0,25.9,59.88,0,25.47142857,59.44714286,0,92,158,0.74
Karachi,24.8607,67.0011,3/11/2023,Saturday,3,Spring,1,30.6,19.6,25.4,32.1,20.9,Hot,0,0,0,No Rain,17.9,277,63,1013.54,69.54,0,17.2,2023-03-11T06:45,2023-03-11T18:38,Moderate,3,25.8,55.54,0,25.38571429,61.29285714,0,168,116,1.27
Karachi,24.8607,67.0011,3/12/2023,Sunday,3,Spring,1,31.3,21.4,25.7,30.8,22.2,Hot,0,0,0,No Rain,19.1,284,63.08,1012.59,88.33,0,17.41,2023-03-12T06:44,2023-03-12T18:39,Cloudy,2,25.4,63,0,25.37142857,63.11428571,0,169,79,0.18
Karachi,24.8607,67.0011,3/13/2023,Monday,3,Spring,0,30.2,20,25,32,22.1,Moderate,0,0,0,No Rain,20.6,281,71.79,1012.37,32.5,0,18.6,2023-03-13T06:43,2023-03-13T18:39,Moderate,3,25.7,63.08,0,25.31428571,65.31571429,0,26,45,0.8
Karachi,24.8607,67.0011,3/14/2023,Tuesday,3,Spring,0,28.4,20.2,24,31.3,22.7,Moderate,0,0,0,No Rain,21.6,282,81.21,1010.62,99.33,0,20.17,2023-03-14T06:42,2023-03-14T18:40,Cloudy,2,25,71.79,0,25.21428571,66.79142857,0,162,89,1.67
Karachi,24.8607,67.0011,3/15/2023,Wednesday,3,Spring,0,28.5,22.5,25.1,30.3,25.5,Hot,0,0,0,No Rain,19.9,247,80.08,1008.06,56.21,0,21.12,2023-03-15T06:41,2023-03-15T18:40,Moderate,3,24,81.21,0,25.27142857,67.79714286,0,133,265,1.13
Karachi,24.8607,67.0011,3/16/2023,Thursday,3,Spring,0,29.2,22.2,25.5,30.8,26.3,Hot,0,0,0,No Rain,28.8,248,80.33,1008.02,26.88,0,21.51,2023-03-16T06:40,2023-03-16T18:41,Sunny,0,25.1,80.08,0,25.21428571,70.71857143,0,97,215,0.29
Karachi,24.8607,67.0011,3/17/2023,Friday,3,Spring,0,28.6,23.1,25.6,32.2,26.8,Hot,0,0,0,No Rain,19.4,252,79.58,1009.23,9.04,0,21.6,2023-03-17T06:39,2023-03-17T18:41,Sunny,0,25.5,80.33,0,25.18571429,74.15285714,0,22,285,0.5
Karachi,24.8607,67.0011,3/18/2023,Saturday,3,Spring,1,29.7,20.6,25.4,31.4,23,Hot,0,0,0,No Rain,21.3,274,66.25,1009.26,9.58,0,17.6,2023-03-18T06:38,2023-03-18T18:41,Sunny,0,25.6,79.58,0,25.18571429,74.61714286,0,118,231,0.88
Karachi,24.8607,67.0011,3/19/2023,Sunday,3,Spring,1,29.1,21,24.9,30.7,23.3,Moderate,0,0,0,No Rain,24.3,259,69.21,1008.19,11.92,0,18.21,2023-03-19T06:37,2023-03-19T18:42,Sunny,0,25.4,66.25,0,25.07142857,75.49285714,0,135,151,0.83
Karachi,24.8607,67.0011,3/20/2023,Monday,3,Spring,0,27.1,21.6,24.5,30.4,25,Moderate,0,0,0,No Rain,15.3,230,76.92,1007.06,25.12,0,19.99,2023-03-20T06:36,2023-03-20T18:42,Sunny,0,24.9,69.21,0,25,76.22571429,0,157,253,0.3
Karachi,24.8607,67.0011,3/21/2023,Tuesday,3,Spring,0,28,21.4,25.1,29.6,24.8,Hot,0,0,0,No Rain,20.7,235,71.04,1007.27,4.88,0,19.05,2023-03-21T06:35,2023-03-21T18:43,Sunny,0,24.5,76.92,0,25.15714286,74.77285714,0,63,275,1.97
Karachi,24.8607,67.0011,3/22/2023,Wednesday,3,Spring,0,25.6,21.2,23.9,29.5,22.1,Moderate,0.4,0.4,0,Light Rain,24.7,239,78.17,1008.4,63.46,0,19.77,2023-03-22T06:34,2023-03-22T18:43,Rainy,1,25.1,71.04,0,24.98571429,74.5,0.057142857,85,103,1.26
Karachi,24.8607,67.0011,3/23/2023,Thursday,3,Spring,0,25.6,21,23.4,27.4,21.6,Moderate,3.8,3.8,0,Light Rain,26.1,237,81.08,1007.85,42.71,0,19.94,2023-03-23T06:33,2023-03-23T18:44,Rainy,1,23.9,78.17,0.4,24.68571429,74.60714286,0.6,59,218,0.58
Karachi,24.8607,67.0011,3/24/2023,Friday,3,Spring,0,26.9,22.2,24.4,25.1,21.8,Moderate,0,0,0,No Rain,31.7,269,59.96,1007.73,16.67,0,15.85,2023-03-24T06:32,2023-03-24T18:44,Sunny,0,23.4,81.08,3.8,24.51428571,71.80428571,0.6,70,222,1.47
Karachi,24.8607,67.0011,3/25/2023,Saturday,3,Spring,1,27.5,22.2,24.5,28.5,22.7,Moderate,0,0,0,No Rain,19.9,259,67,1010.16,1.42,0,17.69,2023-03-25T06:31,2023-03-25T18:45,Sunny,0,24.4,59.96,0,24.38571429,71.91142857,0.6,117,215,1.23
Karachi,24.8607,67.0011,3/26/2023,Sunday,3,Spring,1,28.4,20.4,24.1,30.3,22.9,Moderate,0,0,0,No Rain,26.6,282,75.04,1011.9,3.17,0,19.02,2023-03-26T06:30,2023-03-26T18:45,Sunny,0,24.5,67,0,24.27142857,72.74428571,0.6,176,258,1.33
Karachi,24.8607,67.0011,3/27/2023,Monday,3,Spring,0,29.5,20.4,24.6,29.7,22.5,Moderate,0,0,0,No Rain,22.3,286,69.42,1011.11,6.54,0,17.75,2023-03-27T06:29,2023-03-27T18:45,Sunny,0,24.1,75.04,0,24.28571429,71.67285714,0.6,117,206,0.72
Karachi,24.8607,67.0011,3/28/2023,Tuesday,3,Spring,0,27.8,21.3,24.5,29.4,23.2,Moderate,0,0,0,No Rain,24.9,265,78.08,1009.46,2.04,0,20.2,2023-03-28T06:28,2023-03-28T18:46,Sunny,0,24.6,69.42,0,24.2,72.67857143,0.6,85,68,1.11
Karachi,24.8607,67.0011,3/29/2023,Wednesday,3,Spring,0,27.5,23.5,25.3,29.8,25.1,Hot,0,0,0,No Rain,25.8,250,78.12,1008.78,25.04,0,21.12,2023-03-29T06:27,2023-03-29T18:46,Sunny,0,24.5,78.08,0,24.4,72.67142857,0.542857143,123,43,1.93
Karachi,24.8607,67.0011,3/30/2023,Thursday,3,Spring,0,27.4,23.3,25.2,28.8,24.1,Hot,0.8,0.8,0,Light Rain,25.1,247,70.92,1007.72,13,0,19.41,2023-03-30T06:26,2023-03-30T18:47,Rainy,1,25.3,78.12,0,24.65714286,71.22,0.114285714,156,258,1.02
Karachi,24.8607,67.0011,3/31/2023,Friday,3,Spring,0,28.8,23.8,25.8,31.3,25.6,Hot,0,0,0,No Rain,30,255,75.92,1007.07,11.25,0,21.05,2023-03-31T06:25,2023-03-31T18:47,Sunny,0,25.2,70.92,0.8,24.85714286,73.5,0.114285714,36,142,1.92
Karachi,24.8607,67.0011,4/1/2023,Saturday,4,Spring,1,28.9,23.2,25.6,29.8,25.7,Hot,0,0,0,No Rain,27.7,251,74.33,1008.53,11.96,0,20.45,2023-04-01T06:23,2023-04-01T18:47,Sunny,0,25.8,75.92,0,25.01428571,74.54714286,0.114285714,108,272,1.09
Karachi,24.8607,67.0011,4/2/2023,Sunday,4,Spring,1,28.2,23,25.4,30.2,24.9,Hot,0,0,0,No Rain,29.6,253,77,1008.13,7.67,0,20.88,2023-04-02T06:22,2023-04-02T18:48,Sunny,0,25.6,74.33,0,25.2,74.82714286,0.114285714,115,269,1.7
Karachi,24.8607,67.0011,4/3/2023,Monday,4,Spring,0,28.9,24,26.1,31.3,25.8,Hot,0.3,0.3,0,Light Rain,26.5,245,78.33,1006.76,15.75,0,21.91,2023-04-03T06:21,2023-04-03T18:48,Rainy,1,25.4,77,0,25.41428571,76.1,0.157142857,78,86,0.38
Karachi,24.8607,67.0011,4/4/2023,Tuesday,4,Spring,0,27.6,22.6,24.9,29.8,24.2,Moderate,0,0,0,No Rain,22.3,252,74.21,1008.87,0.08,0,19.72,2023-04-04T06:20,2023-04-04T18:49,Sunny,0,26.1,78.33,0.3,25.47142857,75.54714286,0.157142857,37,292,0.18
Karachi,24.8607,67.0011,4/5/2023,Wednesday,4,Spring,0,29.6,21.6,25.1,29.2,23.7,Hot,0,0,0,No Rain,23,272,68.71,1009.21,1.12,0,17.97,2023-04-05T06:19,2023-04-05T18:49,Sunny,0,24.9,74.21,0,25.44285714,74.20285714,0.157142857,92,103,1.29
Karachi,24.8607,67.0011,4/6/2023,Thursday,4,Spring,0,29.1,22,25,32.3,23.8,Moderate,0,0,0,No Rain,26.4,266,75.54,1010.28,2.42,0,20.08,2023-04-06T06:18,2023-04-06T18:50,Sunny,0,25.1,68.71,0,25.41428571,74.86285714,0.042857143,192,79,1.99
Karachi,24.8607,67.0011,4/7/2023,Friday,4,Spring,0,29.8,21.4,25.2,32,23.9,Hot,0,0,0,No Rain,24,275,77.96,1011.99,0.04,0,20.72,2023-04-07T06:17,2023-04-07T18:50,Sunny,0,25,75.54,0,25.32857143,75.15428571,0.042857143,48,255,1.16
Karachi,24.8607,67.0011,4/8/2023,Saturday,4,Spring,1,30.8,21.9,25.8,34.6,24.5,Hot,0,0,0,No Rain,28.3,276,76.42,1012.79,0.29,0,20.85,2023-04-08T06:16,2023-04-08T18:51,Sunny,0,25.2,77.96,0,25.35714286,75.45285714,0.042857143,156,81,0.34
Karachi,24.8607,67.0011,4/9/2023,Sunday,4,Spring,1,29.6,22.3,25.6,31.8,25.5,Hot,0,0,0,No Rain,29.5,264,78.17,1012.8,39.33,0,21.23,2023-04-09T06:16,2023-04-09T18:51,Moderate,3,25.8,76.42,0,25.38571429,75.62,0.042857143,197,123,1.67
Karachi,24.8607,67.0011,4/10/2023,Monday,4,Spring,0,28.2,22.2,25.1,31.5,26.1,Hot,0,0,0,No Rain,20,236,82.08,1011.12,57.75,0,21.67,2023-04-10T06:15,2023-04-10T18:51,Moderate,3,25.6,78.17,0,25.24285714,76.15571429,0,180,134,0.98
Karachi,24.8607,67.0011,4/11/2023,Tuesday,4,Spring,0,29,21.5,25.2,31.8,25.2,Hot,0,0,0,No Rain,21.8,249,81.58,1011.25,29.83,0,21.5,2023-04-11T06:14,2023-04-11T18:52,Sunny,0,25.1,82.08,0,25.28571429,77.20857143,0,113,54,0.69
Karachi,24.8607,67.0011,4/12/2023,Wednesday,4,Spring,0,32,23.4,27,35.3,26.6,Hot,0,0,0,No Rain,27.7,265,75.75,1011.25,71.92,0,21.9,2023-04-12T06:13,2023-04-12T18:52,Cloudy,2,25.2,81.58,0,25.55714286,78.21428571,0,21,178,1.49
Karachi,24.8607,67.0011,4/13/2023,Thursday,4,Spring,0,33.2,24.6,27.9,35.2,26.8,Hot,0,0,0,No Rain,27.1,272,70,1010.68,30.29,0,21.44,2023-04-13T06:12,2023-04-13T18:53,Moderate,3,27,75.75,0,25.97142857,77.42285714,0,120,52,1.27
Karachi,24.8607,67.0011,4/14/2023,Friday,4,Spring,0,30.5,24.5,27,34.6,27.4,Hot,0,0,0,No Rain,25.1,258,81.96,1009.25,2,0,23.47,2023-04-14T06:11,2023-04-14T18:53,Sunny,0,27.9,70,0,26.22857143,77.99428571,0,26,163,0.65
Karachi,24.8607,67.0011,4/15/2023,Saturday,4,Spring,1,30.3,23.9,27.2,34.3,28.4,Hot,0,0,0,No Rain,25,236,81.71,1007.68,9.33,0,23.58,2023-04-15T06:10,2023-04-15T18:54,Sunny,0,27,81.96,0,26.42857143,78.75,0,40,222,0.74
Karachi,24.8607,67.0011,4/16/2023,Sunday,4,Spring,1,30.5,24.5,27.3,33.9,29.3,Hot,0,0,0,No Rain,27.7,238,80.71,1006.6,7.96,0,23.57,2023-04-16T06:09,2023-04-16T18:54,Sunny,0,27.2,81.71,0,26.67142857,79.11285714,0,97,178,1.86
Karachi,24.8607,67.0011,4/17/2023,Monday,4,Spring,0,30.2,24.4,27.3,33.5,28,Hot,0,0,0,No Rain,23.7,243,77.54,1007.65,51.88,0,22.87,2023-04-17T06:08,2023-04-17T18:55,Moderate,3,27.3,80.71,0,26.98571429,78.46428571,0,195,53,1.71
Karachi,24.8607,67.0011,4/18/2023,Tuesday,4,Spring,0,34.3,24.4,28.6,33.8,27.2,Hot,0,0,0,No Rain,36.7,286,66.62,1010.12,80,0,20.57,2023-04-18T06:07,2023-04-18T18:55,Cloudy,2,27.3,77.54,0,27.47142857,76.32714286,0,95,171,0.61
Karachi,24.8607,67.0011,4/19/2023,Wednesday,4,Spring,0,32,24.8,27.8,31.3,27.3,Hot,0,0,0,No Rain,27.9,272,62.79,1008.09,60.38,0,19.28,2023-04-19T06:06,2023-04-19T18:55,Moderate,3,28.6,66.62,0,27.58571429,74.47571429,0,173,32,1.97
Karachi,24.8607,67.0011,4/20/2023,Thursday,4,Spring,0,33.8,24.8,27.9,33.6,26.7,Hot,0,0,0,No Rain,26.5,266,70.58,1004.85,32.92,0,21.27,2023-04-20T06:05,2023-04-20T18:56,Moderate,3,27.8,62.79,0,27.58571429,74.55857143,0,34,239,0.98
Karachi,24.8607,67.0011,4/21/2023,Friday,4,Spring,0,31.4,24.8,27.6,33.9,27.3,Hot,0,0,0,No Rain,29.8,261,77.33,1004.44,39,0,22.91,2023-04-21T06:04,2023-04-21T18:56,Moderate,3,27.9,70.58,0,27.67142857,73.89714286,0,129,89,1.31
Karachi,24.8607,67.0011,4/22/2023,Saturday,4,Spring,1,31.2,25,27.6,33.5,28,Hot,0,0,0,No Rain,28.5,262,76.04,1005.38,2.88,0,22.64,2023-04-22T06:03,2023-04-22T18:57,Sunny,0,27.6,77.33,0,27.72857143,73.08714286,0,134,33,1.46
Karachi,24.8607,67.0011,4/23/2023,Sunday,4,Spring,1,33,24.9,28.2,36.8,28.2,Hot,0,0,0,No Rain,28.2,256,73.96,1005.83,5.04,0,22.69,2023-04-23T06:03,2023-04-23T18:57,Sunny,0,27.6,76.04,0,27.85714286,72.12285714,0,161,154,1.44
Karachi,24.8607,67.0011,4/24/2023,Monday,4,Spring,0,32.5,24.4,27.7,35.2,28,Hot,0,0,0,No Rain,22.6,271,78.08,1007.6,91.21,0,23.15,2023-04-24T06:02,2023-04-24T18:58,Cloudy,2,28.2,73.96,0,27.91428571,72.2,0,141,126,1.97
Karachi,24.8607,67.0011,4/25/2023,Tuesday,4,Spring,0,33.5,25,28.1,35.5,26.3,Hot,0,0,0,No Rain,36,283,69.58,1008.12,97.04,0,21.42,2023-04-25T06:01,2023-04-25T18:58,Cloudy,2,27.7,78.08,0,27.84285714,72.62285714,0,80,221,1.35
Karachi,24.8607,67.0011,4/26/2023,Wednesday,4,Spring,0,31,26.1,28.2,31.6,23.6,Hot,0,0,0,No Rain,28.9,273,55.08,1006.59,48.42,0,17.9,2023-04-26T06:00,2023-04-26T18:59,Moderate,3,28.1,69.58,0,27.9,71.52142857,0,136,259,1.35
Karachi,24.8607,67.0011,4/27/2023,Thursday,4,Spring,0,30,25.3,27.2,32.4,28.2,Hot,0.3,0.3,0,Light Rain,23.7,247,71.79,1006.59,36.92,0,21.5,2023-04-27T05:59,2023-04-27T18:59,Rainy,1,28.2,55.08,0,27.8,71.69428571,0.042857143,134,221,0.67
Karachi,24.8607,67.0011,4/28/2023,Friday,4,Spring,0,28.6,23.5,25.9,31.8,26.3,Hot,3.4,3.4,0,Light Rain,19.5,242,75.88,1007.49,56.75,0,21.27,2023-04-28T05:59,2023-04-28T19:00,Rainy,1,27.2,71.79,0.3,27.55714286,71.48714286,0.528571429,190,80,1.36
Karachi,24.8607,67.0011,4/29/2023,Saturday,4,Spring,1,28.4,22.6,25.2,32.9,25.5,Hot,0.8,0.8,0,Light Rain,19,249,76.38,1006.88,29.42,0,20.6,2023-04-29T05:58,2023-04-29T19:00,Rainy,1,25.9,75.88,3.4,27.21428571,71.53571429,0.642857143,169,117,0.6
Karachi,24.8607,67.0011,4/30/2023,Sunday,4,Spring,1,29,22.6,26,30.8,26.3,Hot,0.2,0.2,0,Light Rain,19,268,68.92,1005.5,18.46,0,19.41,2023-04-30T05:57,2023-04-30T19:01,Rainy,1,25.2,76.38,0.8,26.9,70.81571429,0.671428571,119,158,1.74
Karachi,24.8607,67.0011,5/1/2023,Monday,5,Spring,0,30.6,24.2,27.3,33.3,27.8,Hot,0.9,0.9,0,Light Rain,22.8,270,71.46,1004.6,13.21,0,21.42,2023-05-01T05:56,2023-05-01T19:01,Rainy,1,26,68.92,0.2,26.84285714,69.87,0.8,158,82,1.13
Karachi,24.8607,67.0011,5/2/2023,Tuesday,5,Spring,0,31,24.9,27.9,34.2,29.3,Hot,0.1,0.1,0,Light Rain,27.2,271,74.33,1005.83,7.29,0,22.64,2023-05-02T05:56,2023-05-02T19:02,Rainy,1,27.3,71.46,0.9,26.81428571,70.54857143,0.814285714,108,183,0.24
Karachi,24.8607,67.0011,5/3/2023,Wednesday,5,Spring,0,30.5,25.2,27.8,34.6,29.5,Hot,0,0,0,No Rain,22.3,262,78.42,1007.85,6.83,0,23.49,2023-05-03T05:55,2023-05-03T19:02,Sunny,0,27.9,74.33,0.1,26.75714286,73.88285714,0.814285714,55,69,1.91
Karachi,24.8607,67.0011,5/4/2023,Thursday,5,Spring,0,31,24.5,27.6,35.3,29.5,Hot,0,0,0,No Rain,25.7,265,80.46,1007.26,10.54,0,23.69,2023-05-04T05:54,2023-05-04T19:03,Sunny,0,27.8,78.42,0,26.81428571,75.12142857,0.771428571,186,299,0.33
Karachi,24.8607,67.0011,5/5/2023,Friday,5,Spring,0,31.7,25,27.7,35.9,28.9,Hot,0,0,0,No Rain,25.4,266,79.75,1006.79,11.25,0,23.66,2023-05-05T05:54,2023-05-05T19:03,Sunny,0,27.6,80.46,0,27.07142857,75.67428571,0.285714286,34,129,1.49
Karachi,24.8607,67.0011,5/6/2023,Saturday,5,Spring,1,33.6,25.3,28.5,36.1,29.9,Hot,0,0,0,No Rain,26.8,268,76.42,1006.68,9.88,0,23.54,2023-05-06T05:53,2023-05-06T19:04,Sunny,0,27.7,79.75,0,27.54285714,75.68,0.171428571,143,214,1.02
Karachi,24.8607,67.0011,5/7/2023,Sunday,5,Spring,1,32.2,25.9,28.4,36.1,29.4,Hot,0,0,0,No Rain,28.3,266,80.38,1006.13,1.67,0,24.5,2023-05-07T05:52,2023-05-07T19:04,Sunny,0,28.5,76.42,0,27.88571429,77.31714286,0.142857143,171,257,1.87
Karachi,24.8607,67.0011,5/8/2023,Monday,5,Spring,0,33,25.9,28.8,36.8,30.6,Hot,0,0,0,No Rain,29.1,247,78.79,1005.09,0,0,24.52,2023-05-08T05:52,2023-05-08T19:05,Sunny,0,28.4,80.38,0,28.1,78.36428571,0.014285714,20,199,0.29
Karachi,24.8607,67.0011,5/9/2023,Tuesday,5,Spring,0,32,24.5,28.3,35.9,29.2,Hot,0,0,0,No Rain,26.6,246,78.58,1006.29,0,0,24.04,2023-05-09T05:51,2023-05-09T19:05,Sunny,0,28.8,78.79,0,28.15714286,78.97142857,0,124,90,0.8
Karachi,24.8607,67.0011,5/10/2023,Wednesday,5,Spring,0,34.6,25.4,29.4,36.2,30.1,Hot,0,0,0,No Rain,26,269,71.33,1006.94,2.25,0,22.74,2023-05-10T05:50,2023-05-10T19:06,Sunny,0,28.3,78.58,0,28.38571429,77.95857143,0,140,112,1.57
Karachi,24.8607,67.0011,5/11/2023,Thursday,5,Spring,0,35.5,26.5,30.2,35.9,30.7,Hot,0,0,0,No Rain,31.1,266,68,1006.59,0,0,22.72,2023-05-11T05:50,2023-05-11T19:06,Sunny,0,29.4,71.33,0,28.75714286,76.17857143,0,140,235,0.48
Karachi,24.8607,67.0011,5/12/2023,Friday,5,Spring,0,34.5,27,30.3,35.4,30.2,Hot,0,0,0,No Rain,34.5,266,66.54,1005.82,0,0,22.88,2023-05-12T05:49,2023-05-12T19:07,Sunny,0,30.2,68,0,29.12857143,74.29142857,0,104,171,1.93
Karachi,24.8607,67.0011,5/13/2023,Saturday,5,Spring,1,34.2,27,30.1,35.6,30.9,Hot,0,0,0,No Rain,37.1,260,71.25,1005.12,0,0,23.91,2023-05-13T05:49,2023-05-13T19:07,Sunny,0,30.3,66.54,0,29.35714286,73.55285714,0,29,276,1.78
Karachi,24.8607,67.0011,5/14/2023,Sunday,5,Spring,1,32.5,27.3,29.6,37.1,31.6,Hot,0,0,0,No Rain,29.6,253,80.25,1003.84,17.71,0,25.72,2023-05-14T05:48,2023-05-14T19:08,Sunny,0,30.1,71.25,0,29.52857143,73.53428571,0,46,266,1.99
Karachi,24.8607,67.0011,5/15/2023,Monday,5,Spring,0,32.3,27.5,29.6,36.9,32.3,Hot,0.1,0.1,0,Light Rain,32.8,238,80.21,1002.99,24,0,25.73,2023-05-15T05:48,2023-05-15T19:08,Rainy,1,29.6,80.25,0,29.64285714,73.73714286,0.014285714,34,246,1.67
Karachi,24.8607,67.0011,5/16/2023,Tuesday,5,Spring,0,32.1,28,29.6,35.7,31.8,Hot,0,0,0,No Rain,35.1,242,80.62,1005.32,33.42,0,25.78,2023-05-16T05:47,2023-05-16T19:09,Moderate,3,29.6,80.21,0.1,29.82857143,74.02857143,0.014285714,99,195,1.95
Karachi,24.8607,67.0011,5/17/2023,Wednesday,5,Spring,0,31.8,27.9,29.4,34.9,30.4,Hot,0.6,0.6,0,Light Rain,32.9,241,77.46,1006.25,41.25,0,24.98,2023-05-17T05:47,2023-05-17T19:09,Rainy,1,29.6,80.62,0,29.82857143,74.90428571,0.1,110,210,1.29
Karachi,24.8607,67.0011,5/18/2023,Thursday,5,Spring,0,32,27.9,29.6,36.4,31.5,Hot,0,0,0,No Rain,29,253,79.79,1008.57,27.12,0,25.65,2023-05-18T05:46,2023-05-18T19:10,Sunny,0,29.4,77.46,0.6,29.74285714,76.58857143,0.1,188,296,1.11
Karachi,24.8607,67.0011,5/19/2023,Friday,5,Spring,0,32.3,27.6,29.3,37.5,32.2,Hot,0,0,0,No Rain,26.5,259,81.17,1008.23,31.75,0,25.67,2023-05-19T05:46,2023-05-19T19:10,Moderate,3,29.6,79.79,0,29.6,78.67857143,0.1,56,62,1.35
Karachi,24.8607,67.0011,5/20/2023,Saturday,5,Spring,1,31.8,26.9,29.1,35.9,30.4,Hot,0,0,0,No Rain,30.9,255,77.79,1006.75,40.08,0,24.69,2023-05-20T05:45,2023-05-20T19:11,Moderate,3,29.3,81.17,0,29.45714286,79.61285714,0.1,26,112,1.51
Karachi,24.8607,67.0011,5/21/2023,Sunday,5,Spring,1,32.2,27.8,29.7,35.5,31.5,Hot,0,0,0,No Rain,32.4,249,75.96,1006.73,40.79,0,24.87,2023-05-21T05:45,2023-05-21T19:11,Moderate,3,29.1,77.79,0,29.47142857,79,0.1,108,218,1.14
Karachi,24.8607,67.0011,5/22/2023,Monday,5,Spring,0,32.2,28.1,29.8,36.4,32.2,Hot,0,0,0,No Rain,34.3,244,79.54,1006.65,62.96,0,25.79,2023-05-22T05:45,2023-05-22T19:12,Moderate,3,29.7,75.96,0,29.5,78.90428571,0.085714286,48,48,1.53
Karachi,24.8607,67.0011,5/23/2023,Tuesday,5,Spring,0,32.2,28,29.7,36.1,33,Hot,0.4,0.4,0,Light Rain,33.6,243,82.75,1006.4,42.79,0,26.39,2023-05-23T05:44,2023-05-23T19:12,Rainy,1,29.8,79.54,0,29.51428571,79.20857143,0.142857143,109,212,0.22
Karachi,24.8607,67.0011,5/24/2023,Wednesday,5,Spring,0,32.4,28.1,29.9,36.4,32.5,Hot,0,0,0,No Rain,35.5,244,82.25,1005.08,32.38,0,26.48,2023-05-24T05:44,2023-05-24T19:13,Moderate,3,29.7,82.75,0.4,29.58571429,79.89285714,0.057142857,142,114,0.12
Karachi,24.8607,67.0011,5/25/2023,Thursday,5,Spring,0,32.8,28.6,30.3,36.2,32.4,Hot,0,0,0,No Rain,44.6,249,80.38,1003.62,6.58,0,26.45,2023-05-25T05:44,2023-05-25T19:13,Sunny,0,29.9,82.25,0,29.68571429,79.97714286,0.057142857,105,140,1.03
Karachi,24.8607,67.0011,5/26/2023,Friday,5,Spring,0,33,28.2,30.2,35.5,32.1,Hot,0,0,0,No Rain,45.1,251,80.75,1003.48,8.25,0,26.41,2023-05-26T05:43,2023-05-26T19:14,Sunny,0,30.3,80.38,0,29.81428571,79.91714286,0.057142857,157,241,1.52
Karachi,24.8607,67.0011,5/27/2023,Saturday,5,Spring,1,33,28.5,30.2,36.2,32,Hot,0,0,0,No Rain,38.6,250,79.5,1003.39,22.71,0,26.13,2023-05-27T05:43,2023-05-27T19:14,Sunny,0,30.2,80.75,0,29.97142857,80.16142857,0.057142857,87,265,0.25
Karachi,24.8607,67.0011,5/28/2023,Sunday,5,Spring,1,32.6,27.9,30.1,37.2,32.7,Hot,0,0,0,No Rain,30.9,254,80.08,1003.78,14.92,0,26.22,2023-05-28T05:43,2023-05-28T19:15,Sunny,0,30.2,79.5,0,30.02857143,80.75,0.057142857,137,62,1.77
Karachi,24.8607,67.0011,5/29/2023,Monday,5,Spring,0,32.2,27.9,29.9,37,32.8,Hot,0,0,0,No Rain,31.7,244,83.29,1005.59,28.08,0,26.69,2023-05-29T05:43,2023-05-29T19:15,Sunny,0,30.1,80.08,0,30.04285714,81.28571429,0.057142857,87,231,1.34
Karachi,24.8607,67.0011,5/30/2023,Tuesday,5,Spring,0,32.4,28,29.9,36.1,32,Hot,0.2,0.2,0,Light Rain,28,248,76.5,1007.12,50.17,0,25.15,2023-05-30T05:42,2023-05-30T19:16,Rainy,1,29.9,83.29,0,30.07142857,80.39285714,0.028571429,187,239,0.7
Karachi,24.8607,67.0011,5/31/2023,Wednesday,5,Spring,0,31.5,27.6,29.6,34.1,31.2,Hot,1.1,1.1,0,Light Rain,34.1,244,74.46,1006.69,43.92,0,24.46,2023-05-31T05:42,2023-05-31T19:16,Rainy,1,29.9,76.5,0.2,30.02857143,79.28,0.185714286,41,231,1.92
Karachi,24.8607,67.0011,6/1/2023,Thursday,6,Summer,0,32,28.3,29.9,35,30.7,Hot,1.4,1.4,0,Light Rain,33.7,244,76.88,1004.36,54.96,0,25.37,2023-06-01T05:42,2023-06-01T19:17,Rainy,1,29.6,74.46,1.1,29.97142857,78.78,0.385714286,124,52,0.59
Karachi,24.8607,67.0011,6/2/2023,Friday,6,Summer,0,32.4,28.5,30,37,33,Hot,0.1,0.1,0,Light Rain,29.7,246,80.96,1004.62,37.25,0,26.31,2023-06-02T05:42,2023-06-02T19:17,Rainy,1,29.9,76.88,1.4,29.94285714,78.81,0.4,175,115,0.72
Karachi,24.8607,67.0011,6/3/2023,Saturday,6,Summer,1,32.9,28,29.9,37.1,32.6,Hot,0,0,0,No Rain,32.7,247,81.62,1003.92,8.71,0,26.3,2023-06-03T05:42,2023-06-03T19:18,Sunny,0,30,80.96,0.1,29.9,79.11285714,0.4,139,187,1.52
Karachi,24.8607,67.0011,6/4/2023,Sunday,6,Summer,1,33.2,28,30,37.9,33.1,Hot,0,0,0,No Rain,30.3,240,80.67,1004.19,5.75,0,26.21,2023-06-04T05:42,2023-06-04T19:18,Sunny,0,29.9,81.62,0,29.88571429,79.19714286,0.4,55,76,0.64
Karachi,24.8607,67.0011,6/5/2023,Monday,6,Summer,0,32.6,28,30,37.2,33.5,Hot,0,0,0,No Rain,31.1,245,80.79,1003.9,17.29,0,26.19,2023-06-05T05:42,2023-06-05T19:18,Sunny,0,30,80.67,0,29.9,78.84,0.4,140,215,0.29
Karachi,24.8607,67.0011,6/6/2023,Tuesday,6,Summer,0,33.2,28.2,30.4,37.9,33.3,Hot,0,0,0,No Rain,31.4,233,81.29,1001.99,6.83,0,26.68,2023-06-06T05:42,2023-06-06T19:19,Sunny,0,30,80.79,0,29.97142857,79.52428571,0.371428571,117,219,0.93
Karachi,24.8607,67.0011,6/7/2023,Wednesday,6,Summer,0,33.2,28.8,30.6,39.4,33.8,Hot,0,0,0,No Rain,26.5,213,81.33,1001.23,3,0,26.98,2023-06-07T05:42,2023-06-07T19:19,Sunny,0,30.4,81.29,0,30.11428571,80.50571429,0.214285714,177,110,1.98
Karachi,24.8607,67.0011,6/8/2023,Thursday,6,Summer,0,32.6,28.7,30.3,36.5,33.5,Hot,0,0,0,No Rain,27.4,216,77.46,1002.96,33.42,0,25.85,2023-06-08T05:41,2023-06-08T19:20,Moderate,3,30.6,81.33,0,30.17142857,80.58857143,0.014285714,68,108,1.1
Karachi,24.8607,67.0011,6/9/2023,Friday,6,Summer,0,32.2,28.6,30.2,36.1,32.5,Hot,0.8,0.8,0,Light Rain,30.3,229,76.29,1001.54,45.92,0,25.44,2023-06-09T05:41,2023-06-09T19:20,Rainy,1,30.3,77.46,0,30.2,79.92142857,0.114285714,73,292,1.93
Karachi,24.8607,67.0011,6/10/2023,Saturday,6,Summer,1,32,28.3,29.9,37.3,32.4,Hot,0.2,0.2,0,Light Rain,23.4,225,76,999.74,20.54,0,25.16,2023-06-10T05:41,2023-06-10T19:20,Rainy,1,30.2,76.29,0.8,30.2,79.11857143,0.142857143,54,209,1.11
Karachi,24.8607,67.0011,6/11/2023,Sunday,6,Summer,1,32.7,27.4,30,38.3,33.1,Hot,0,0,0,No Rain,19.4,235,76.29,998.98,10.79,0,25.26,2023-06-11T05:42,2023-06-11T19:21,Sunny,0,29.9,76,0.2,30.2,78.49285714,0.142857143,21,69,1.39
Karachi,24.8607,67.0011,6/12/2023,Monday,6,Summer,0,36.7,28.3,32.1,40.7,33.5,Hot,0,0,0,No Rain,30.9,169,64.83,996.93,24.12,0,24.1,2023-06-12T05:42,2023-06-12T19:21,Sunny,0,30,76.29,0,30.5,76.21285714,0.142857143,115,219,0.24
Karachi,24.8607,67.0011,6/13/2023,Tuesday,6,Summer,0,35.3,29.7,31.4,35.3,30.6,Hot,5.4,5.4,0,Light Rain,44,94,64.29,996.18,95.33,0,23.74,2023-06-13T05:42,2023-06-13T19:21,Rainy,1,32.1,64.83,0,30.64285714,73.78428571,0.914285714,84,122,0.32
Karachi,24.8607,67.0011,6/14/2023,Wednesday,6,Summer,0,35,28.5,31,36.8,29.1,Hot,0.5,0.5,0,Light Rain,40.1,102,64.58,996.02,77.83,0,23.28,2023-06-14T05:42,2023-06-14T19:22,Rainy,1,31.4,64.29,5.4,30.7,71.39142857,0.985714286,81,140,1.79
Karachi,24.8607,67.0011,6/15/2023,Thursday,6,Summer,0,34.5,28,30.4,34.4,28.9,Hot,0.3,0.3,0,Light Rain,45.5,59,67.62,993.78,73.08,0,23.58,2023-06-15T05:42,2023-06-15T19:22,Rainy,1,31,64.58,0.5,30.71428571,69.98571429,1.028571429,27,150,1.38
Karachi,24.8607,67.0011,6/16/2023,Friday,6,Summer,0,34.7,28.5,31.1,38.7,29.8,Hot,1.3,1.3,0,Light Rain,34.9,334,70.71,995.62,100,0,24.93,2023-06-16T05:42,2023-06-16T19:22,Rainy,1,30.4,67.62,0.3,30.84285714,69.18857143,1.1,140,51,1.18
Karachi,24.8607,67.0011,6/17/2023,Saturday,6,Summer,1,32.4,29.1,30.5,38.2,33,Hot,0,0,0,No Rain,32.1,249,80.5,999.43,97.67,0,26.77,2023-06-17T05:42,2023-06-17T19:23,Cloudy,2,31.1,70.71,1.3,30.92857143,69.83142857,1.071428571,26,264,0.55
Karachi,24.8607,67.0011,6/18/2023,Sunday,6,Summer,1,32.3,29,30.3,35.1,31.8,Hot,0,0,0,No Rain,30.1,250,74.12,1001.3,80.04,0,25.06,2023-06-18T05:42,2023-06-18T19:23,Cloudy,2,30.5,80.5,0,30.97142857,69.52142857,1.071428571,50,288,1.05
Karachi,24.8607,67.0011,6/19/2023,Monday,6,Summer,0,32.1,28.2,30,35.7,31.6,Hot,0,0,0,No Rain,29.9,242,74.54,1000.94,47.75,0,24.91,2023-06-19T05:42,2023-06-19T19:23,Moderate,3,30.3,74.12,0,30.67142857,70.90857143,1.071428571,63,189,0.36
Karachi,24.8607,67.0011,6/20/2023,Tuesday,6,Summer,0,32.8,28.9,30.6,36.1,31.6,Hot,0,0,0,No Rain,31.4,243,69.29,1000.01,59.46,0,24.23,2023-06-20T05:43,2023-06-20T19:23,Moderate,3,30,74.54,0,30.55714286,71.62285714,0.3,45,112,1.45
Karachi,24.8607,67.0011,6/21/2023,Wednesday,6,Summer,0,32.7,29.2,30.6,36.4,32.2,Hot,1,1,0,Light Rain,30.3,237,73.5,1000.17,44.83,0,25.26,2023-06-21T05:43,2023-06-21T19:24,Rainy,1,30.6,69.29,0,30.5,72.89714286,0.371428571,27,132,0.7
Karachi,24.8607,67.0011,6/22/2023,Thursday,6,Summer,0,32.2,28.8,30.2,36.3,32.3,Hot,2.2,2.2,0,Light Rain,29.5,238,76.88,1000.82,49.38,0,25.64,2023-06-22T05:43,2023-06-22T19:24,Rainy,1,30.6,73.5,1,30.47142857,74.22,0.642857143,196,132,0.79
Karachi,24.8607,67.0011,6/23/2023,Friday,6,Summer,0,32.5,28.5,30.1,36.7,32.3,Hot,0.4,0.4,0,Light Rain,29,237,76.17,1000.54,75.92,0,25.36,2023-06-23T05:43,2023-06-23T19:24,Rainy,1,30.2,76.88,2.2,30.32857143,75,0.514285714,40,185,1.77
Karachi,24.8607,67.0011,6/24/2023,Saturday,6,Summer,1,32,28.5,30.1,37.1,32.8,Hot,1,1,0,Light Rain,27.3,239,77.96,999.2,59,0,25.8,2023-06-24T05:44,2023-06-24T19:24,Rainy,1,30.1,76.17,0.4,30.27142857,74.63714286,0.657142857,128,292,1.61
Karachi,24.8607,67.0011,6/25/2023,Sunday,6,Summer,1,32,28.7,30.3,37.3,33.3,Hot,0.5,0.5,0,Light Rain,27.2,234,78.58,998.5,51.96,0,26.12,2023-06-25T05:44,2023-06-25T19:24,Rainy,1,30.1,77.96,1,30.27142857,75.27428571,0.728571429,146,174,1.55
Karachi,24.8607,67.0011,6/26/2023,Monday,6,Summer,0,32.8,28.5,30.5,37.3,33.1,Hot,0.8,0.8,0,Light Rain,28.3,243,77.12,999.19,71.42,0,25.93,2023-06-26T05:44,2023-06-26T19:25,Rainy,1,30.3,78.58,0.5,30.34285714,75.64285714,0.842857143,44,196,0.16
Karachi,24.8607,67.0011,6/27/2023,Tuesday,6,Summer,0,32.8,28.9,30.6,37.6,33.3,Hot,0.8,0.8,0,Light Rain,22.2,243,76.12,999.77,66.71,0,25.84,2023-06-27T05:44,2023-06-27T19:25,Rainy,1,30.5,77.12,0.8,30.34285714,76.61857143,0.957142857,81,272,1.34
Karachi,24.8607,67.0011,6/28/2023,Wednesday,6,Summer,0,33.2,28.9,30.8,36.8,34,Hot,0,0,0,No Rain,25.7,253,75.5,1000.75,95.79,0,25.9,2023-06-28T05:45,2023-06-28T19:25,Cloudy,2,30.6,76.12,0.8,30.37142857,76.90428571,0.814285714,193,240,1.69
Karachi,24.8607,67.0011,6/29/2023,Thursday,6,Summer,0,34,28.6,31.1,37.6,33.1,Hot,0.3,0.3,0,Light Rain,29.4,256,73.33,1000.45,59.46,0,25.57,2023-06-29T05:45,2023-06-29T19:25,Rainy,1,30.8,75.5,0,30.5,76.39714286,0.542857143,86,236,1.15
Karachi,24.8607,67.0011,6/30/2023,Friday,6,Summer,0,33,29,30.8,35.2,32.4,Hot,1,1,0,Light Rain,34.7,256,73.29,999.21,91.5,0,25.36,2023-06-30T05:45,2023-06-30T19:25,Rainy,1,31.1,73.33,0.3,30.6,75.98571429,0.628571429,163,50,0.13
Karachi,24.8607,67.0011,7/1/2023,Saturday,7,Summer,1,33.7,28.9,30.8,37.3,32.6,Hot,1.1,1.1,0,Light Rain,28,244,74.42,999.43,65.33,0,25.62,2023-07-01T05:46,2023-07-01T19:25,Rainy,1,30.8,73.29,1,30.7,75.48,0.642857143,36,238,1.66
Karachi,24.8607,67.0011,7/2/2023,Sunday,7,Summer,1,32.9,28.9,30.7,37.9,33.6,Hot,0.4,0.4,0,Light Rain,22,229,75.83,1000.55,42.58,0,25.9,2023-07-02T05:46,2023-07-02T19:25,Rainy,1,30.8,74.42,1.1,30.75714286,75.08714286,0.628571429,115,104,0.5
Karachi,24.8607,67.0011,7/3/2023,Monday,7,Summer,0,33.5,28.6,30.7,39.4,34,Hot,0.4,0.4,0,Light Rain,24.6,226,77.58,1000.12,72.75,0,26.22,2023-07-03T05:46,2023-07-03T19:25,Rainy,1,30.7,75.83,0.4,30.78571429,75.15285714,0.571428571,66,264,0.56
Karachi,24.8607,67.0011,7/4/2023,Tuesday,7,Summer,0,33.2,28.5,30.6,38.1,33.1,Hot,0.1,0.1,0,Light Rain,28,235,73.75,998.12,43.71,0,25.25,2023-07-04T05:47,2023-07-04T19:25,Rainy,1,30.7,77.58,0.4,30.78571429,74.81428571,0.471428571,92,64,0.88
Karachi,24.8607,67.0011,7/5/2023,Wednesday,7,Summer,0,33.1,29.1,30.9,37.1,33.1,Hot,0.6,0.6,0,Light Rain,25.6,233,72,995.7,59.12,0,25.15,2023-07-05T05:47,2023-07-05T19:25,Rainy,1,30.6,73.75,0.1,30.8,74.31428571,0.557142857,139,69,1.22
Karachi,24.8607,67.0011,7/6/2023,Thursday,7,Summer,0,33.5,28.9,30.8,39.7,33.7,Hot,0.1,0.1,0,Light Rain,21.3,218,73.79,997.76,56.5,0,25.49,2023-07-06T05:47,2023-07-06T19:25,Rainy,1,30.9,72,0.6,30.75714286,74.38,0.528571429,140,189,0.77
Karachi,24.8607,67.0011,7/7/2023,Friday,7,Summer,0,35.5,29.1,31.7,40.6,35.1,Hot,0,0,0,No Rain,25.1,253,73.42,998.96,65.92,0,26.13,2023-07-07T05:48,2023-07-07T19:25,Moderate,3,30.8,73.79,0.1,30.88571429,74.39857143,0.385714286,102,189,1.29
Karachi,24.8607,67.0011,7/8/2023,Saturday,7,Summer,1,34.9,29.4,31.3,39.4,33.8,Hot,4,4,0,Light Rain,22.4,261,73.42,999.35,82.54,0,25.83,2023-07-08T05:48,2023-07-08T19:25,Rainy,1,31.7,73.42,0,30.95714286,74.25571429,0.8,74,233,1.42
Karachi,24.8607,67.0011,7/9/2023,Sunday,7,Summer,1,33.9,28.8,31,39.4,33.6,Hot,0.1,0.1,0,Light Rain,26.1,262,74.25,1000.16,86.96,0,25.75,2023-07-09T05:49,2023-07-09T19:25,Rainy,1,31.3,73.42,4,31,74.03,0.757142857,31,154,1.91
Karachi,24.8607,67.0011,7/10/2023,Monday,7,Summer,0,33.7,28.6,31,37.2,32.6,Hot,0,0,0,No Rain,27.9,257,67.25,1001.19,23.62,0,24.04,2023-07-10T05:49,2023-07-10T19:25,Sunny,0,31,74.25,0.1,31.04285714,72.55428571,0.7,159,67,0.44
Karachi,24.8607,67.0011,7/11/2023,Tuesday,7,Summer,0,34.1,29.5,31.3,37.2,32.3,Hot,0,0,0,No Rain,26.9,257,64.38,1002.07,26,0,23.65,2023-07-11T05:50,2023-07-11T19:24,Sunny,0,31,67.25,0,31.14285714,71.21571429,0.685714286,33,68,0.87
Karachi,24.8607,67.0011,7/12/2023,Wednesday,7,Summer,0,33.5,29.1,31.1,36,31.7,Hot,0,0,0,No Rain,29.4,255,65.12,1000.9,83.17,0,23.64,2023-07-12T05:50,2023-07-12T19:24,Cloudy,2,31.3,64.38,0,31.17142857,70.23285714,0.6,36,199,1.85
Karachi,24.8607,67.0011,7/13/2023,Thursday,7,Summer,0,33.5,29.1,31,36.7,32.5,Hot,0.1,0.1,0,Light Rain,29.8,248,67.25,1000.07,68.83,0,24.15,2023-07-13T05:50,2023-07-13T19:24,Rainy,1,31.1,65.12,0,31.2,69.29857143,0.6,91,185,1.19
Karachi,24.8607,67.0011,7/14/2023,Friday,7,Summer,0,34,29,30.8,36.6,32,Hot,0.2,0.2,0,Light Rain,29.8,248,67.21,1001.15,81.17,0,23.91,2023-07-14T05:51,2023-07-14T19:24,Rainy,1,31,67.25,0.1,31.07142857,68.41142857,0.628571429,67,60,1.96
Karachi,24.8607,67.0011,7/15/2023,Saturday,7,Summer,1,33.4,28.5,30.5,35.1,31.3,Hot,0,0,0,No Rain,34.3,252,68.54,1001.3,50.62,0,23.93,2023-07-15T05:51,2023-07-15T19:24,Moderate,3,30.8,67.21,0.2,30.95714286,67.71428571,0.057142857,59,80,0.77
Karachi,24.8607,67.0011,7/16/2023,Sunday,7,Summer,1,32.9,29,30.4,34.7,31.4,Hot,0,0,0,No Rain,29.7,252,68.42,1000.52,68.12,0,23.85,2023-07-16T05:52,2023-07-16T19:23,Moderate,3,30.5,68.54,0,30.87142857,66.88142857,0.042857143,163,280,0.9
Karachi,24.8607,67.0011,7/17/2023,Monday,7,Summer,0,33.5,29,30.8,36.8,32.4,Hot,0.2,0.2,0,Light Rain,26.9,255,70.83,999.85,72.96,0,24.77,2023-07-17T05:52,2023-07-17T19:23,Rainy,1,30.4,68.42,0,30.84285714,67.39285714,0.071428571,165,231,1.3
Karachi,24.8607,67.0011,7/18/2023,Tuesday,7,Summer,0,33,28.5,30.2,36.6,32,Hot,0.6,0.6,0,Light Rain,30.7,256,74.5,999.05,87.71,0,25.06,2023-07-18T05:53,2023-07-18T19:23,Rainy,1,30.8,70.83,0.2,30.68571429,68.83857143,0.157142857,108,205,1.93
Karachi,24.8607,67.0011,7/19/2023,Wednesday,7,Summer,0,32.5,28,30.1,35.4,32,Hot,0.1,0.1,0,Light Rain,29.6,257,74.12,997.37,90.21,0,24.87,2023-07-19T05:53,2023-07-19T19:23,Rainy,1,30.2,74.5,0.6,30.54285714,70.12428571,0.171428571,111,261,0.6
Karachi,24.8607,67.0011,7/20/2023,Thursday,7,Summer,0,33.4,28.5,30.5,37.9,33,Hot,0,0,0,No Rain,27.8,261,72.21,998.11,99.79,0,24.84,2023-07-20T05:54,2023-07-20T19:22,Cloudy,2,30.1,74.12,0.1,30.47142857,70.83285714,0.157142857,83,256,0.89
Karachi,24.8607,67.0011,7/21/2023,Friday,7,Summer,0,32.7,28.5,30.4,37.5,33.2,Hot,4.7,4.7,0,Light Rain,26.4,268,75.92,999.8,81.54,0,25.59,2023-07-21T05:54,2023-07-21T19:22,Rainy,1,30.5,72.21,0,30.41428571,72.07714286,0.8,144,300,0.85
Karachi,24.8607,67.0011,7/22/2023,Saturday,7,Summer,1,33.4,28.6,30.5,38.3,33.1,Hot,0.2,0.2,0,Light Rain,20.2,267,77.08,1001.02,97.83,0,25.92,2023-07-22T05:55,2023-07-22T19:21,Rainy,1,30.4,75.92,4.7,30.41428571,73.29714286,0.828571429,46,200,1.38
Karachi,24.8607,67.0011,7/23/2023,Sunday,7,Summer,1,35.7,27.4,30.1,40.8,34.1,Hot,27.5,27.5,0,Heavy Rain,24.4,294,81.62,999.7,100,0,26.46,2023-07-23T05:55,2023-07-23T19:21,Rainy,1,30.5,77.08,0.2,30.37142857,75.18285714,4.757142857,78,132,0.98
Karachi,24.8607,67.0011,7/24/2023,Monday,7,Summer,0,29.9,26.8,28.1,35.2,31.8,Hot,16.4,16.4,0,Heavy Rain,23.9,76,88.75,997.89,100,0,26.02,2023-07-24T05:55,2023-07-24T19:21,Rainy,1,30.1,81.62,27.5,29.98571429,77.74285714,7.071428571,93,68,0.71
Karachi,24.8607,67.0011,7/25/2023,Tuesday,7,Summer,0,30.3,26.6,28.5,37.2,32.5,Hot,7,7,0,Light Rain,17.1,203,85.38,999.97,97.88,0,25.76,2023-07-25T05:56,2023-07-25T19:20,Rainy,1,28.1,88.75,16.4,29.74285714,79.29714286,7.985714286,170,141,0.63
Karachi,24.8607,67.0011,7/26/2023,Wednesday,7,Summer,0,30.5,27.2,28.8,37,33,Hot,0.6,0.6,0,Light Rain,21,229,83.42,1002.02,82.54,0,25.66,2023-07-26T05:56,2023-07-26T19:20,Rainy,1,28.5,85.38,7,29.55714286,80.62571429,8.057142857,140,147,0.28
Karachi,24.8607,67.0011,7/27/2023,Thursday,7,Summer,0,30.8,27.3,28.8,35.3,31.6,Hot,0.9,0.9,0,Light Rain,29.3,251,83.17,1002.6,86,0,25.64,2023-07-27T05:57,2023-07-27T19:19,Rainy,1,28.8,83.42,0.6,29.31428571,82.19142857,8.185714286,89,55,0.11
Karachi,24.8607,67.0011,7/28/2023,Friday,7,Summer,0,30.6,27.5,28.7,34.1,30.9,Hot,0.2,0.2,0,Light Rain,33.4,253,81.67,1001.39,94.58,0,25.22,2023-07-28T05:57,2023-07-28T19:19,Rainy,1,28.8,83.17,0.9,29.07142857,83.01285714,7.542857143,172,57,1.51
Karachi,24.8607,67.0011,7/29/2023,Saturday,7,Summer,1,30.5,27.2,28.7,33.1,30.1,Hot,0.9,0.9,0,Light Rain,34.3,251,80.88,1000.32,58.33,0,25,2023-07-29T05:58,2023-07-29T19:18,Rainy,1,28.7,81.67,0.2,28.81428571,83.55571429,7.642857143,100,270,0.46
Karachi,24.8607,67.0011,7/30/2023,Sunday,7,Summer,1,30.6,27.2,28.7,34.1,30.9,Hot,0.8,0.8,0,Light Rain,30.9,247,82.71,1000.03,60.75,0,25.46,2023-07-30T05:58,2023-07-30T19:18,Rainy,1,28.7,80.88,0.9,28.61428571,83.71142857,3.828571429,35,279,1.03
Karachi,24.8607,67.0011,7/31/2023,Monday,7,Summer,0,30.6,27.3,28.7,34,31.3,Hot,1.3,1.3,0,Light Rain,31.9,247,84.54,999.74,51.12,0,25.76,2023-07-31T05:59,2023-07-31T19:17,Rainy,1,28.7,82.71,0.8,28.7,83.11,1.671428571,39,76,0.14
Karachi,24.8607,67.0011,8/1/2023,Tuesday,8,Summer,0,30.5,27.2,28.6,33.6,30.5,Hot,1.1,1.1,0,Light Rain,33,247,84.83,999.44,64.04,0,25.77,2023-08-01T05:59,2023-08-01T19:17,Rainy,1,28.7,84.54,1.3,28.71428571,83.03142857,0.828571429,104,144,0.19
Karachi,24.8607,67.0011,8/2/2023,Wednesday,8,Summer,0,30.6,27.2,28.6,33.3,30.4,Hot,1.4,1.4,0,Light Rain,35,247,83.17,999.39,58.5,0,25.35,2023-08-02T06:00,2023-08-02T19:16,Rainy,1,28.6,84.83,1.1,28.68571429,82.99571429,0.942857143,51,151,0.65
Karachi,24.8607,67.0011,8/3/2023,Thursday,8,Summer,0,30.5,27,28.5,33.6,29.9,Hot,0.8,0.8,0,Light Rain,28.7,245,82.17,998.78,70.25,0,25.08,2023-08-03T06:00,2023-08-03T19:15,Rainy,1,28.6,83.17,1.4,28.64285714,82.85285714,0.928571429,199,191,1.54
Karachi,24.8607,67.0011,8/4/2023,Friday,8,Summer,0,30.5,26.9,28.4,34.6,31.2,Hot,0.9,0.9,0,Light Rain,26.5,244,83.46,1000.19,50.08,0,25.26,2023-08-04T06:01,2023-08-04T19:15,Rainy,1,28.5,82.17,0.8,28.6,83.10857143,1.028571429,181,278,0.34
Karachi,24.8607,67.0011,8/5/2023,Saturday,8,Summer,1,30.5,26.7,28.3,34.1,30.1,Hot,0.9,0.9,0,Light Rain,29.7,246,81.75,1002.7,69.83,0,24.84,2023-08-05T06:01,2023-08-05T19:14,Rainy,1,28.4,83.46,0.9,28.54285714,83.23285714,1.028571429,69,155,0.62
Karachi,24.8607,67.0011,8/6/2023,Sunday,8,Summer,1,30,26.7,28.2,31.1,29.3,Hot,0.7,0.7,0,Light Rain,37.4,254,80.38,1001.71,81.62,0,24.46,2023-08-06T06:02,2023-08-06T19:13,Rainy,1,28.3,81.75,0.9,28.47142857,82.9,1.014285714,143,242,0.62
Karachi,24.8607,67.0011,8/7/2023,Monday,8,Summer,0,30,26.6,28,30.7,28.6,Hot,1.7,1.7,0,Light Rain,39.3,250,80.21,999.09,75,0,24.24,2023-08-07T06:02,2023-08-07T19:13,Rainy,1,28.2,80.38,0.7,28.37142857,82.28142857,1.071428571,189,189,1.95
Karachi,24.8607,67.0011,8/8/2023,Tuesday,8,Summer,0,29.9,26.6,28,31.7,29.2,Hot,2.2,2.2,0,Light Rain,34.8,246,81.67,999.46,68.54,0,24.49,2023-08-08T06:02,2023-08-08T19:12,Rainy,1,28,80.21,1.7,28.28571429,81.83,1.228571429,67,264,0.57
Karachi,24.8607,67.0011,8/9/2023,Wednesday,8,Summer,0,30,26.5,27.9,31.9,29.3,Hot,0.8,0.8,0,Light Rain,35.8,251,81.62,1002.69,72.92,0,24.46,2023-08-09T06:03,2023-08-09T19:11,Rainy,1,28,81.67,2.2,28.18571429,81.60857143,1.142857143,163,38,1.63
Karachi,24.8607,67.0011,8/10/2023,Thursday,8,Summer,0,30,26.4,27.8,31.4,29.3,Hot,1.6,1.6,0,Light Rain,36.8,251,82.46,1003.71,74.83,0,24.45,2023-08-10T06:03,2023-08-10T19:11,Rainy,1,27.9,81.62,0.8,28.08571429,81.65,1.257142857,127,219,0.92
Karachi,24.8607,67.0011,8/11/2023,Friday,8,Summer,0,29.8,26.1,27.7,31.6,29.4,Hot,1.3,1.3,0,Light Rain,33.6,251,82.29,1004.08,63.29,0,24.34,2023-08-11T06:04,2023-08-11T19:10,Rainy,1,27.8,82.46,1.6,27.98571429,81.48285714,1.314285714,113,45,1.2
Karachi,24.8607,67.0011,8/12/2023,Saturday,8,Summer,1,29.5,26,27.6,30.3,28.3,Hot,0.8,0.8,0,Light Rain,38.8,256,81.46,1003.61,59.96,0,24.07,2023-08-12T06:04,2023-08-12T19:09,Rainy,1,27.7,82.29,1.3,27.88571429,81.44142857,1.3,190,285,1.78
Karachi,24.8607,67.0011,8/13/2023,Sunday,8,Summer,1,29.6,26.1,27.6,30.6,27.7,Hot,0.6,0.6,0,Light Rain,37.1,255,80.79,1000.44,77.75,0,23.96,2023-08-13T06:05,2023-08-13T19:08,Rainy,1,27.6,81.46,0.8,27.8,81.5,1.285714286,41,153,1.46
Karachi,24.8607,67.0011,8/14/2023,Monday,8,Summer,0,30.4,26,27.7,33.7,28.7,Hot,0,0,0,No Rain,30.9,247,83.83,1000.4,90.08,0,24.68,2023-08-14T06:05,2023-08-14T19:07,Cloudy,2,27.6,80.79,0.6,27.75714286,82.01714286,1.042857143,152,254,1.09
Karachi,24.8607,67.0011,8/15/2023,Tuesday,8,Summer,0,29.6,26,27.6,33,29.3,Hot,0.5,0.5,0,Light Rain,24.8,239,84.58,1002.54,97,0,24.65,2023-08-15T06:06,2023-08-15T19:07,Rainy,1,27.7,83.83,0,27.7,82.43285714,0.8,154,144,0.25
Karachi,24.8607,67.0011,8/16/2023,Wednesday,8,Summer,0,29.6,25.8,27.5,32.1,29,Hot,0,0,0,No Rain,28.7,255,81.04,1004.81,52.83,0,23.82,2023-08-16T06:06,2023-08-16T19:06,Moderate,3,27.6,84.58,0.5,27.64285714,82.35,0.685714286,123,62,0.61
Karachi,24.8607,67.0011,8/17/2023,Thursday,8,Summer,0,29.7,25.5,27.3,30,27.3,Hot,0.2,0.2,0,Light Rain,37.9,264,76.71,1005.18,55.71,0,22.71,2023-08-17T06:06,2023-08-17T19:05,Rainy,1,27.5,81.04,0,27.57142857,81.52857143,0.485714286,194,238,1.19
Karachi,24.8607,67.0011,8/18/2023,Friday,8,Summer,0,30.2,25.1,27.3,31.7,26.5,Hot,0,0,0,No Rain,35.8,266,76.04,1004.12,47.04,0,22.6,2023-08-18T06:07,2023-08-18T19:04,Moderate,3,27.3,76.71,0.2,27.51428571,80.63571429,0.3,98,265,0.46
Karachi,24.8607,67.0011,8/19/2023,Saturday,8,Summer,1,30,25.2,27.2,31.5,27.5,Hot,0.1,0.1,0,Light Rain,29.9,267,78.83,1003.8,77.71,0,23.04,2023-08-19T06:07,2023-08-19T19:03,Rainy,1,27.3,76.04,0,27.45714286,80.26,0.2,30,213,1.23
Karachi,24.8607,67.0011,8/20/2023,Sunday,8,Summer,1,30.5,24.9,27.3,33.2,27.6,Hot,0,0,0,No Rain,27.1,264,78.96,1004.08,71.04,0,23.16,2023-08-20T06:08,2023-08-20T19:02,Cloudy,2,27.2,78.83,0.1,27.41428571,79.99857143,0.114285714,48,62,0.47
Karachi,24.8607,67.0011,8/21/2023,Monday,8,Summer,0,30,25.5,27.4,32.1,28.2,Hot,0,0,0,No Rain,32.1,265,79.67,1003.85,49.12,0,23.46,2023-08-21T06:08,2023-08-21T19:01,Moderate,3,27.3,78.96,0,27.37142857,79.40428571,0.114285714,80,121,1.82
Karachi,24.8607,67.0011,8/22/2023,Tuesday,8,Summer,0,29.7,25.4,27.2,31.2,28.2,Hot,0.6,0.6,0,Light Rain,33.6,254,80.5,1002.95,75.79,0,23.41,2023-08-22T06:08,2023-08-22T19:01,Rainy,1,27.4,79.67,0,27.31428571,78.82142857,0.128571429,61,295,0.6
Karachi,24.8607,67.0011,8/23/2023,Wednesday,8,Summer,0,28.8,25.4,26.8,29.6,27.6,Hot,1.9,1.9,0,Light Rain,35.1,248,81.46,1001.01,96.38,0,23.31,2023-08-23T06:09,2023-08-23T19:00,Rainy,1,27.2,80.5,0.6,27.21428571,78.88142857,0.4,116,183,0.44
Karachi,24.8607,67.0011,8/24/2023,Thursday,8,Summer,0,28.9,25.5,26.8,30.6,28,Hot,2,2,0,Light Rain,33.9,244,84.54,999.02,84.04,0,23.94,2023-08-24T06:09,2023-08-24T18:59,Rainy,1,26.8,81.46,1.9,27.14285714,80,0.657142857,94,162,1.01
Karachi,24.8607,67.0011,8/25/2023,Friday,8,Summer,0,28.8,25.5,26.8,30.6,28.2,Hot,2.1,2.1,0,Light Rain,30.7,240,84.08,999.42,83.04,0,23.8,2023-08-25T06:10,2023-08-25T18:58,Rainy,1,26.8,84.54,2,27.07142857,81.14857143,0.957142857,180,76,1.97
Karachi,24.8607,67.0011,8/26/2023,Saturday,8,Summer,1,28.9,25.2,26.7,30.9,28.6,Hot,2.4,2.4,0,Light Rain,30.1,240,85.29,1001.7,83.38,0,23.97,2023-08-26T06:10,2023-08-26T18:57,Rainy,1,26.8,84.08,2.1,27,82.07142857,1.285714286,64,167,1.01
Karachi,24.8607,67.0011,8/27/2023,Sunday,8,Summer,1,29.1,25.5,26.9,31.5,28.5,Hot,1,1,0,Light Rain,30.4,251,82.79,1003.53,49.71,0,23.67,2023-08-27T06:10,2023-08-27T18:56,Rainy,1,26.7,85.29,2.4,26.94285714,82.61857143,1.428571429,134,56,0.54
Karachi,24.8607,67.0011,8/28/2023,Monday,8,Summer,0,29.3,25.2,26.9,30.6,27.8,Hot,1.1,1.1,0,Light Rain,33.9,253,82.88,1002.45,60.54,0,23.6,2023-08-28T06:11,2023-08-28T18:55,Rainy,1,26.9,82.79,1,26.87142857,83.07714286,1.585714286,117,249,1.97
Karachi,24.8607,67.0011,8/29/2023,Tuesday,8,Summer,0,29.4,25.5,26.9,31.9,28.5,Hot,0.7,0.7,0,Light Rain,29.6,245,83.67,1003.35,62.58,0,23.82,2023-08-29T06:11,2023-08-29T18:54,Rainy,1,26.9,82.88,1.1,26.82857143,83.53,1.6,183,207,1.05
Karachi,24.8607,67.0011,8/30/2023,Wednesday,8,Summer,0,29.7,25.2,27,32.9,28.9,Hot,0.5,0.5,0,Light Rain,21.7,245,82.42,1006,61.83,0,23.59,2023-08-30T06:12,2023-08-30T18:53,Rainy,1,26.9,83.67,0.7,26.85714286,83.66714286,1.4,39,200,0.54
Karachi,24.8607,67.0011,8/31/2023,Thursday,8,Summer,0,30,25.1,27,33.2,29,Hot,0.2,0.2,0,Light Rain,22.9,244,81.29,1006.62,49.04,0,23.35,2023-08-31T06:12,2023-08-31T18:52,Rainy,1,27,82.42,0.5,26.88571429,83.20285714,1.142857143,41,128,1.76
Karachi,24.8607,67.0011,9/1/2023,Friday,9,Autumn,0,29.4,24.4,26.7,33.4,28.9,Hot,0,0,0,No Rain,18.4,231,80.75,1006.89,23.17,0,22.97,2023-09-01T06:12,2023-09-01T18:51,Sunny,0,27,81.29,0.2,26.87142857,82.72714286,0.842857143,47,204,1.23
Karachi,24.8607,67.0011,9/2/2023,Saturday,9,Autumn,1,30.3,24.8,27.2,32.8,28.5,Hot,0,0,0,No Rain,24,243,75.88,1006.52,24.38,0,22.4,2023-09-02T06:13,2023-09-02T18:50,Sunny,0,26.7,80.75,0,26.94285714,81.38285714,0.5,105,42,1.95
Karachi,24.8607,67.0011,9/3/2023,Sunday,9,Autumn,1,30,25.2,27.4,32,28.2,Hot,0.9,0.9,0,Light Rain,27.1,244,75.96,1005.02,39.67,0,22.68,2023-09-03T06:13,2023-09-03T18:49,Rainy,1,27.2,75.88,0,27.01428571,80.40714286,0.485714286,68,106,1.6
Karachi,24.8607,67.0011,9/4/2023,Monday,9,Autumn,0,30.3,25.6,27.6,31.7,28.4,Hot,0.1,0.1,0,Light Rain,29.2,253,75.71,1003.81,49.08,0,22.79,2023-09-04T06:13,2023-09-04T18:48,Rainy,1,27.4,75.96,0.9,27.11428571,79.38285714,0.342857143,134,267,2
Karachi,24.8607,67.0011,9/5/2023,Tuesday,9,Autumn,0,30,25.6,27.6,32.2,28.8,Hot,0.5,0.5,0,Light Rain,24.2,258,78.42,1003.86,39.58,0,23.44,2023-09-05T06:14,2023-09-05T18:47,Rainy,1,27.6,75.71,0.1,27.21428571,78.63285714,0.314285714,78,118,0.47
Karachi,24.8607,67.0011,9/6/2023,Wednesday,9,Autumn,0,31.2,25.2,27.8,35.8,29.8,Hot,0,0,0,No Rain,22,249,80.04,1004.88,20.46,0,23.84,2023-09-06T06:14,2023-09-06T18:46,Sunny,0,27.6,78.42,0.5,27.32857143,78.29285714,0.242857143,81,247,0.35
Karachi,24.8607,67.0011,9/7/2023,Thursday,9,Autumn,0,32,25.7,28.2,35.6,30,Hot,0,0,0,No Rain,25.9,274,80.33,1004.7,22.29,0,24.32,2023-09-07T06:15,2023-09-07T18:45,Sunny,0,27.8,80.04,0,27.5,78.15571429,0.214285714,46,282,0.72
Karachi,24.8607,67.0011,9/8/2023,Friday,9,Autumn,0,31.5,25.9,28.1,34.6,29.3,Hot,0,0,0,No Rain,30.8,272,80.88,1004.2,21.25,0,24.34,2023-09-08T06:15,2023-09-08T18:44,Sunny,0,28.2,80.33,0,27.7,78.17428571,0.214285714,66,188,0.37
Karachi,24.8607,67.0011,9/9/2023,Saturday,9,Autumn,1,31.2,26,28,33.7,28.3,Hot,0,0,0,No Rain,30.6,270,79.29,1003.28,17,0,23.96,2023-09-09T06:15,2023-09-09T18:43,Sunny,0,28.1,80.88,0,27.81428571,78.66142857,0.214285714,173,122,0.24
Karachi,24.8607,67.0011,9/10/2023,Sunday,9,Autumn,1,31.1,25.9,27.9,33.8,28.4,Hot,0,0,0,No Rain,32.4,265,80.25,1002.07,22.96,0,24.05,2023-09-10T06:16,2023-09-10T18:42,Sunny,0,28,79.29,0,27.88571429,79.27428571,0.085714286,84,293,0.64
Karachi,24.8607,67.0011,9/11/2023,Monday,9,Autumn,0,31,26.2,28,32.4,28.6,Hot,0,0,0,No Rain,35.7,259,77.75,1002.64,47.58,0,23.6,2023-09-11T06:16,2023-09-11T18:41,Moderate,3,27.9,80.25,0,27.94285714,79.56571429,0.071428571,20,94,1.59
Karachi,24.8607,67.0011,9/12/2023,Tuesday,9,Autumn,0,30.9,26.2,28,32.1,28.5,Hot,0,0,0,No Rain,31.8,255,75.71,1003.06,62.96,0,23.2,2023-09-12T06:16,2023-09-12T18:39,Moderate,3,28,77.75,0,28,79.17857143,0,187,89,1.64
Karachi,24.8607,67.0011,9/13/2023,Wednesday,9,Autumn,0,30.8,26,27.8,32.5,28.9,Hot,0.4,0.4,0,Light Rain,28.7,251,78.25,1002.64,58.33,0,23.61,2023-09-13T06:17,2023-09-13T18:38,Rainy,1,28,75.71,0,28,78.92285714,0.057142857,140,80,0.31
Karachi,24.8607,67.0011,9/14/2023,Thursday,9,Autumn,0,30.3,25.6,27.8,33.5,30.4,Hot,0.1,0.1,0,Light Rain,22.3,244,80.75,1003.54,80.79,0,24.03,2023-09-14T06:17,2023-09-14T18:37,Rainy,1,27.8,78.25,0.4,27.94285714,78.98285714,0.071428571,118,248,0.84
Karachi,24.8607,67.0011,9/15/2023,Friday,9,Autumn,0,30.7,25.5,27.8,35.1,30.7,Hot,0,0,0,No Rain,21.4,238,81.46,1004.28,49.38,0,24.23,2023-09-15T06:17,2023-09-15T18:36,Moderate,3,27.8,80.75,0.1,27.9,79.06571429,0.071428571,137,290,1.64
Karachi,24.8607,67.0011,9/16/2023,Saturday,9,Autumn,1,31.2,26.3,28.5,34.6,31,Hot,0.3,0.3,0,Light Rain,22.6,257,78.88,1003.4,72.29,0,24.34,2023-09-16T06:18,2023-09-16T18:35,Rainy,1,27.8,81.46,0,27.97142857,79.00714286,0.114285714,145,74,0.24
Karachi,24.8607,67.0011,9/17/2023,Sunday,9,Autumn,1,32.2,26.6,28.9,35.8,30.7,Hot,0,0,0,No Rain,29.1,271,78.54,1001.23,71.79,0,24.66,2023-09-17T06:18,2023-09-17T18:34,Cloudy,2,28.5,78.88,0.3,28.11428571,78.76285714,0.114285714,84,100,0.38
Karachi,24.8607,67.0011,9/18/2023,Monday,9,Autumn,0,33.1,26.5,29.3,36.4,31.5,Hot,0,0,0,No Rain,32,275,79.92,1000.47,72.71,0,25.21,2023-09-18T06:19,2023-09-18T18:33,Cloudy,2,28.9,78.54,0,28.3,79.07285714,0.114285714,102,274,0.2
Karachi,24.8607,67.0011,9/19/2023,Tuesday,9,Autumn,0,34.9,26.7,29.8,38.3,31.3,Hot,0,0,0,No Rain,27.2,286,77,1002.47,94.75,0,24.97,2023-09-19T06:19,2023-09-19T18:32,Cloudy,2,29.3,79.92,0,28.55714286,79.25714286,0.114285714,102,235,0.47
Karachi,24.8607,67.0011,9/20/2023,Wednesday,9,Autumn,0,34.1,26.8,28.9,37.5,30.4,Hot,12,12,0,Heavy Rain,24,289,80.83,1002.98,99.67,0,25.01,2023-09-20T06:19,2023-09-20T18:31,Rainy,1,29.8,77,0,28.71428571,79.62571429,1.771428571,136,57,0.45
Karachi,24.8607,67.0011,9/21/2023,Thursday,9,Autumn,0,34,26.9,29.5,38.9,31.9,Hot,3.5,3.5,0,Light Rain,21,40,79.46,1002.95,67.83,0,25.35,2023-09-21T06:20,2023-09-21T18:30,Rainy,1,28.9,80.83,12,28.95714286,79.44142857,2.257142857,184,219,0.43
Karachi,24.8607,67.0011,9/22/2023,Friday,9,Autumn,0,30.9,26,28.2,36.7,31.2,Hot,0,0,0,No Rain,19.4,200,85.33,1003.92,31.83,0,25.43,2023-09-22T06:20,2023-09-22T18:29,Moderate,3,29.5,79.46,3.5,29.01428571,79.99428571,2.257142857,60,250,0.98
Karachi,24.8607,67.0011,9/23/2023,Saturday,9,Autumn,1,31.9,26.9,29,36.9,32.3,Hot,0,0,0,No Rain,22.5,242,82.96,1004.93,18,0,25.6,2023-09-23T06:20,2023-09-23T18:28,Sunny,0,28.2,85.33,0,29.08571429,80.57714286,2.214285714,108,297,1.42
Karachi,24.8607,67.0011,9/24/2023,Sunday,9,Autumn,1,31.1,26.8,28.5,34.7,30.5,Hot,0,0,0,No Rain,24.9,247,77.46,1005.25,12.83,0,24,2023-09-24T06:21,2023-09-24T18:27,Sunny,0,29,82.96,0,29.02857143,80.42285714,2.214285714,194,289,0.2
Karachi,24.8607,67.0011,9/25/2023,Monday,9,Autumn,0,31,25.5,27.9,34.8,29.3,Hot,0,0,0,No Rain,20.7,230,74.79,1004.49,9,0,22.76,2023-09-25T06:21,2023-09-25T18:26,Sunny,0,28.5,77.46,0,28.82857143,79.69,2.214285714,82,100,1.6
Karachi,24.8607,67.0011,9/26/2023,Tuesday,9,Autumn,0,30.8,22.5,26.9,34.4,26,Hot,0,0,0,No Rain,19.4,232,75.79,1006.33,9.21,0,21.94,2023-09-26T06:21,2023-09-26T18:24,Sunny,0,27.9,74.79,0,28.41428571,79.51714286,2.214285714,21,294,1.53
Karachi,24.8607,67.0011,9/27/2023,Wednesday,9,Autumn,0,34,24.5,28.6,37.2,29,Hot,0,0,0,No Rain,24.5,267,74.46,1006.87,2.96,0,22.93,2023-09-27T06:22,2023-09-27T18:23,Sunny,0,26.9,75.79,0,28.37142857,78.60714286,0.5,115,94,1.71
Karachi,24.8607,67.0011,9/28/2023,Thursday,9,Autumn,0,36.3,25.5,29.6,36.7,30.1,Hot,0,0,0,No Rain,21.4,267,69.92,1006.09,0.04,0,22.24,2023-09-28T06:22,2023-09-28T18:22,Sunny,0,28.6,74.46,0,28.38571429,77.24428571,0,44,210,1.09
Karachi,24.8607,67.0011,9/29/2023,Friday,9,Autumn,0,35,25,28.8,37.7,29.3,Hot,0,0,0,No Rain,20.4,265,77.75,1005.64,2.71,0,23.83,2023-09-29T06:23,2023-09-29T18:21,Sunny,0,29.6,69.92,0,28.47142857,76.16142857,0,82,112,0.53
Karachi,24.8607,67.0011,9/30/2023,Saturday,9,Autumn,1,39.5,24.4,30.4,35.8,25.9,Hot,0,0,0,No Rain,26.7,299,57.75,1005.82,31.25,0,16.35,2023-09-30T06:23,2023-09-30T18:20,Moderate,3,28.8,77.75,0,28.67142857,72.56,0,121,276,1.73
Karachi,24.8607,67.0011,10/1/2023,Sunday,10,Autumn,1,36.9,23.2,29.9,36.4,23.6,Hot,0,0,0,No Rain,22.4,256,44.17,1005.45,3.33,0,14.44,2023-10-01T06:23,2023-10-01T18:19,Sunny,0,30.4,57.75,0,28.87142857,67.80428571,0,24,49,1.01
Karachi,24.8607,67.0011,10/2/2023,Monday,10,Autumn,0,34.8,23.2,28.6,36.8,24.8,Hot,0,0,0,No Rain,24.3,274,67.12,1006.33,0,0,21.17,2023-10-02T06:24,2023-10-02T18:18,Sunny,0,29.9,44.17,0,28.97142857,66.70857143,0,90,143,0.99
Karachi,24.8607,67.0011,10/3/2023,Tuesday,10,Autumn,0,31.8,25,28.3,36.1,30.5,Hot,0,0,0,No Rain,25,229,83.75,1007.78,9.04,0,25.05,2023-10-03T06:24,2023-10-03T18:17,Sunny,0,28.6,67.12,0,29.17142857,67.84571429,0,191,299,1.26
Karachi,24.8607,67.0011,10/4/2023,Wednesday,10,Autumn,0,32,25.9,28.6,35.8,31.5,Hot,0,0,0,No Rain,23.4,235,80.5,1008.51,29.17,0,24.64,2023-10-04T06:25,2023-10-04T18:16,Sunny,0,28.3,83.75,0,29.17142857,68.70857143,0,125,116,1.4
Karachi,24.8607,67.0011,10/5/2023,Thursday,10,Autumn,0,31.6,26.1,28.8,35.5,31,Hot,0,0,0,No Rain,24.5,240,76.5,1007.96,46.58,0,24.12,2023-10-05T06:25,2023-10-05T18:15,Moderate,3,28.6,80.5,0,29.05714286,69.64857143,0,78,136,0.65
Karachi,24.8607,67.0011,10/6/2023,Friday,10,Autumn,0,31.5,26.9,28.9,33.6,31,Hot,0,0,0,No Rain,26.9,246,73.17,1006.88,48.67,0,23.51,2023-10-06T06:25,2023-10-06T18:14,Moderate,3,28.8,76.5,0,29.07142857,68.99428571,0,127,233,1.89
Karachi,24.8607,67.0011,10/7/2023,Saturday,10,Autumn,1,30.6,27.4,28.8,32.9,30.8,Hot,0.3,0.3,0,Light Rain,26.5,246,74.42,1007.52,48.46,0,23.76,2023-10-07T06:26,2023-10-07T18:13,Rainy,1,28.9,73.17,0,28.84285714,71.37571429,0.042857143,129,79,0.86
Karachi,24.8607,67.0011,10/8/2023,Sunday,10,Autumn,1,31.5,27,29,34.5,31.2,Hot,0.9,0.9,0,Light Rain,27.2,252,77.12,1009.07,47.42,0,24.56,2023-10-08T06:26,2023-10-08T18:12,Rainy,1,28.8,74.42,0.3,28.71428571,76.08285714,0.171428571,143,222,0.48
Karachi,24.8607,67.0011,10/9/2023,Monday,10,Autumn,0,32.1,27.2,29,34.2,31.1,Hot,0,0,0,No Rain,30.6,257,77.67,1010.03,36.33,0,24.47,2023-10-09T06:27,2023-10-09T18:11,Moderate,3,29,77.12,0.9,28.77142857,77.59,0.171428571,55,185,1.05
Karachi,24.8607,67.0011,10/10/2023,Tuesday,10,Autumn,0,32,26.8,28.8,34,30.4,Hot,0,0,0,No Rain,29.6,261,77.33,1009.7,41.79,0,24.22,2023-10-10T06:27,2023-10-10T18:10,Moderate,3,29,77.67,0,28.84285714,76.67285714,0.171428571,182,154,1.83
Karachi,24.8607,67.0011,10/11/2023,Wednesday,10,Autumn,0,32.3,26.1,28.7,36.2,31.5,Hot,0,0,0,No Rain,22.1,259,78.88,1010.67,21.25,0,24.42,2023-10-11T06:28,2023-10-11T18:09,Sunny,0,28.8,77.33,0,28.85714286,76.44142857,0.171428571,73,46,1.88
Karachi,24.8607,67.0011,10/12/2023,Thursday,10,Autumn,0,31.9,25.9,28.4,35,31.1,Hot,0,0,0,No Rain,22.2,246,77.71,1011.34,20.79,0,23.92,2023-10-12T06:28,2023-10-12T18:08,Sunny,0,28.7,78.88,0,28.8,76.61428571,0.171428571,20,129,1.62
Karachi,24.8607,67.0011,10/13/2023,Friday,10,Autumn,0,31.9,25.8,28.3,35.1,30.1,Hot,0,0,0,No Rain,21.2,247,74.92,1012.1,6.29,0,23.12,2023-10-13T06:29,2023-10-13T18:07,Sunny,0,28.4,77.71,0,28.71428571,76.86428571,0.171428571,177,202,0.29
Karachi,24.8607,67.0011,10/14/2023,Saturday,10,Autumn,1,31.5,25.2,28.2,34.3,29.3,Hot,0,0,0,No Rain,24.5,252,72.62,1011.5,13.33,0,22.64,2023-10-14T06:29,2023-10-14T18:06,Sunny,0,28.3,74.92,0,28.62857143,76.60714286,0.128571429,121,245,0.31
Karachi,24.8607,67.0011,10/15/2023,Sunday,10,Autumn,1,31.8,27,28.9,33.9,29.8,Hot,0.3,0.3,0,Light Rain,26.2,255,71.46,1009.7,40.83,0,23.13,2023-10-15T06:29,2023-10-15T18:05,Rainy,1,28.2,72.62,0,28.61428571,75.79857143,0.042857143,125,183,0.63
Karachi,24.8607,67.0011,10/16/2023,Monday,10,Autumn,0,31,23.5,27.9,33,24.8,Hot,1.2,1.2,0,Light Rain,29.7,259,75.12,1009.66,35.21,0,22.99,2023-10-16T06:30,2023-10-16T18:04,Rainy,1,28.9,71.46,0.3,28.45714286,75.43428571,0.214285714,181,177,0.3
Karachi,24.8607,67.0011,10/17/2023,Tuesday,10,Autumn,0,31,24.8,28,33.6,28.7,Hot,0.9,0.9,0,Light Rain,24.3,269,75.83,1011.32,18.17,0,23.15,2023-10-17T06:30,2023-10-17T18:03,Rainy,1,27.9,75.12,1.2,28.34285714,75.22,0.342857143,86,243,1.91
Karachi,24.8607,67.0011,10/18/2023,Wednesday,10,Autumn,0,34.5,24.5,28.6,35.7,28.5,Hot,0,0,0,No Rain,21.3,26,67.04,1014.27,5.04,0,20.81,2023-10-18T06:31,2023-10-18T18:03,Sunny,0,28,75.83,0.9,28.32857143,73.52857143,0.342857143,68,86,0.15
Karachi,24.8607,67.0011,10/19/2023,Thursday,10,Autumn,0,32.2,23.8,27.8,34.8,26.7,Hot,0,0,0,No Rain,20.8,271,69.08,1013.75,1.25,0,21.18,2023-10-19T06:31,2023-10-19T18:02,Sunny,0,28.6,67.04,0,28.24285714,72.29571429,0.342857143,22,148,1.73
Karachi,24.8607,67.0011,10/20/2023,Friday,10,Autumn,0,32.1,25,28.2,36.4,29.9,Hot,0,0,0,No Rain,19.4,265,78.04,1013.23,8.75,0,23.74,2023-10-20T06:32,2023-10-20T18:01,Sunny,0,27.8,69.08,0,28.22857143,72.74142857,0.342857143,32,254,0.78
Karachi,24.8607,67.0011,10/21/2023,Saturday,10,Autumn,1,34.2,24.6,28.5,37.2,29.8,Hot,0,0,0,No Rain,17.1,278,75.12,1013.38,15.5,0,22.62,2023-10-21T06:32,2023-10-21T18:00,Sunny,0,28.2,78.04,0,28.27142857,73.09857143,0.342857143,30,262,0.53
Karachi,24.8607,67.0011,10/22/2023,Sunday,10,Autumn,1,32.5,24.5,27.8,36.2,29.1,Hot,0,0,0,No Rain,21.2,278,80.38,1013.86,27.46,0,23.69,2023-10-22T06:33,2023-10-22T17:59,Sunny,0,28.5,75.12,0,28.11428571,74.37285714,0.3,125,287,1.65
Karachi,24.8607,67.0011,10/23/2023,Monday,10,Autumn,0,33.8,24.3,28,37.4,29.5,Hot,0,0,0,No Rain,18.9,286,78.71,1013.19,19,0,23.3,2023-10-23T06:33,2023-10-23T17:58,Sunny,0,27.8,80.38,0,28.12857143,74.88571429,0.128571429,29,194,1.3
Karachi,24.8607,67.0011,10/24/2023,Tuesday,10,Autumn,0,33.8,23.5,28,36.8,28.1,Hot,0,0,0,No Rain,19.2,271,76.62,1012.23,38,0,22.76,2023-10-24T06:34,2023-10-24T17:58,Moderate,3,28,78.71,0,28.12857143,74.99857143,0,181,168,0.99
Karachi,24.8607,67.0011,10/25/2023,Wednesday,10,Autumn,0,34.6,24.4,28.5,35.9,29.6,Hot,0,0,0,No Rain,18.5,283,76.04,1013.75,19.62,0,22.94,2023-10-25T06:35,2023-10-25T17:57,Sunny,0,28,76.62,0,28.11428571,76.28428571,0,122,209,1.83
Karachi,24.8607,67.0011,10/26/2023,Thursday,10,Autumn,0,34,24.5,28.2,34.1,29.2,Hot,0,0,0,No Rain,21.7,280,74.46,1013.74,20.62,0,22.07,2023-10-26T06:35,2023-10-26T17:56,Sunny,0,28.5,76.04,0,28.17142857,77.05285714,0,125,276,1.02
Karachi,24.8607,67.0011,10/27/2023,Friday,10,Autumn,0,32.3,24.8,28.2,35.9,29.1,Hot,0,0,0,No Rain,21.3,265,77.42,1011.63,90.67,0,23.48,2023-10-27T06:36,2023-10-27T17:55,Cloudy,2,28.2,74.46,0,28.17142857,76.96428571,0,30,131,1.73
Karachi,24.8607,67.0011,10/28/2023,Saturday,10,Autumn,1,34,25.4,28.5,35.7,30,Hot,0.6,0.6,0,Light Rain,21.6,273,73.83,1011.46,37.62,0,22.63,2023-10-28T06:36,2023-10-28T17:55,Rainy,1,28.2,77.42,0,28.17142857,76.78,0.085714286,70,195,1.95
Karachi,24.8607,67.0011,10/29/2023,Sunday,10,Autumn,1,33.8,23,27.6,35.8,27,Hot,0,0,0,No Rain,18,276,74.88,1012.29,16.54,0,21.62,2023-10-29T06:37,2023-10-29T17:54,Sunny,0,28.5,73.83,0.6,28.14285714,75.99428571,0.085714286,32,56,1.86
Karachi,24.8607,67.0011,10/30/2023,Monday,10,Autumn,0,35,23,28.4,34.8,26.9,Hot,0,0,0,No Rain,18,303,64.08,1012.38,16.33,0,18.62,2023-10-30T06:37,2023-10-30T17:53,Sunny,0,27.6,74.88,0,28.2,73.90428571,0.085714286,158,202,1.48
Karachi,24.8607,67.0011,10/31/2023,Tuesday,10,Autumn,0,36.6,22.9,29.6,34.3,21.8,Hot,0,0,0,No Rain,18.4,358,38.5,1012.55,12.88,0,12.08,2023-10-31T06:38,2023-10-31T17:52,Sunny,0,28.4,64.08,0,28.42857143,68.45857143,0.085714286,20,81,0.53
Karachi,24.8607,67.0011,11/1/2023,Wednesday,11,Autumn,0,35.7,23.7,29.9,33.8,23,Hot,0,0,0,No Rain,19.8,63,30.46,1013.19,12.08,0,10.09,2023-11-01T06:39,2023-11-01T17:52,Sunny,0,29.6,38.5,0,28.62857143,61.94714286,0.085714286,175,273,0.19
Karachi,24.8607,67.0011,11/2/2023,Thursday,11,Autumn,0,35.3,23.5,29.3,35.6,22.2,Hot,0,0,0,No Rain,25.5,300,36.42,1012.85,1.83,0,12.02,2023-11-02T06:39,2023-11-02T17:51,Sunny,0,29.9,30.46,0,28.78571429,56.51285714,0.085714286,186,247,0.38
Karachi,24.8607,67.0011,11/3/2023,Friday,11,Autumn,0,34.8,24.2,28.9,32.7,26.4,Hot,0,0,0,No Rain,25.6,286,58.38,1010.86,22.04,0,18.65,2023-11-03T06:40,2023-11-03T17:50,Sunny,0,29.3,36.42,0,28.88571429,53.79285714,0.085714286,103,265,0.81
Karachi,24.8607,67.0011,11/4/2023,Saturday,11,Autumn,1,32,24.6,28,34.9,28.8,Hot,0,0,0,No Rain,21.6,257,75.71,1010.43,33.67,0,23.06,2023-11-04T06:40,2023-11-04T17:50,Moderate,3,28.9,58.38,0,28.81428571,54.06142857,0,177,74,0.99
Karachi,24.8607,67.0011,11/5/2023,Sunday,11,Autumn,1,34.8,23.8,28,35.8,28.2,Hot,0,0,0,No Rain,15.6,298,71.75,1012.06,19.79,0,20.82,2023-11-05T06:41,2023-11-05T17:49,Sunny,0,28,75.71,0,28.87142857,53.61428571,0,187,300,1.54
Karachi,24.8607,67.0011,11/6/2023,Monday,11,Autumn,0,35,22.2,28.3,34,24.7,Hot,0,0,0,No Rain,17.9,308,58.29,1012.74,6.62,0,17.18,2023-11-06T06:42,2023-11-06T17:49,Sunny,0,28,71.75,0,28.85714286,52.78714286,0,193,115,0.93
Karachi,24.8607,67.0011,11/7/2023,Tuesday,11,Autumn,0,34.1,23,28.3,32.8,22.2,Hot,0,0,0,No Rain,18,42,44,1012.77,15.92,0,13.97,2023-11-07T06:42,2023-11-07T17:48,Sunny,0,28.3,58.29,0,28.67142857,53.57285714,0,139,188,1.09
Karachi,24.8607,67.0011,11/8/2023,Wednesday,11,Autumn,0,32.5,22.5,27.5,32.3,22.9,Hot,0,0,0,No Rain,16,95,49.38,1012.58,58,0,15.4,2023-11-08T06:43,2023-11-08T17:48,Moderate,3,28.3,44,0,28.32857143,56.27571429,0,130,197,0.41
Karachi,24.8607,67.0011,11/9/2023,Thursday,11,Autumn,0,33.4,22.3,27.5,33.9,24.9,Hot,0,0,0,No Rain,23.5,282,61.92,1012.66,14.5,0,18.38,2023-11-09T06:44,2023-11-09T17:47,Sunny,0,27.5,49.38,0,28.07142857,59.91857143,0,67,90,1.37
Karachi,24.8607,67.0011,11/10/2023,Friday,11,Autumn,0,34.7,22.1,27.7,31.7,21.3,Hot,0,0,0,No Rain,16.8,314,51.33,1013.78,0,0,13.39,2023-11-10T06:44,2023-11-10T17:47,Sunny,0,27.5,61.92,0,27.9,58.91142857,0,126,85,0.9
Karachi,24.8607,67.0011,11/11/2023,Saturday,11,Autumn,1,33.3,18.8,25.9,30.4,16.7,Hot,0,0,0,No Rain,17.3,50,34.96,1016.76,0,0,7.59,2023-11-11T06:45,2023-11-11T17:46,Sunny,0,27.7,51.33,0,27.6,53.09,0,120,235,0.26
Karachi,24.8607,67.0011,11/12/2023,Sunday,11,Autumn,1,31.7,18.8,25.2,31.1,17,Hot,0,0,0,No Rain,19.1,318,43.5,1016.9,63.42,0,11.29,2023-11-12T06:46,2023-11-12T17:46,Moderate,3,25.9,34.96,0,27.2,49.05428571,0,115,86,1.24
Karachi,24.8607,67.0011,11/13/2023,Monday,11,Autumn,0,30.3,18.8,24.5,29.3,19.4,Moderate,0,0,0,No Rain,16.3,331,56.88,1015.72,88.54,0,13.87,2023-11-13T06:46,2023-11-13T17:45,Cloudy,2,25.2,43.5,0,26.65714286,48.85285714,0,123,229,1.37
Karachi,24.8607,67.0011,11/14/2023,Tuesday,11,Autumn,0,31.9,19.8,25.8,28.7,17.9,Hot,0,0,0,No Rain,21.5,48,42.04,1015.48,29.08,0,9.5,2023-11-14T06:47,2023-11-14T17:45,Sunny,0,24.5,56.88,0,26.3,48.57285714,0,117,155,0.61
Karachi,24.8607,67.0011,11/15/2023,Wednesday,11,Autumn,0,31.3,20.4,25.7,28.2,17.7,Hot,0,0,0,No Rain,25.3,48,34.5,1015.79,15.33,0,8.1,2023-11-15T06:48,2023-11-15T17:44,Sunny,0,25.8,42.04,0,26.04285714,46.44714286,0,138,155,1.22
Karachi,24.8607,67.0011,11/16/2023,Thursday,11,Autumn,0,31.4,19.5,25.3,28.1,17.3,Hot,0,0,0,No Rain,19.2,44,33.08,1015.93,33.54,0,6.75,2023-11-16T06:48,2023-11-16T17:44,Moderate,3,25.7,34.5,0,25.72857143,42.32714286,0,140,297,1.68
Karachi,24.8607,67.0011,11/17/2023,Friday,11,Autumn,0,30,20.2,24.8,25.3,17.6,Moderate,0,0,0,No Rain,26,52,32.42,1015.94,78.96,0,6.5,2023-11-17T06:49,2023-11-17T17:44,Cloudy,2,25.3,33.08,0,25.31428571,39.62571429,0,133,181,1.82
Karachi,24.8607,67.0011,11/18/2023,Saturday,11,Autumn,1,30.1,19.1,24.5,28.7,16.3,Moderate,0,0,0,No Rain,17.9,26,31.29,1014.57,9.21,0,5.67,2023-11-18T06:50,2023-11-18T17:43,Sunny,0,24.8,32.42,0,25.11428571,39.10142857,0,143,188,0.86
Karachi,24.8607,67.0011,11/19/2023,Sunday,11,Autumn,1,31.2,18,24.4,28.9,15.4,Moderate,0,0,0,No Rain,14.5,24,35.92,1014.79,0,0,7.48,2023-11-19T06:50,2023-11-19T17:43,Sunny,0,24.5,31.29,0,25,38.01857143,0,69,247,0.62
Karachi,24.8607,67.0011,11/20/2023,Monday,11,Autumn,0,31.5,19.7,25.3,27.7,16.9,Hot,0,0,0,No Rain,25.6,50,35.21,1015.44,0.96,0,8.13,2023-11-20T06:51,2023-11-20T17:43,Sunny,0,24.4,35.92,0,25.11428571,34.92285714,0,191,255,1.68
Karachi,24.8607,67.0011,11/21/2023,Tuesday,11,Autumn,0,31.7,20.9,25.9,28.7,18,Hot,0,0,0,No Rain,24.9,59,33.38,1015.19,23.12,0,7.9,2023-11-21T06:52,2023-11-21T17:43,Sunny,0,25.3,35.21,0,25.12857143,33.68571429,0,91,64,1.62
Karachi,24.8607,67.0011,11/22/2023,Wednesday,11,Autumn,0,29.9,17.7,24.1,28.5,15.6,Moderate,0,0,0,No Rain,19.5,314,45.08,1013.94,9.62,0,10.67,2023-11-22T06:53,2023-11-22T17:43,Sunny,0,25.9,33.38,0,24.9,35.19714286,0,106,63,0.61
Karachi,24.8607,67.0011,11/23/2023,Thursday,11,Autumn,0,31.7,22.3,25.9,32.9,24.1,Hot,0,0,0,No Rain,17.6,274,66.21,1010.69,0.58,0,18.34,2023-11-23T06:53,2023-11-23T17:42,Sunny,0,24.1,45.08,0,24.98571429,39.93,0,77,131,0.91
Karachi,24.8607,67.0011,11/24/2023,Friday,11,Autumn,0,31.6,19.5,25.6,31.5,21.2,Hot,0,0,0,No Rain,23.2,68,60.92,1012.05,33.25,0,15.93,2023-11-24T06:54,2023-11-24T17:42,Moderate,3,25.9,66.21,0,25.1,44.00142857,0,164,203,0.52
Karachi,24.8607,67.0011,11/25/2023,Saturday,11,Autumn,1,31.8,22.5,26.6,27.5,19.2,Hot,0,0,0,No Rain,29.3,59,37.62,1012.82,75,0,10.24,2023-11-25T06:55,2023-11-25T17:42,Cloudy,2,25.6,60.92,0,25.4,44.90571429,0,82,69,1.36
Karachi,24.8607,67.0011,11/26/2023,Sunday,11,Autumn,1,26.6,18.2,22,23.4,17.7,Moderate,3.8,3.8,0,Light Rain,33.2,43,59.46,1013.83,22.88,0,13.21,2023-11-26T06:55,2023-11-26T17:42,Rainy,1,26.6,37.62,0,25.05714286,48.26857143,0.542857143,95,295,0.18
Karachi,24.8607,67.0011,11/27/2023,Monday,11,Autumn,0,26.4,16.3,20.7,24.5,15.8,Moderate,0,0,0,No Rain,21.2,18,65,1013.93,3.58,0,13.51,2023-11-27T06:56,2023-11-27T17:42,Sunny,0,22,59.46,3.8,24.4,52.52428571,0.542857143,139,30,0.71
Karachi,24.8607,67.0011,11/28/2023,Tuesday,11,Autumn,0,27.8,16.4,21.1,24.8,15,Moderate,0,0,0,No Rain,20,35,58.46,1014.4,3.79,0,11.77,2023-11-28T06:57,2023-11-28T17:42,Sunny,0,20.7,65,0,23.71428571,56.10714286,0.542857143,162,62,1.91
Karachi,24.8607,67.0011,11/29/2023,Wednesday,11,Autumn,0,28,15.8,21,25.2,14.1,Moderate,0,0,0,No Rain,20.5,23,55.67,1014.67,7.25,0,10.47,2023-11-29T06:58,2023-11-29T17:42,Sunny,0,21.1,58.46,0,23.27142857,57.62,0.542857143,29,241,0.2
Karachi,24.8607,67.0011,11/30/2023,Thursday,11,Autumn,0,28.2,15.8,21.6,28.2,14.9,Moderate,0,0,0,No Rain,15.3,344,60.96,1014.91,5.38,0,13.08,2023-11-30T06:58,2023-11-30T17:42,Sunny,0,21,55.67,0,22.65714286,56.87,0.542857143,131,74,0.49
Karachi,24.8607,67.0011,12/1/2023,Friday,12,Winter,0,29.6,16.8,22.7,27.8,15.8,Moderate,0,0,0,No Rain,15.1,39,52.46,1015.73,0,0,11.18,2023-12-01T06:59,2023-12-01T17:42,Sunny,0,21.6,60.96,0,22.24285714,55.66142857,0.542857143,43,37,1.69
Karachi,24.8607,67.0011,12/2/2023,Saturday,12,Winter,1,28.6,18,22.6,24.8,16.3,Moderate,0,0,0,No Rain,24.7,47,49.21,1015.71,0,0,10.51,2023-12-02T07:00,2023-12-02T17:42,Sunny,0,22.7,52.46,0,21.67142857,57.31714286,0.542857143,193,151,0.39
Karachi,24.8607,67.0011,12/3/2023,Sunday,12,Winter,1,28.8,17.6,22.5,25,15.9,Moderate,0,0,0,No Rain,23.6,39,49.71,1016.18,0,0,10.34,2023-12-03T07:00,2023-12-03T17:42,Sunny,0,22.6,49.21,0,21.74285714,55.92428571,0,161,251,1.64
Karachi,24.8607,67.0011,12/4/2023,Monday,12,Winter,0,29.2,16.6,22,26.5,15,Moderate,0,0,0,No Rain,15.1,26,50.83,1015.73,0,0,10.13,2023-12-04T07:01,2023-12-04T17:42,Sunny,0,22.5,49.71,0,21.92857143,53.9,0,200,64,0.74
Karachi,24.8607,67.0011,12/5/2023,Tuesday,12,Winter,0,28.6,16.2,21.7,25.7,14,Moderate,0,0,0,No Rain,20.7,31,46.71,1014.99,0,0,8.62,2023-12-05T07:02,2023-12-05T17:42,Sunny,0,22,50.83,0,22.01428571,52.22142857,0,54,267,1.69
Karachi,24.8607,67.0011,12/6/2023,Wednesday,12,Winter,0,28.2,16.2,21.5,23.9,13.9,Moderate,0,0,0,No Rain,23.9,49,42.54,1015.3,0,0,7.03,2023-12-06T07:02,2023-12-06T17:42,Sunny,0,21.7,46.71,0,22.08571429,50.34571429,0,157,294,0.51
Karachi,24.8607,67.0011,12/7/2023,Thursday,12,Winter,0,28,16.1,21.6,23.8,13.5,Moderate,0,0,0,No Rain,21.7,45,40.29,1015.51,0,0,6.68,2023-12-07T07:03,2023-12-07T17:42,Sunny,0,21.5,42.54,0,22.08571429,47.39285714,0,142,298,0.24
Karachi,24.8607,67.0011,12/8/2023,Friday,12,Winter,0,27,14.7,20.8,26,12.1,Moderate,0,0,0,No Rain,18.3,336,53.67,1014.79,0,0,10.34,2023-12-08T07:04,2023-12-08T17:43,Sunny,0,21.6,40.29,0,21.81428571,47.56571429,0,120,58,1.07
Karachi,24.8607,67.0011,12/9/2023,Saturday,12,Winter,1,28.4,17.4,22.2,28.2,18.3,Moderate,0,0,0,No Rain,18.8,301,72.25,1015.02,13.96,0,16.18,2023-12-09T07:04,2023-12-09T17:43,Sunny,0,20.8,53.67,0,21.75714286,50.85714286,0,65,272,1.2
Karachi,24.8607,67.0011,12/10/2023,Sunday,12,Winter,1,26.6,14.9,20.9,25.9,13.7,Moderate,0,0,0,No Rain,13.8,346,62.25,1014.56,0.83,0,12.63,2023-12-10T07:05,2023-12-10T17:43,Sunny,0,22.2,72.25,0,21.52857143,52.64857143,0,192,212,1.26
Karachi,24.8607,67.0011,12/11/2023,Monday,12,Winter,0,26.9,15.4,21.1,27.2,16.1,Moderate,0,0,0,No Rain,18.5,285,77.88,1013.39,17.88,0,16.71,2023-12-11T07:06,2023-12-11T17:43,Sunny,0,20.9,62.25,0,21.4,56.51285714,0,180,110,1.22
Karachi,24.8607,67.0011,12/12/2023,Tuesday,12,Winter,0,27,16,21.5,28.2,16.3,Moderate,0,0,0,No Rain,12,50,70.21,1011.88,54.42,0,15.31,2023-12-12T07:06,2023-12-12T17:44,Moderate,3,21.1,77.88,0,21.37142857,59.87,0,37,287,1.56
Karachi,24.8607,67.0011,12/13/2023,Wednesday,12,Winter,0,28.4,16.2,22.2,26,14.5,Moderate,0,0,0,No Rain,16.5,73,46.33,1014.03,80.29,0,9.41,2023-12-13T07:07,2023-12-13T17:44,Cloudy,2,21.5,70.21,0,21.47142857,60.41142857,0,166,123,1.98
Karachi,24.8607,67.0011,12/14/2023,Thursday,12,Winter,0,27.6,15.1,21.3,25.7,13.1,Moderate,0,0,0,No Rain,14.5,65,47.12,1015.1,34.08,0,8.7,2023-12-14T07:08,2023-12-14T17:44,Moderate,3,22.2,46.33,0,21.42857143,61.38714286,0,41,36,1.46
Karachi,24.8607,67.0011,12/15/2023,Friday,12,Winter,0,27.2,14.8,21,25.8,12.5,Moderate,0,0,0,No Rain,12.6,13,46.58,1015.73,13.04,0,8.31,2023-12-15T07:08,2023-12-15T17:45,Sunny,0,21.3,47.12,0,21.45714286,60.37428571,0,173,240,0.52
Karachi,24.8607,67.0011,12/16/2023,Saturday,12,Winter,1,27.3,15.3,21.2,28,14.3,Moderate,0,0,0,No Rain,18.2,334,62.38,1016.18,10.5,0,13.35,2023-12-16T07:09,2023-12-16T17:45,Sunny,0,21,46.58,0,21.31428571,58.96428571,0,124,288,0.94
Karachi,24.8607,67.0011,12/17/2023,Sunday,12,Winter,1,26.5,15.9,21.4,26.3,14.6,Moderate,0,0,0,No Rain,19,22,56.58,1016.8,0.33,0,11.58,2023-12-17T07:09,2023-12-17T17:45,Sunny,0,21.2,62.38,0,21.38571429,58.15428571,0,61,298,1.13
Karachi,24.8607,67.0011,12/18/2023,Monday,12,Winter,0,26.6,16.7,21.2,21,12.3,Moderate,0,0,0,No Rain,30.8,53,35.96,1019.06,26.62,0,4.89,2023-12-18T07:10,2023-12-18T17:46,Sunny,0,21.4,56.58,0,21.4,52.16571429,0,116,111,1.53
Karachi,24.8607,67.0011,12/19/2023,Tuesday,12,Winter,0,26.1,17,21,21.3,12.8,Moderate,0,0,0,No Rain,28.5,57,34.08,1019.21,63.58,0,4.1,2023-12-19T07:11,2023-12-19T17:46,Moderate,3,21.2,35.96,0,21.32857143,47.00428571,0,135,81,1.52
Karachi,24.8607,67.0011,12/20/2023,Wednesday,12,Winter,0,26.4,15.7,20.7,22.6,11.9,Moderate,0,0,0,No Rain,20.1,54,32.62,1018.36,24.92,0,2.81,2023-12-20T07:11,2023-12-20T17:47,Sunny,0,21,34.08,0,21.11428571,45.04571429,0,187,113,2
Karachi,24.8607,67.0011,12/21/2023,Thursday,12,Winter,0,27,14.1,20.5,24.1,10.5,Moderate,0,0,0,No Rain,15,30,35.83,1016.28,43.08,0,3.82,2023-12-21T07:12,2023-12-21T17:47,Moderate,3,20.7,32.62,0,21,43.43285714,0,137,157,1.55
Karachi,24.8607,67.0011,12/22/2023,Friday,12,Winter,0,27.6,17,22,25.5,13.6,Moderate,0,0,0,No Rain,18.6,351,34.25,1015.04,28.83,0,4.74,2023-12-22T07:12,2023-12-22T17:48,Sunny,0,20.5,35.83,0,21.14285714,41.67142857,0,78,95,1.04
Karachi,24.8607,67.0011,12/23/2023,Saturday,12,Winter,1,28.8,15.4,21.6,24.6,12,Moderate,0,0,0,No Rain,20.9,41,32.33,1016.28,0,0,2.91,2023-12-23T07:13,2023-12-23T17:48,Sunny,0,22,34.25,0,21.2,37.37857143,0,102,248,1.04
Karachi,24.8607,67.0011,12/24/2023,Sunday,12,Winter,1,28.9,17.7,22.7,24.3,13.8,Moderate,0,0,0,No Rain,27.8,48,34.5,1018.52,15.12,0,5.42,2023-12-24T07:13,2023-12-24T17:49,Sunny,0,21.6,32.33,0,21.38571429,34.22428571,0,25,265,1.99
Karachi,24.8607,67.0011,12/25/2023,Monday,12,Winter,0,28.4,17.2,22.1,25.8,13.9,Moderate,0,0,0,No Rain,22.2,46,39.12,1018.21,0,0,6.5,2023-12-25T07:13,2023-12-25T17:49,Sunny,0,22.7,34.5,0,21.51428571,34.67571429,0,53,224,0.7
Karachi,24.8607,67.0011,12/26/2023,Tuesday,12,Winter,0,26.2,13.1,19.9,25.9,11,Moderate,0,0,0,No Rain,16.6,312,58.75,1017.19,5.62,0,11.15,2023-12-26T07:14,2023-12-26T17:50,Sunny,0,22.1,39.12,0,21.35714286,38.2,0,51,156,1.71
Karachi,24.8607,67.0011,12/27/2023,Wednesday,12,Winter,0,28.9,15.9,21.6,25.6,14.4,Moderate,0,0,0,No Rain,23.7,54,51.12,1018.13,50.67,0,9.23,2023-12-27T07:14,2023-12-27T17:50,Moderate,3,19.9,58.75,0,21.48571429,40.84285714,0,141,157,0.81
Karachi,24.8607,67.0011,12/28/2023,Thursday,12,Winter,0,28,16,21.6,24.1,13.3,Moderate,0,0,0,No Rain,23.6,47,41.79,1016.77,34.25,0,7.25,2023-12-28T07:15,2023-12-28T17:51,Moderate,3,21.6,51.12,0,21.64285714,41.69428571,0,66,57,0.79
Karachi,24.8607,67.0011,12/29/2023,Friday,12,Winter,0,28.1,15.4,21.4,25.8,12.3,Moderate,0,0,0,No Rain,15.5,45,41.67,1015.7,0,0,6.75,2023-12-29T07:15,2023-12-29T17:51,Sunny,0,21.6,41.79,0,21.55714286,42.75428571,0,84,163,1.56
Karachi,24.8607,67.0011,12/30/2023,Saturday,12,Winter,1,28.3,16.6,21.8,25,13.3,Moderate,0,0,0,No Rain,21.4,41,39.17,1016.02,0,0,6.62,2023-12-30T07:15,2023-12-30T17:52,Sunny,0,21.4,41.67,0,21.58571429,43.73142857,0,35,192,1.79
Karachi,24.8607,67.0011,12/31/2023,Sunday,12,Winter,1,27.5,14.9,20.7,24.3,12.7,Moderate,0,0,0,No Rain,20.2,57,43.83,1016.2,0,0,6.91,2023-12-31T07:16,2023-12-31T17:53,Sunny,0,21.8,39.17,0,21.3,45.06428571,0,132,230,0.47
Lahore,31.5204,74.3587,1/1/2023,Sunday,1,Winter,1,16.9,6.1,11.4,16,3.6,Cold,0,0,0,No Rain,9.2,323,78.5,993.82,64.62,0,7.47,2023-01-01T07:01,2023-01-01T17:09,Moderate,3,,,,,,,165,287,1.2
Lahore,31.5204,74.3587,1/2/2023,Monday,1,Winter,0,15.7,3.8,9.3,15.5,1.9,Cold,0,0,0,No Rain,7.4,75,88.83,995.03,33.29,0,7.37,2023-01-02T07:01,2023-01-02T17:10,Moderate,3,11.4,78.5,0,,,,84,136,1.64
Lahore,31.5204,74.3587,1/3/2023,Tuesday,1,Winter,0,16,3.3,8.9,14.9,1.2,Cold,0,0,0,No Rain,10,344,88.83,996.45,54.29,0,7.01,2023-01-03T07:02,2023-01-03T17:11,Moderate,3,9.3,88.83,0,,,,135,31,0.89
Lahore,31.5204,74.3587,1/4/2023,Wednesday,1,Winter,0,16.5,5.2,9.8,14.6,2.6,Cold,0,0,0,No Rain,9.7,290,84.42,996.56,19.08,0,6.92,2023-01-04T07:02,2023-01-04T17:11,Sunny,0,8.9,88.83,0,,,,128,100,1.5
Lahore,31.5204,74.3587,1/5/2023,Thursday,1,Winter,0,15.1,1.2,7.1,14.4,-1.3,Cold,0,0,0,No Rain,6.3,121,92.33,997.22,54.08,0,5.79,2023-01-05T07:02,2023-01-05T17:12,Moderate,3,9.8,84.42,0,,,,62,115,1.03
Lahore,31.5204,74.3587,1/6/2023,Friday,1,Winter,0,12.5,3.2,6.9,11.9,1.1,Cold,0.2,0.2,0,Light Rain,5.2,135,94.25,997.85,99.75,0,6,2023-01-06T07:02,2023-01-06T17:13,Rainy,1,7.1,92.33,0,,,,42,272,0.65
Lahore,31.5204,74.3587,1/7/2023,Saturday,1,Winter,1,14.1,4.6,8.5,12.5,2.8,Cold,0.4,0.4,0,Light Rain,12.2,291,92.79,996.29,87.83,0,7.35,2023-01-07T07:02,2023-01-07T17:14,Rainy,1,6.9,94.25,0.2,8.842857143,88.56428571,0.085714286,62,148,1.58
Lahore,31.5204,74.3587,1/8/2023,Sunday,1,Winter,1,15.8,5.3,9.6,14.9,2.8,Cold,0,0,0,No Rain,10.3,293,92.83,993.34,94.25,0,8.34,2023-01-08T07:02,2023-01-08T17:15,Cloudy,2,8.5,92.79,0.4,8.585714286,90.61142857,0.085714286,151,227,0.84
Lahore,31.5204,74.3587,1/9/2023,Monday,1,Winter,0,16.5,6.1,10.3,16.6,4,Cold,0,0,0,No Rain,8.7,245,90.54,993.85,93.75,0,8.67,2023-01-09T07:02,2023-01-09T17:15,Cloudy,2,9.6,92.83,0,8.728571429,90.85571429,0.085714286,46,53,1.79
Lahore,31.5204,74.3587,1/10/2023,Tuesday,1,Winter,0,16.9,6.8,10.5,16.3,4.7,Cold,0,0,0,No Rain,9.4,275,92.58,993.29,67.83,0,9.26,2023-01-10T07:02,2023-01-10T17:16,Moderate,3,10.3,90.54,0,8.957142857,91.39142857,0.085714286,127,108,0.22
Lahore,31.5204,74.3587,1/11/2023,Wednesday,1,Winter,0,13.4,7,10.6,12.8,5.4,Cold,2.8,2.8,0,Light Rain,12.4,111,95.75,988.26,88.25,0,9.97,2023-01-11T07:02,2023-01-11T17:17,Rainy,1,10.5,92.58,0,9.071428571,93.01,0.485714286,107,251,1.14
Lahore,31.5204,74.3587,1/12/2023,Thursday,1,Winter,0,18.1,7.8,11.9,17,6.1,Cold,0,0,0,No Rain,10.4,80,85.88,986.75,9.21,0,9.36,2023-01-12T07:02,2023-01-12T17:18,Sunny,0,10.6,95.75,2.8,9.757142857,92.08857143,0.485714286,58,206,0.53
Lahore,31.5204,74.3587,1/13/2023,Friday,1,Winter,0,16.5,6.7,11.1,15.8,4.6,Cold,0,0,0,No Rain,8.9,278,87.83,987.85,33.08,0,8.96,2023-01-13T07:02,2023-01-13T17:19,Moderate,3,11.9,85.88,0,10.35714286,91.17142857,0.457142857,127,37,0.71
Lahore,31.5204,74.3587,1/14/2023,Saturday,1,Winter,1,15.7,5.9,9.9,13.5,2.6,Cold,0,0,0,No Rain,10.8,311,78.33,991.54,34.33,0,5.94,2023-01-14T07:02,2023-01-14T17:20,Moderate,3,11.1,87.83,0,10.55714286,89.10571429,0.4,66,177,1.79
Lahore,31.5204,74.3587,1/15/2023,Sunday,1,Winter,1,15.4,2.7,7.9,12.4,-0.5,Cold,0,0,0,No Rain,10.2,279,66.33,989.42,0,0,1.68,2023-01-15T07:02,2023-01-15T17:21,Sunny,0,9.9,78.33,0,10.31428571,85.32,0.4,20,88,0.76
Lahore,31.5204,74.3587,1/16/2023,Monday,1,Winter,0,15.6,2.2,8.1,12.6,-0.9,Cold,0,0,0,No Rain,10.7,300,63.25,990.7,0,0,1.2,2023-01-16T07:02,2023-01-16T17:21,Sunny,0,7.9,66.33,0,10,81.42142857,0.4,81,230,0.98
Lahore,31.5204,74.3587,1/17/2023,Tuesday,1,Winter,0,16.1,1.1,8.7,13.1,-2.6,Cold,0,0,0,No Rain,9.7,293,60.25,991.01,6.21,0,1.02,2023-01-17T07:01,2023-01-17T17:22,Sunny,0,8.1,63.25,0,9.742857143,76.80285714,0.4,192,240,1.26
Lahore,31.5204,74.3587,1/18/2023,Wednesday,1,Winter,0,15.9,2.8,9.3,13.5,-0.3,Cold,0,0,0,No Rain,8.6,299,68.08,992.98,98.17,0,3.3,2023-01-18T07:01,2023-01-18T17:23,Cloudy,2,8.7,60.25,0,9.557142857,72.85,0,91,117,1.43
Lahore,31.5204,74.3587,1/19/2023,Thursday,1,Winter,0,18.4,8.2,12.8,15.8,5.9,Cold,0,0,0,No Rain,9.6,326,61.83,993.54,72.67,0,5.3,2023-01-19T07:01,2023-01-19T17:24,Cloudy,2,9.3,68.08,0,9.685714286,69.41428571,0,165,153,0.54
Lahore,31.5204,74.3587,1/20/2023,Friday,1,Winter,0,12.6,7.2,10.6,11.3,5.3,Cold,2.7,2.7,0,Light Rain,10.8,75,85.08,992.82,73.88,0,8.12,2023-01-20T07:01,2023-01-20T17:25,Rainy,1,12.8,61.83,0,9.614285714,69.02142857,0.385714286,135,142,0.68
Lahore,31.5204,74.3587,1/21/2023,Saturday,1,Winter,1,17.8,6.4,11.1,16.2,4.1,Cold,0,0,0,No Rain,9.5,332,78.29,992.3,11.46,0,7.07,2023-01-21T07:00,2023-01-21T17:26,Sunny,0,10.6,85.08,2.7,9.785714286,69.01571429,0.385714286,155,63,0.45
Lahore,31.5204,74.3587,1/22/2023,Sunday,1,Winter,1,18,7.2,11.8,15.8,5.2,Cold,0,0,0,No Rain,9.3,338,72.46,991.27,25.58,0,6.46,2023-01-22T07:00,2023-01-22T17:27,Sunny,0,11.1,78.29,0,10.34285714,69.89142857,0.385714286,156,136,0.6
Lahore,31.5204,74.3587,1/23/2023,Monday,1,Winter,0,18.9,9.1,13.1,16.3,7,Cold,0,0,0,No Rain,16.3,341,64.33,991.35,50.21,0,6.37,2023-01-23T06:59,2023-01-23T17:28,Moderate,3,11.8,72.46,0,11.05714286,70.04571429,0.385714286,64,298,1.03
Lahore,31.5204,74.3587,1/24/2023,Tuesday,1,Winter,0,18.1,8.7,12.8,16.4,5.5,Cold,0,0,0,No Rain,12.3,338,67.33,988.54,66.21,0,6.63,2023-01-24T06:59,2023-01-24T17:29,Moderate,3,13.1,64.33,0,11.64285714,71.05714286,0.385714286,177,204,1
Lahore,31.5204,74.3587,1/25/2023,Wednesday,1,Winter,0,17.5,8.8,12.7,17.4,7.2,Cold,0.5,0.5,0,Light Rain,8.7,50,88.17,990.2,60.5,0,10.6,2023-01-25T06:59,2023-01-25T17:29,Rainy,1,12.8,67.33,0,12.12857143,73.92714286,0.457142857,184,82,0.75
Lahore,31.5204,74.3587,1/26/2023,Thursday,1,Winter,0,17.5,7.9,10.8,14.9,5.1,Cold,0,0,0,No Rain,12.8,313,77.92,993.67,42.92,0,6.53,2023-01-26T06:58,2023-01-26T17:30,Moderate,3,12.7,88.17,0.5,11.84285714,76.22571429,0.457142857,98,185,1.89
Lahore,31.5204,74.3587,1/27/2023,Friday,1,Winter,0,18.8,3.5,10.6,16.1,0.7,Cold,0,0,0,No Rain,11,300,65.79,992.78,0.25,0,4.05,2023-01-27T06:58,2023-01-27T17:31,Sunny,0,10.8,77.92,0,11.84285714,73.47,0.071428571,150,179,0.39
Lahore,31.5204,74.3587,1/28/2023,Saturday,1,Winter,1,19.7,5.8,11.5,17.1,2.8,Cold,0,0,0,No Rain,10.7,313,61.92,989,71.12,0,3.98,2023-01-28T06:57,2023-01-28T17:32,Cloudy,2,10.6,65.79,0,11.9,71.13142857,0.071428571,146,40,1.88
Lahore,31.5204,74.3587,1/29/2023,Sunday,1,Winter,1,19.3,6.4,12.3,16.6,4.2,Cold,6.6,6.6,0,Light Rain,20.1,115,74.67,987.02,82.33,0,7.55,2023-01-29T06:57,2023-01-29T17:33,Rainy,1,11.5,61.92,0,11.97142857,71.44714286,1.014285714,143,162,1.48
Lahore,31.5204,74.3587,1/30/2023,Monday,1,Winter,0,18.1,10.6,13.4,17.2,8.6,Cold,2.1,2.1,0,Light Rain,20.7,132,87.17,991.79,58.79,0,11.25,2023-01-30T06:56,2023-01-30T17:34,Rainy,1,12.3,74.67,6.6,12.01428571,74.71,1.314285714,175,43,0.7
Lahore,31.5204,74.3587,1/31/2023,Tuesday,1,Winter,0,18.8,7.1,12.4,16.7,5.1,Cold,0,0,0,No Rain,14.7,322,82,994.35,20.25,0,9.01,2023-01-31T06:55,2023-01-31T17:35,Sunny,0,13.4,87.17,2.1,11.95714286,76.80571429,1.314285714,131,189,0.57
Lahore,31.5204,74.3587,2/1/2023,Wednesday,2,Winter,0,20.4,6.3,12.6,18.1,4.1,Cold,0,0,0,No Rain,12.3,302,69.67,992.27,20.29,0,6.68,2023-02-01T06:55,2023-02-01T17:36,Sunny,0,12.4,82,0,11.94285714,74.16285714,1.242857143,63,153,0.95
Lahore,31.5204,74.3587,2/2/2023,Thursday,2,Winter,0,21.9,6.8,13.5,19.3,4.6,Cold,0,0,0,No Rain,12.9,306,66.12,990.78,55.38,0,6.56,2023-02-02T06:54,2023-02-02T17:37,Moderate,3,12.6,69.67,0,12.32857143,72.47714286,1.242857143,134,234,1.51
Lahore,31.5204,74.3587,2/3/2023,Friday,2,Winter,0,22.6,7,14,21,4.6,Cold,0,0,0,No Rain,10,328,71.25,990.05,43.12,0,8.17,2023-02-03T06:54,2023-02-03T17:38,Moderate,3,13.5,66.12,0,12.81428571,73.25714286,1.242857143,31,93,0.33
Lahore,31.5204,74.3587,2/4/2023,Saturday,2,Winter,1,23.5,8.6,15.4,21.3,7,Moderate,0,0,0,No Rain,11.6,309,66.67,988.17,1.12,0,8.28,2023-02-04T06:53,2023-02-04T17:39,Sunny,0,14,71.25,0,13.37142857,73.93571429,1.242857143,183,95,1.7
Lahore,31.5204,74.3587,2/5/2023,Sunday,2,Winter,1,23.1,8.4,15.2,22,6.2,Moderate,0,0,0,No Rain,10.1,4,64.38,986.3,9.46,0,7.79,2023-02-05T06:52,2023-02-05T17:40,Sunny,0,15.4,66.67,0,13.78571429,72.46571429,0.3,160,111,1.19
Lahore,31.5204,74.3587,2/6/2023,Monday,2,Winter,0,22.2,12.4,16.6,20.5,10.4,Moderate,0.3,0.3,0,Light Rain,21,53,69.17,986.59,15.88,0,10.61,2023-02-06T06:51,2023-02-06T17:40,Rainy,1,15.2,64.38,0,14.24285714,69.89428571,0.042857143,132,192,1.36
Lahore,31.5204,74.3587,2/7/2023,Tuesday,2,Winter,0,22.5,11.4,16.1,19.3,8.5,Moderate,0,0,0,No Rain,17.7,326,53.62,987.05,0.46,0,6.02,2023-02-07T06:51,2023-02-07T17:41,Sunny,0,16.6,69.17,0.3,14.77142857,65.84,0.042857143,129,249,1.4
Lahore,31.5204,74.3587,2/8/2023,Wednesday,2,Winter,0,22.6,8.6,15,20,6.3,Cold,0,0,0,No Rain,9.2,351,55.79,988.06,66.25,0,5.5,2023-02-08T06:50,2023-02-08T17:42,Moderate,3,16.1,53.62,0,15.11428571,63.85714286,0.042857143,55,59,1.41
Lahore,31.5204,74.3587,2/9/2023,Thursday,2,Winter,0,20.9,8.6,14.5,19.1,6.7,Cold,0,0,0,No Rain,22.7,93,68.96,985.16,63.83,0,8.45,2023-02-09T06:49,2023-02-09T17:43,Moderate,3,15,55.79,0,15.25714286,64.26285714,0.042857143,126,61,0.51
Lahore,31.5204,74.3587,2/10/2023,Friday,2,Winter,0,25,11.9,17.3,23.8,10.7,Moderate,0,0,0,No Rain,17,91,62.04,985.1,9.46,0,9.2,2023-02-10T06:48,2023-02-10T17:44,Sunny,0,14.5,68.96,0,15.72857143,62.94714286,0.042857143,125,267,0.43
Lahore,31.5204,74.3587,2/11/2023,Saturday,2,Winter,1,22.2,9.1,14.8,20.8,6.8,Cold,0,0,0,No Rain,14.8,326,55.29,988.77,1.04,0,3.87,2023-02-11T06:47,2023-02-11T17:45,Sunny,0,17.3,62.04,0,15.64285714,61.32142857,0.042857143,161,260,0.24
Lahore,31.5204,74.3587,2/12/2023,Sunday,2,Winter,1,20.7,6.8,13.2,16.4,3.8,Cold,0,0,0,No Rain,17.2,329,37.5,993.19,12.42,0,-2.43,2023-02-12T06:47,2023-02-12T17:46,Sunny,0,14.8,55.29,0,15.35714286,57.48142857,0.042857143,116,204,0.9
Lahore,31.5204,74.3587,2/13/2023,Monday,2,Winter,0,22,7.6,14.1,17.4,2.9,Cold,0,0,0,No Rain,14.8,309,31.58,991.1,2.96,0,-3.21,2023-02-13T06:46,2023-02-13T17:46,Sunny,0,13.2,37.5,0,15,52.11142857,0,159,215,1.58
Lahore,31.5204,74.3587,2/14/2023,Tuesday,2,Winter,0,23.9,8.1,15.5,21,4.4,Moderate,0,0,0,No Rain,10.4,323,39.58,990.25,47.21,0,0.95,2023-02-14T06:45,2023-02-14T17:47,Moderate,3,14.1,31.58,0,14.91428571,50.10571429,0,118,182,1.87
Lahore,31.5204,74.3587,2/15/2023,Wednesday,2,Winter,0,28,9.7,18.4,24.8,7.5,Moderate,0,0,0,No Rain,14.6,322,46.96,987.96,22.38,0,5.74,2023-02-15T06:44,2023-02-15T17:48,Sunny,0,15.5,39.58,0,15.4,48.84428571,0,144,267,1.81
Lahore,31.5204,74.3587,2/16/2023,Thursday,2,Winter,0,30,11.1,19.5,28,9.7,Moderate,0,0,0,No Rain,9.8,344,55.62,988.8,91.5,0,8.64,2023-02-16T06:43,2023-02-16T17:49,Cloudy,2,18.4,46.96,0,16.11428571,46.93857143,0,136,79,0.35
Lahore,31.5204,74.3587,2/17/2023,Friday,2,Winter,0,29.2,11.9,19.7,28.5,11.5,Moderate,0,0,0,No Rain,8.7,83,66.08,990.46,99,0,11.64,2023-02-17T06:42,2023-02-17T17:50,Cloudy,2,19.5,55.62,0,16.45714286,47.51571429,0,99,183,1.61
Lahore,31.5204,74.3587,2/18/2023,Saturday,2,Winter,1,29.8,11.9,20.3,29.3,11.1,Moderate,0,0,0,No Rain,8.3,2,65.54,989.2,84,0,12.29,2023-02-18T06:41,2023-02-18T17:51,Cloudy,2,19.7,66.08,0,17.24285714,48.98,0,50,109,0.95
Lahore,31.5204,74.3587,2/19/2023,Sunday,2,Winter,1,28.4,13.9,20.3,27.8,13.8,Moderate,0,0,0,No Rain,12.2,120,67.46,987.83,98.12,0,12.99,2023-02-19T06:40,2023-02-19T17:51,Cloudy,2,20.3,65.54,0,18.25714286,53.26,0,103,238,0.74
Lahore,31.5204,74.3587,2/20/2023,Monday,2,Winter,0,29.2,16.5,21.4,27.8,16.4,Moderate,0,0,0,No Rain,15.5,121,69.08,984.83,85.21,0,14.52,2023-02-20T06:39,2023-02-20T17:52,Cloudy,2,20.3,67.46,0,19.3,58.61714286,0,81,152,1.08
Lahore,31.5204,74.3587,2/21/2023,Tuesday,2,Winter,0,28.9,14.6,20.3,27.8,13,Moderate,0,0,0,No Rain,18.6,14,54.29,986.34,0.46,0,9.45,2023-02-21T06:38,2023-02-21T17:53,Sunny,0,21.4,69.08,0,19.98571429,60.71857143,0,149,212,0.28
Lahore,31.5204,74.3587,2/22/2023,Wednesday,2,Winter,0,27.2,12.1,18.7,25.1,10.1,Moderate,0,0,0,No Rain,9.6,16,50.25,987.62,39.88,0,7.05,2023-02-22T06:37,2023-02-22T17:54,Moderate,3,20.3,54.29,0,20.02857143,61.18857143,0,37,164,1.14
Lahore,31.5204,74.3587,2/23/2023,Thursday,2,Winter,0,28.6,12.6,19.5,24.8,11.5,Moderate,0,0,0,No Rain,18.4,320,47.88,987.75,1.5,0,6.33,2023-02-23T06:36,2023-02-23T17:55,Sunny,0,18.7,50.25,0,20.02857143,60.08285714,0,125,37,1.2
Lahore,31.5204,74.3587,2/24/2023,Friday,2,Winter,0,28.5,11.6,19.5,26.4,8.5,Moderate,0,0,0,No Rain,13.2,323,42.04,989,7.96,0,5.15,2023-02-24T06:35,2023-02-24T17:55,Sunny,0,19.5,47.88,0,20,56.64857143,0,99,78,0.82
Lahore,31.5204,74.3587,2/25/2023,Saturday,2,Winter,1,28.7,12.9,20.5,28.6,10.7,Moderate,0,0,0,No Rain,9.6,359,51.62,990.32,29.38,0,9.55,2023-02-25T06:34,2023-02-25T17:56,Sunny,0,19.5,42.04,0,20.02857143,54.66,0,63,174,1.29
Lahore,31.5204,74.3587,2/26/2023,Sunday,2,Winter,1,26.5,13.6,19.7,25.8,12.6,Moderate,0.7,0.7,0,Light Rain,16.8,15,56.12,992.76,38.75,0,10.3,2023-02-26T06:33,2023-02-26T17:57,Rainy,1,20.5,51.62,0,19.94285714,53.04,0.1,117,213,0.63
Lahore,31.5204,74.3587,2/27/2023,Monday,2,Winter,0,28.7,13.3,20.3,27.6,12.5,Moderate,0,0,0,No Rain,12.2,353,53.67,992.33,26.96,0,9.01,2023-02-27T06:32,2023-02-27T17:58,Sunny,0,19.7,56.12,0.7,19.78571429,50.83857143,0.1,162,71,1.94
Lahore,31.5204,74.3587,2/28/2023,Tuesday,2,Winter,0,23.5,14.9,18.6,22.5,13.3,Moderate,1.7,1.7,0,Light Rain,18.4,68,63.58,993.01,99.79,0,11.31,2023-02-28T06:30,2023-02-28T17:59,Rainy,1,20.3,53.67,0,19.54285714,52.16571429,0.342857143,25,279,0.78
Lahore,31.5204,74.3587,3/1/2023,Wednesday,3,Spring,0,25.5,14.1,19.4,25.8,14.1,Moderate,0.6,0.6,0,Light Rain,15.5,31,70.62,994.76,82.25,0,13.3,2023-03-01T06:29,2023-03-01T17:59,Rainy,1,18.6,63.58,1.7,19.64285714,55.07571429,0.428571429,165,243,1.85
Lahore,31.5204,74.3587,3/2/2023,Thursday,3,Spring,0,26.9,14.9,19.4,26.8,14.2,Moderate,3.9,3.9,0,Light Rain,19,5,69.62,994.45,62.38,0,13.04,2023-03-02T06:28,2023-03-02T18:00,Rainy,1,19.4,70.62,0.6,19.62857143,58.18142857,0.985714286,21,140,0.96
Lahore,31.5204,74.3587,3/3/2023,Friday,3,Spring,0,27,13.9,19.8,26.7,12.6,Moderate,0,0,0,No Rain,12.8,321,61.42,994.66,42.46,0,11.28,2023-03-03T06:27,2023-03-03T18:01,Moderate,3,19.4,69.62,3.9,19.67142857,60.95,0.985714286,38,288,1.68
Lahore,31.5204,74.3587,3/4/2023,Saturday,3,Spring,1,27.4,13.6,20.2,27.8,13,Moderate,0,0,0,No Rain,10,282,58.92,994.01,58.33,0,11.13,2023-03-04T06:26,2023-03-04T18:02,Moderate,3,19.8,61.42,0,19.62857143,61.99285714,0.985714286,109,143,0.22
Lahore,31.5204,74.3587,3/5/2023,Sunday,3,Spring,1,27.6,14,20.7,28.2,12.9,Moderate,0,0,0,No Rain,15.2,308,53.88,993.07,17.79,0,10.03,2023-03-05T06:25,2023-03-05T18:02,Sunny,0,20.2,58.92,0,19.77142857,61.67285714,0.885714286,121,219,1.03
Lahore,31.5204,74.3587,3/6/2023,Monday,3,Spring,0,29.1,13.9,21.2,27.6,13.2,Moderate,0,0,0,No Rain,13.8,309,47.17,990.27,16.29,0,8.07,2023-03-06T06:24,2023-03-06T18:03,Sunny,0,20.7,53.88,0,19.9,60.74428571,0.885714286,144,108,0.8
Lahore,31.5204,74.3587,3/7/2023,Tuesday,3,Spring,0,29,13.5,21.2,28,11.9,Moderate,0,0,0,No Rain,17.4,275,45.21,989.84,29.71,0,7.91,2023-03-07T06:22,2023-03-07T18:04,Sunny,0,21.2,47.17,0,20.27142857,58.12,0.642857143,26,65,0.41
Lahore,31.5204,74.3587,3/8/2023,Wednesday,3,Spring,0,29.2,13.9,21,29.1,12.3,Moderate,0,0,0,No Rain,11.3,266,51.46,990.64,7.75,0,9.65,2023-03-08T06:21,2023-03-08T18:04,Sunny,0,21.2,45.21,0,20.5,55.38285714,0.557142857,138,119,1.28
Lahore,31.5204,74.3587,3/9/2023,Thursday,3,Spring,0,29.4,13.6,20.8,29.2,11.9,Moderate,0,0,0,No Rain,12,233,53.92,991.08,0,0,9.9,2023-03-09T06:20,2023-03-09T18:05,Sunny,0,21,51.46,0,20.7,53.14,0,184,185,1.64
Lahore,31.5204,74.3587,3/10/2023,Friday,3,Spring,0,30.2,15.6,22.1,28.5,15.4,Moderate,0,0,0,No Rain,15,273,51.75,989.94,14.17,0,10.51,2023-03-10T06:19,2023-03-10T18:06,Sunny,0,20.8,53.92,0,21.02857143,51.75857143,0,139,46,0.93
Lahore,31.5204,74.3587,3/11/2023,Saturday,3,Spring,1,30.8,14.8,22.3,30.3,14.3,Moderate,0,0,0,No Rain,11.3,160,54.88,989.36,0.12,0,11.7,2023-03-11T06:17,2023-03-11T18:07,Sunny,0,22.1,51.75,0,21.32857143,51.18142857,0,119,65,1.88
Lahore,31.5204,74.3587,3/12/2023,Sunday,3,Spring,1,30.9,15.9,22.6,32.2,15.8,Moderate,0,0,0,No Rain,14.3,90,58.29,989.27,48.88,0,13.11,2023-03-12T06:16,2023-03-12T18:07,Moderate,3,22.3,54.88,0,21.6,51.81142857,0,152,224,1.33
Lahore,31.5204,74.3587,3/13/2023,Monday,3,Spring,0,30.1,16.3,22.4,29.7,16.8,Moderate,3.9,3.9,0,Light Rain,19.2,314,61.79,988.3,52.71,0,13.82,2023-03-13T06:15,2023-03-13T18:08,Rainy,1,22.6,58.29,0,21.77142857,53.9,0.557142857,123,90,0.93
Lahore,31.5204,74.3587,3/14/2023,Tuesday,3,Spring,0,31.2,16,22.8,31,16.4,Moderate,0,0,0,No Rain,15.8,284,59.54,985.23,8.21,0,13.19,2023-03-14T06:14,2023-03-14T18:09,Sunny,0,22.4,61.79,3.9,22,55.94714286,0.557142857,108,88,0.95
Lahore,31.5204,74.3587,3/15/2023,Wednesday,3,Spring,0,30.7,15.8,23.2,31.3,15.9,Moderate,0.1,0.1,0,Light Rain,11.6,156,56.83,983.77,62.54,0,13.28,2023-03-15T06:12,2023-03-15T18:09,Rainy,1,22.8,59.54,0,22.31428571,56.71428571,0.571428571,52,33,1.31
Lahore,31.5204,74.3587,3/16/2023,Thursday,3,Spring,0,30.5,17,22.6,31.4,17.9,Moderate,0,0,0,No Rain,26.8,72,64.58,984.65,65.83,0,14.63,2023-03-16T06:11,2023-03-16T18:10,Moderate,3,23.2,56.83,0.1,22.57142857,58.23714286,0.571428571,146,289,1.54
Lahore,31.5204,74.3587,3/17/2023,Friday,3,Spring,0,24.2,16.6,19.4,24.2,14.6,Moderate,0.3,0.3,0,Light Rain,24.7,53,70.25,987.62,97.92,0,13.62,2023-03-17T06:10,2023-03-17T18:11,Rainy,1,22.6,64.58,0,22.18571429,60.88,0.614285714,192,231,1.38
Lahore,31.5204,74.3587,3/18/2023,Saturday,3,Spring,1,24.4,14.3,18.5,24.4,14.6,Moderate,0.4,0.4,0,Light Rain,13.1,93,77.04,986.4,48.46,0,14.04,2023-03-18T06:09,2023-03-18T18:11,Rainy,1,19.4,70.25,0.3,21.64285714,64.04571429,0.671428571,188,49,0.38
Lahore,31.5204,74.3587,3/19/2023,Sunday,3,Spring,1,25,13.8,18.7,26.2,14.1,Moderate,2.5,2.5,0,Light Rain,15.4,24,79,984.18,67.67,0,14.42,2023-03-19T06:07,2023-03-19T18:12,Rainy,1,18.5,77.04,0.4,21.08571429,67.00428571,1.028571429,102,41,0.22
Lahore,31.5204,74.3587,3/20/2023,Monday,3,Spring,0,24.7,15.2,18.8,26.4,15.6,Moderate,7.7,7.7,0,Light Rain,14.2,103,81.04,982.5,53.38,0,15.2,2023-03-20T06:06,2023-03-20T18:13,Rainy,1,18.7,79,2.5,20.57142857,69.75428571,1.571428571,139,62,0.34
Lahore,31.5204,74.3587,3/21/2023,Tuesday,3,Spring,0,24.9,13.9,18.8,26.7,14.3,Moderate,0,0,0,No Rain,12.1,135,76.75,983.75,43.25,0,14.03,2023-03-21T06:05,2023-03-21T18:14,Moderate,3,18.8,81.04,7.7,20,72.21285714,1.571428571,103,145,0.32
Lahore,31.5204,74.3587,3/22/2023,Wednesday,3,Spring,0,25.8,14.2,19.9,26.4,14.3,Moderate,0.1,0.1,0,Light Rain,17.3,123,69.29,985.07,72.25,0,13.43,2023-03-22T06:04,2023-03-22T18:14,Rainy,1,18.8,76.75,0,19.52857143,73.99285714,1.571428571,56,203,0.99
Lahore,31.5204,74.3587,3/23/2023,Thursday,3,Spring,0,25.5,14.6,20,27.4,14.8,Moderate,0.1,0.1,0,Light Rain,19.8,45,70.92,984.23,70.67,0,14.01,2023-03-23T06:02,2023-03-23T18:15,Rainy,1,19.9,69.29,0.1,19.15714286,74.89857143,1.585714286,127,31,0.29
Lahore,31.5204,74.3587,3/24/2023,Friday,3,Spring,0,21.4,15.5,17.7,21.6,15,Moderate,11.3,11.3,0,Heavy Rain,21.6,100,84.71,983.28,89.25,0,15,2023-03-24T06:01,2023-03-24T18:16,Rainy,1,20,70.92,0.1,18.91428571,76.96428571,3.157142857,181,80,1.06
Lahore,31.5204,74.3587,3/25/2023,Saturday,3,Spring,1,23.3,14.4,17.7,23.6,13.8,Moderate,15.6,15.6,0,Heavy Rain,27.2,105,83.33,986.42,70.21,0,14.63,2023-03-25T06:00,2023-03-25T18:16,Rainy,1,17.7,84.71,11.3,18.8,77.86285714,5.328571429,112,140,0.18
Lahore,31.5204,74.3587,3/26/2023,Sunday,3,Spring,1,24.3,12.4,18.2,25.1,12.1,Moderate,0,0,0,No Rain,10.7,305,72.5,987.06,6.67,0,12.52,2023-03-26T05:59,2023-03-26T18:17,Sunny,0,17.7,83.33,15.6,18.72857143,76.93428571,4.971428571,102,58,1.66
Lahore,31.5204,74.3587,3/27/2023,Monday,3,Spring,0,25.8,13.2,20.1,26.8,12.6,Moderate,0,0,0,No Rain,8.2,287,64.29,985.34,22.12,0,12.45,2023-03-27T05:57,2023-03-27T18:18,Sunny,0,18.2,72.5,0,18.91428571,74.54142857,3.871428571,151,93,0.86
Lahore,31.5204,74.3587,3/28/2023,Tuesday,3,Spring,0,27.9,14.3,21.6,28.5,14,Moderate,0,0,0,No Rain,9.8,234,56.17,984.86,74.75,0,11.65,2023-03-28T05:56,2023-03-28T18:18,Cloudy,2,20.1,64.29,0,19.31428571,71.60142857,3.871428571,104,87,0.33
Lahore,31.5204,74.3587,3/29/2023,Wednesday,3,Spring,0,29.2,14.5,21.9,28.8,13.7,Moderate,0.3,0.3,0,Light Rain,15.6,77,58.92,985.22,73.33,0,12.59,2023-03-29T05:55,2023-03-29T18:19,Rainy,1,21.6,56.17,0,19.6,70.12,3.9,139,237,1.03
Lahore,31.5204,74.3587,3/30/2023,Thursday,3,Spring,0,26.6,17.3,21.5,28,16.7,Moderate,6.6,6.6,0,Light Rain,19.5,112,69.38,983.98,98.25,0,15.3,2023-03-30T05:54,2023-03-30T18:20,Rainy,1,21.9,58.92,0.3,19.81428571,69.9,4.828571429,121,239,0.16
Lahore,31.5204,74.3587,3/31/2023,Friday,3,Spring,0,20.9,16.4,18.2,20.9,16.5,Moderate,20.2,20.2,0,Heavy Rain,20.6,113,87.33,982.73,92.75,0,15.97,2023-03-31T05:52,2023-03-31T18:20,Rainy,1,21.5,69.38,6.6,19.88571429,70.27428571,6.1,197,165,1.94
Lahore,31.5204,74.3587,4/1/2023,Saturday,4,Spring,1,22.5,14.8,17.8,23.4,15.3,Moderate,11,11,0,Heavy Rain,21.3,104,86.62,984,60.58,0,15.37,2023-04-01T05:51,2023-04-01T18:21,Rainy,1,18.2,87.33,20.2,19.9,70.74428571,5.442857143,24,141,0.84
Lahore,31.5204,74.3587,4/2/2023,Sunday,4,Spring,1,25.1,13.7,19.1,27.9,13.8,Moderate,0,0,0,No Rain,8.4,47,79.75,983.59,41.12,0,15.07,2023-04-02T05:50,2023-04-02T18:21,Moderate,3,17.8,86.62,11,20.02857143,71.78,5.442857143,129,271,1.74
Lahore,31.5204,74.3587,4/3/2023,Monday,4,Spring,0,24,16.7,19.5,24.6,17.1,Moderate,8.8,8.8,0,Light Rain,16.1,81,77.62,982.56,73,0,15.38,2023-04-03T05:48,2023-04-03T18:22,Rainy,1,19.1,79.75,0,19.94285714,73.68428571,6.7,152,274,1.38
Lahore,31.5204,74.3587,4/4/2023,Tuesday,4,Spring,0,26.1,14.9,20,27.8,15.5,Moderate,1.6,1.6,0,Light Rain,11.3,345,73.25,985.19,22.54,0,14.42,2023-04-04T05:47,2023-04-04T18:23,Rainy,1,19.5,77.62,8.8,19.71428571,76.12428571,6.928571429,120,183,0.12
Lahore,31.5204,74.3587,4/5/2023,Wednesday,4,Spring,0,27.6,13.4,20.1,28.9,12.9,Moderate,0,0,0,No Rain,14.5,323,64.75,985.43,34.42,0,12.4,2023-04-05T05:46,2023-04-05T18:23,Moderate,3,20,73.25,1.6,19.45714286,76.95714286,6.885714286,117,259,1.86
Lahore,31.5204,74.3587,4/6/2023,Thursday,4,Spring,0,27.9,14.4,21.1,29,14.2,Moderate,0,0,0,No Rain,11,1,62.71,987.9,7.88,0,12.88,2023-04-06T05:45,2023-04-06T18:24,Sunny,0,20.1,64.75,0,19.4,76.00428571,5.942857143,78,249,1.63
Lahore,31.5204,74.3587,4/7/2023,Friday,4,Spring,0,29,15.1,21.9,28.2,13.9,Moderate,0,0,0,No Rain,15.1,314,50.71,989.32,0.08,0,10.32,2023-04-07T05:44,2023-04-07T18:25,Sunny,0,21.1,62.71,0,19.92857143,70.77285714,3.057142857,136,41,0.87
Lahore,31.5204,74.3587,4/8/2023,Saturday,4,Spring,1,31,14.4,22.6,30.7,13.1,Moderate,0,0,0,No Rain,10.6,289,51.29,989.08,0.04,0,10.88,2023-04-08T05:42,2023-04-08T18:25,Sunny,0,21.9,50.71,0,20.61428571,65.72571429,1.485714286,60,238,0.85
Lahore,31.5204,74.3587,4/9/2023,Sunday,4,Spring,1,32.1,15.4,23.9,32.2,13.8,Moderate,0,0,0,No Rain,12.7,310,45.58,988.98,5.33,0,10.4,2023-04-09T05:41,2023-04-09T18:26,Sunny,0,22.6,51.29,0,21.3,60.84428571,1.485714286,98,208,0.74
Lahore,31.5204,74.3587,4/10/2023,Monday,4,Spring,0,33.5,16.8,25,33,15,Moderate,0,0,0,No Rain,16.8,310,39.88,987.17,11,0,9.22,2023-04-10T05:40,2023-04-10T18:27,Sunny,0,23.9,45.58,0,22.08571429,55.45285714,0.228571429,175,54,1.87
Lahore,31.5204,74.3587,4/11/2023,Tuesday,4,Spring,0,34.4,17.6,26.2,33.6,16.4,Hot,0.3,0.3,0,Light Rain,20.5,311,40.67,986.81,62.25,0,10.96,2023-04-11T05:39,2023-04-11T18:27,Rainy,1,25,39.88,0,22.97142857,50.79857143,0.042857143,163,296,1.92
Lahore,31.5204,74.3587,4/12/2023,Wednesday,4,Spring,0,35.8,18.8,27,35.5,17.7,Hot,0,0,0,No Rain,16.6,307,39.25,986,35,0,10.46,2023-04-12T05:38,2023-04-12T18:28,Moderate,3,26.2,40.67,0.3,23.95714286,47.15571429,0.042857143,101,288,1.92
Lahore,31.5204,74.3587,4/13/2023,Thursday,4,Spring,0,36,18.8,27.4,35.7,17.7,Hot,0,0,0,No Rain,13.3,312,37.12,984.46,0.12,0,10.29,2023-04-13T05:36,2023-04-13T18:29,Sunny,0,27,39.25,0,24.85714286,43.5,0.042857143,177,91,0.93
Lahore,31.5204,74.3587,4/14/2023,Friday,4,Spring,0,37.7,19.8,28.8,39,19.1,Hot,0,0,0,No Rain,11.6,241,34.88,983.1,5.17,0,10.18,2023-04-14T05:35,2023-04-14T18:29,Sunny,0,27.4,37.12,0,25.84285714,41.23857143,0.042857143,153,150,1.1
Lahore,31.5204,74.3587,4/15/2023,Saturday,4,Spring,1,38.2,19.4,29.4,37.3,18.1,Hot,0,0,0,No Rain,15.3,138,28.79,982.38,11.75,0,7.52,2023-04-15T05:34,2023-04-15T18:30,Sunny,0,28.8,34.88,0,26.81428571,38.02428571,0.042857143,123,267,0.66
Lahore,31.5204,74.3587,4/16/2023,Sunday,4,Spring,1,37.3,23.5,29.2,37.6,21.8,Hot,0,0,0,No Rain,24.1,134,33.04,981.61,83.96,0,10.78,2023-04-16T05:33,2023-04-16T18:31,Cloudy,2,29.4,28.79,0,27.57142857,36.23285714,0.042857143,193,150,1.45
Lahore,31.5204,74.3587,4/17/2023,Monday,4,Spring,0,37.8,20.8,29.6,39.2,19.3,Hot,0,0,0,No Rain,13.4,212,34.38,981.57,36.04,0,11.03,2023-04-17T05:32,2023-04-17T18:32,Moderate,3,29.2,33.04,0,28.22857143,35.44714286,0.042857143,174,97,1.34
Lahore,31.5204,74.3587,4/18/2023,Tuesday,4,Spring,0,35.3,23.2,28.7,35.7,22.8,Hot,2.7,2.7,0,Light Rain,24.3,6,39.79,982.95,89.96,0,13.25,2023-04-18T05:31,2023-04-18T18:32,Rainy,1,29.6,34.38,0,28.58571429,35.32142857,0.385714286,57,170,0.3
Lahore,31.5204,74.3587,4/19/2023,Wednesday,4,Spring,0,27.5,20.8,23.8,29.8,20.2,Moderate,15.1,15.1,0,Heavy Rain,27.3,325,71.29,981.74,89.33,0,18.04,2023-04-19T05:29,2023-04-19T18:33,Rainy,1,28.7,39.79,2.7,28.12857143,39.89857143,2.542857143,86,139,0.35
Lahore,31.5204,74.3587,4/20/2023,Thursday,4,Spring,0,30,18.5,23.6,30.9,17.6,Moderate,1.7,1.7,0,Light Rain,15.6,76,56.67,978.93,36.79,0,13.95,2023-04-20T05:28,2023-04-20T18:34,Rainy,1,23.8,71.29,15.1,27.58571429,42.69142857,2.785714286,27,157,1.24
Lahore,31.5204,74.3587,4/21/2023,Friday,4,Spring,0,30,17.2,23,30.4,17.1,Moderate,2.2,2.2,0,Light Rain,19.9,40,52.21,980.47,20.21,0,11.86,2023-04-21T05:27,2023-04-21T18:34,Rainy,1,23.6,56.67,1.7,26.75714286,45.16714286,3.1,22,272,0.53
Lahore,31.5204,74.3587,4/22/2023,Saturday,4,Spring,1,29.6,16.5,22.9,29.9,15.8,Moderate,0,0,0,No Rain,25,4,42.79,981.87,31.67,0,8.5,2023-04-22T05:26,2023-04-22T18:35,Moderate,3,23,52.21,2.2,25.82857143,47.16714286,3.1,21,67,1.53
Lahore,31.5204,74.3587,4/23/2023,Sunday,4,Spring,1,32.8,15.2,24.3,32.3,14.5,Moderate,0,0,0,No Rain,10.8,20,40.88,982.1,6.29,0,7.59,2023-04-23T05:25,2023-04-23T18:36,Sunny,0,22.9,42.79,0,25.12857143,48.28714286,3.1,22,37,0.14
Lahore,31.5204,74.3587,4/24/2023,Monday,4,Spring,0,34.7,17.9,26.4,34.5,16.7,Hot,0,0,0,No Rain,12.1,239,33.5,984.5,8.79,0,7.5,2023-04-24T05:24,2023-04-24T18:36,Sunny,0,24.3,40.88,0,24.67142857,48.16142857,3.1,82,55,1.63
Lahore,31.5204,74.3587,4/25/2023,Tuesday,4,Spring,0,35.5,18.9,27.5,35.5,17.4,Hot,0,0,0,No Rain,13,108,32.08,985.33,6.38,0,8.42,2023-04-25T05:23,2023-04-25T18:37,Sunny,0,26.4,33.5,0,24.5,47.06,2.714285714,107,65,1.58
Lahore,31.5204,74.3587,4/26/2023,Wednesday,4,Spring,0,36.3,19.9,28,35.7,19.4,Hot,0.1,0.1,0,Light Rain,19.9,105,36.04,982.55,87.67,0,9.92,2023-04-26T05:22,2023-04-26T18:38,Rainy,1,27.5,32.08,0,25.1,42.02428571,0.571428571,28,43,1.31
Lahore,31.5204,74.3587,4/27/2023,Thursday,4,Spring,0,33.8,21.9,27.2,32.4,19.2,Hot,1.4,1.4,0,Light Rain,30.4,87,36.42,982.57,76.54,0,10.43,2023-04-27T05:21,2023-04-27T18:38,Rainy,1,28,36.04,0.1,25.61428571,39.13142857,0.528571429,131,267,1.37
Lahore,31.5204,74.3587,4/28/2023,Friday,4,Spring,0,35.2,20.2,26.8,35.2,19.1,Hot,0,0,0,No Rain,25.7,85,39.33,983.76,68.04,0,11.13,2023-04-28T05:20,2023-04-28T18:39,Moderate,3,27.2,36.42,1.4,26.15714286,37.29142857,0.214285714,159,221,0.28
Lahore,31.5204,74.3587,4/29/2023,Saturday,4,Spring,1,35.2,20.5,27,34.3,20,Hot,0,0,0,No Rain,26.2,247,41.71,982.13,99.21,0,11.91,2023-04-29T05:19,2023-04-29T18:40,Cloudy,2,26.8,39.33,0,26.74285714,37.13714286,0.214285714,166,54,0.99
Lahore,31.5204,74.3587,4/30/2023,Sunday,4,Spring,1,31.5,19.8,25.7,33.1,20.5,Hot,1.6,1.6,0,Light Rain,11.6,192,51.08,981.39,91.58,0,14.21,2023-04-30T05:18,2023-04-30T18:40,Rainy,1,27,41.71,0,26.94285714,38.59428571,0.442857143,165,292,0.49
Lahore,31.5204,74.3587,5/1/2023,Monday,5,Spring,0,26.5,19.6,23,27.5,19.2,Moderate,8.9,8.9,0,Light Rain,22.8,108,67.67,982.35,89.71,0,16.44,2023-05-01T05:17,2023-05-01T18:41,Rainy,1,25.7,51.08,1.6,26.45714286,43.47571429,1.714285714,60,198,1.7
Lahore,31.5204,74.3587,5/2/2023,Tuesday,5,Spring,0,28.6,18.5,22.2,29,19.2,Moderate,1.1,1.1,0,Light Rain,17.8,89,71.21,984.19,78.71,0,16.32,2023-05-02T05:16,2023-05-02T18:42,Rainy,1,23,67.67,8.9,25.7,49.06571429,1.871428571,25,106,1.74
Lahore,31.5204,74.3587,5/3/2023,Wednesday,5,Spring,0,28.7,17.5,22.5,31.7,18.4,Moderate,1.2,1.2,0,Light Rain,12.3,83,73.25,984.98,40.79,0,16.74,2023-05-03T05:15,2023-05-03T18:43,Rainy,1,22.2,71.21,1.1,24.91428571,54.38142857,2.028571429,144,284,1.52
Lahore,31.5204,74.3587,5/4/2023,Thursday,5,Spring,0,30.2,17.8,24.2,32.6,19.7,Moderate,0,0,0,No Rain,19.9,54,64.04,984.71,42.33,0,15.83,2023-05-04T05:14,2023-05-04T18:43,Moderate,3,22.5,73.25,1.2,24.48571429,58.32714286,1.828571429,35,59,0.73
Lahore,31.5204,74.3587,5/5/2023,Friday,5,Spring,0,31.6,19.1,25.2,33.3,21.2,Hot,0.2,0.2,0,Light Rain,11.8,330,56.42,983.26,29.29,0,14.7,2023-05-05T05:14,2023-05-05T18:44,Rainy,1,24.2,64.04,0,24.25714286,60.76857143,1.857142857,175,174,1.67
Lahore,31.5204,74.3587,5/6/2023,Saturday,5,Spring,1,34.1,20.5,26.9,32.5,20.5,Hot,0.1,0.1,0,Light Rain,20.3,326,43.04,980.89,45.58,0,12.21,2023-05-06T05:13,2023-05-06T18:45,Rainy,1,25.2,56.42,0.2,24.24285714,60.95857143,1.871428571,45,287,0.44
Lahore,31.5204,74.3587,5/7/2023,Sunday,5,Spring,1,34.6,20.9,27,33.7,18.8,Hot,0,0,0,No Rain,22.4,75,40.83,979.85,7.79,0,11.76,2023-05-07T05:12,2023-05-07T18:45,Sunny,0,26.9,43.04,0.1,24.42857143,59.49428571,1.642857143,198,149,1.13
Lahore,31.5204,74.3587,5/8/2023,Monday,5,Spring,0,33.7,18.6,26.3,34.5,16.6,Hot,0,0,0,No Rain,26.7,15,38.08,980.19,7.25,0,9.4,2023-05-08T05:11,2023-05-08T18:46,Sunny,0,27,40.83,0,24.9,55.26714286,0.371428571,198,164,1.36
Lahore,31.5204,74.3587,5/9/2023,Tuesday,5,Spring,0,34.3,17.9,26.4,32.8,18.4,Hot,0,0,0,No Rain,17.7,355,40.17,983.51,0.58,0,9.09,2023-05-09T05:10,2023-05-09T18:47,Sunny,0,26.3,38.08,0,25.5,50.83285714,0.214285714,86,158,1.1
Lahore,31.5204,74.3587,5/10/2023,Wednesday,5,Spring,0,35.6,18.9,27.8,33.3,17,Hot,0,0,0,No Rain,16.5,320,30,981.52,0,0,7.58,2023-05-10T05:09,2023-05-10T18:47,Sunny,0,26.4,40.17,0,26.25714286,44.65428571,0.042857143,54,298,1.55
Lahore,31.5204,74.3587,5/11/2023,Thursday,5,Spring,0,37.5,21,28.8,37.5,18.8,Hot,0,0,0,No Rain,10.2,340,31.88,981.4,59.17,0,8.94,2023-05-11T05:09,2023-05-11T18:48,Moderate,3,27.8,30,0,26.91428571,40.06,0.042857143,54,284,1.11
Lahore,31.5204,74.3587,5/12/2023,Friday,5,Spring,0,39.2,19.9,29.9,39.7,19.1,Hot,0,0,0,No Rain,11.8,90,32.79,980.6,16.92,0,9.83,2023-05-12T05:08,2023-05-12T18:49,Sunny,0,28.8,31.88,0,27.58571429,36.68428571,0.014285714,49,102,0.55
Lahore,31.5204,74.3587,5/13/2023,Saturday,5,Spring,1,39.3,22.2,31.2,39.6,21.5,Hot,0,0,0,No Rain,16.4,57,30.5,980.12,41.67,0,10.51,2023-05-13T05:07,2023-05-13T18:49,Moderate,3,29.9,32.79,0,28.2,34.89285714,0,173,84,0.77
Lahore,31.5204,74.3587,5/14/2023,Sunday,5,Spring,1,38.2,24.1,30.8,38.6,21.9,Hot,0.1,0.1,0,Light Rain,29.7,41,27.96,978.02,21.38,0,9.38,2023-05-14T05:06,2023-05-14T18:50,Rainy,1,31.2,30.5,0,28.74285714,33.05428571,0.014285714,160,215,1.55
Lahore,31.5204,74.3587,5/15/2023,Monday,5,Spring,0,39.2,22.1,31.1,39.7,21.3,Hot,0,0,0,No Rain,12.8,346,28.33,976.9,10.75,0,8.9,2023-05-15T05:06,2023-05-15T18:51,Sunny,0,30.8,27.96,0.1,29.42857143,31.66142857,0.014285714,109,167,1.22
Lahore,31.5204,74.3587,5/16/2023,Tuesday,5,Spring,0,39,22.5,30.9,38.2,21,Hot,0,0,0,No Rain,18.5,350,27.83,978.74,29.83,0,9.42,2023-05-16T05:05,2023-05-16T18:52,Sunny,0,31.1,28.33,0,30.07142857,29.89857143,0.014285714,165,58,0.33
Lahore,31.5204,74.3587,5/17/2023,Wednesday,5,Spring,0,39,23.1,31.9,39.4,22.8,Hot,0,0,0,No Rain,15.8,348,29.5,979.85,42.17,0,10.53,2023-05-17T05:04,2023-05-17T18:52,Moderate,3,30.9,27.83,0,30.65714286,29.82714286,0.014285714,128,295,1.48
Lahore,31.5204,74.3587,5/18/2023,Thursday,5,Spring,0,34,22.3,28.9,34.7,21.4,Hot,0,0,0,No Rain,21.7,52,41.38,984.33,39.46,0,13.85,2023-05-18T05:04,2023-05-18T18:53,Moderate,3,31.9,29.5,0,30.67142857,31.18428571,0.014285714,184,266,1.51
Lahore,31.5204,74.3587,5/19/2023,Friday,5,Spring,0,36.8,22.3,29.8,37.5,23.7,Hot,0,0,0,No Rain,10.7,282,41.96,981.45,2.62,0,14.42,2023-05-19T05:03,2023-05-19T18:53,Sunny,0,28.9,41.38,0,30.65714286,32.49428571,0.014285714,152,277,1.58
Lahore,31.5204,74.3587,5/20/2023,Saturday,5,Spring,1,40.2,23.6,31.9,39.3,22.5,Hot,0,0,0,No Rain,17.2,291,32.21,978.61,3.25,0,11.88,2023-05-20T05:03,2023-05-20T18:54,Sunny,0,29.8,41.96,0,30.75714286,32.73857143,0.014285714,179,278,1.32
Lahore,31.5204,74.3587,5/21/2023,Sunday,5,Spring,1,41.9,24.5,33.1,42.5,24,Hot,0,0,0,No Rain,13,221,28.21,978.82,27.79,0,10.71,2023-05-21T05:02,2023-05-21T18:55,Sunny,0,31.9,32.21,0,31.08571429,32.77428571,0,45,108,1.77
Lahore,31.5204,74.3587,5/22/2023,Monday,5,Spring,0,42.6,24.8,33.2,43.3,23.6,Hot,0,0,0,No Rain,23.6,224,32.25,979.08,51.17,0,13.2,2023-05-22T05:02,2023-05-22T18:55,Moderate,3,33.1,28.21,0,31.38571429,33.33428571,0,199,61,1.19
Lahore,31.5204,74.3587,5/23/2023,Tuesday,5,Spring,0,39.9,25.9,32.6,42.1,26.1,Hot,0.1,0.1,0,Light Rain,17.8,247,37.54,979.29,76.54,0,15.9,2023-05-23T05:01,2023-05-23T18:56,Rainy,1,33.2,32.25,0,31.62857143,34.72142857,0.014285714,99,113,1.49
Lahore,31.5204,74.3587,5/24/2023,Wednesday,5,Spring,0,34.7,24.8,28,35.7,25.1,Hot,6.4,6.4,0,Light Rain,27.2,112,55.92,978.9,58.92,0,18.07,2023-05-24T05:01,2023-05-24T18:57,Rainy,1,32.6,37.54,0.1,31.07142857,38.49571429,0.928571429,133,50,1.44
Lahore,31.5204,74.3587,5/25/2023,Thursday,5,Spring,0,34.5,22.7,27.4,37.1,24.3,Hot,0.7,0.7,0,Light Rain,17.4,100,57.33,979.77,23.79,0,17.78,2023-05-25T05:00,2023-05-25T18:57,Rainy,1,28,55.92,6.4,30.85714286,40.77428571,1.028571429,197,177,0.13
Lahore,31.5204,74.3587,5/26/2023,Friday,5,Spring,0,30.7,21.8,25.8,31.5,23.6,Hot,9.7,9.7,0,Light Rain,17.7,100,64.88,980.66,53,0,18.34,2023-05-26T05:00,2023-05-26T18:58,Rainy,1,27.4,57.33,0.7,30.28571429,44.04857143,2.414285714,23,68,1.95
Lahore,31.5204,74.3587,5/27/2023,Saturday,5,Spring,1,34.4,21.1,27.6,37.8,22.4,Hot,0,0,0,No Rain,21,108,57.12,980.27,22.38,0,17.55,2023-05-27T05:00,2023-05-27T18:59,Sunny,0,25.8,64.88,9.7,29.67142857,47.60714286,2.414285714,104,145,1.26
Lahore,31.5204,74.3587,5/28/2023,Sunday,5,Spring,1,35.8,21.6,28.6,37.1,23.6,Hot,0,0,0,No Rain,10.2,151,51.04,981.14,74.83,0,16.17,2023-05-28T04:59,2023-05-28T18:59,Cloudy,2,27.6,57.12,0,29.02857143,50.86857143,2.414285714,188,255,0.93
Lahore,31.5204,74.3587,5/29/2023,Monday,5,Spring,0,32.7,23.8,26.5,34.1,24.5,Hot,6.4,6.4,0,Light Rain,25.1,181,63.79,983.48,99.17,0,18.91,2023-05-29T04:59,2023-05-29T19:00,Rainy,1,28.6,51.04,0,28.07142857,55.37428571,3.328571429,99,176,0.64
Lahore,31.5204,74.3587,5/30/2023,Tuesday,5,Spring,0,32,21.7,27.3,33.6,24.4,Hot,0,0,0,No Rain,14.8,33,54.29,983.91,77.92,0,16.52,2023-05-30T04:59,2023-05-30T19:00,Cloudy,2,26.5,63.79,6.4,27.31428571,57.76714286,3.314285714,59,109,0.65
Lahore,31.5204,74.3587,5/31/2023,Wednesday,5,Spring,0,28,20.7,23.8,31.4,22.5,Moderate,16.3,16.3,0,Heavy Rain,23.4,55,74.92,981.9,95,0,18.91,2023-05-31T04:58,2023-05-31T19:01,Rainy,1,27.3,54.29,0,26.71428571,60.48142857,4.728571429,168,87,0.14
Lahore,31.5204,74.3587,6/1/2023,Thursday,6,Summer,0,27.1,19.8,22.1,30.6,21,Moderate,6.4,6.4,0,Light Rain,21.4,96,84,982.24,83.29,0,19.12,2023-06-01T04:58,2023-06-01T19:02,Rainy,1,23.8,74.92,16.3,25.95714286,64.29142857,5.542857143,181,114,0.66
Lahore,31.5204,74.3587,6/2/2023,Friday,6,Summer,0,30,18.5,24.1,32.4,20.9,Moderate,0.2,0.2,0,Light Rain,10.7,64,70.92,981.33,11.04,0,17.77,2023-06-02T04:58,2023-06-02T19:02,Rainy,1,22.1,84,6.4,25.71428571,65.15428571,4.185714286,87,282,1.48
Lahore,31.5204,74.3587,6/3/2023,Saturday,6,Summer,1,33,20.2,27.1,36,22.1,Hot,0,0,0,No Rain,7.6,309,59.67,981.22,6.25,0,17.92,2023-06-03T04:57,2023-06-03T19:03,Sunny,0,24.1,70.92,0.2,25.64285714,65.51857143,4.185714286,100,66,1.44
Lahore,31.5204,74.3587,6/4/2023,Sunday,6,Summer,1,35.1,23,29.2,37.8,23.9,Hot,0,0,0,No Rain,9.7,284,51.71,980.47,37.21,0,17.53,2023-06-04T04:57,2023-06-04T19:03,Moderate,3,27.1,59.67,0,25.72857143,65.61428571,4.185714286,54,198,1.63
Lahore,31.5204,74.3587,6/5/2023,Monday,6,Summer,0,35.9,23.2,29.5,38.8,24.4,Hot,0,0,0,No Rain,19,266,46.54,978.77,21.92,0,16.13,2023-06-05T04:57,2023-06-05T19:04,Sunny,0,29.2,51.71,0,26.15714286,63.15,3.271428571,134,121,1.01
Lahore,31.5204,74.3587,6/6/2023,Tuesday,6,Summer,0,36.4,23.3,28.1,38.7,24.3,Hot,0.4,0.4,0,Light Rain,16.4,205,55.21,978.92,31.46,0,17.38,2023-06-06T04:57,2023-06-06T19:04,Rainy,1,29.5,46.54,0,26.27142857,63.28142857,3.328571429,171,115,1.35
Lahore,31.5204,74.3587,6/7/2023,Wednesday,6,Summer,0,34.2,22.5,28.4,36.4,25.4,Hot,0,0,0,No Rain,27.2,54,57.54,979.51,19.12,0,18.48,2023-06-07T04:57,2023-06-07T19:05,Sunny,0,28.1,55.21,0.4,26.92857143,60.79857143,1,135,277,1.08
Lahore,31.5204,74.3587,6/8/2023,Thursday,6,Summer,0,36.7,24.4,30.4,40.1,26.1,Hot,0.8,0.8,0,Light Rain,10.4,352,48.75,978.43,15.67,0,17.81,2023-06-08T04:57,2023-06-08T19:05,Rainy,1,28.4,57.54,0,28.11428571,55.76285714,0.2,20,40,1.35
Lahore,31.5204,74.3587,6/9/2023,Friday,6,Summer,0,39.2,24,32.2,42,26.1,Hot,0,0,0,No Rain,9.2,172,44.08,975.05,13.46,0,17.24,2023-06-09T04:57,2023-06-09T19:06,Sunny,0,30.4,48.75,0.8,29.27142857,51.92857143,0.171428571,102,56,0.8
Lahore,31.5204,74.3587,6/10/2023,Saturday,6,Summer,1,40.5,26,33.2,43.2,27.7,Hot,0,0,0,No Rain,22.1,139,43.75,973.4,31.58,0,18.37,2023-06-10T04:57,2023-06-10T19:06,Moderate,3,32.2,44.08,0,30.14285714,49.65428571,0.171428571,156,83,0.17
Lahore,31.5204,74.3587,6/11/2023,Sunday,6,Summer,1,37.2,25.3,31.1,41.1,28.7,Hot,0,0,0,No Rain,13.2,133,55.12,974.33,21.17,0,20.35,2023-06-11T04:57,2023-06-11T19:06,Sunny,0,33.2,43.75,0,30.41428571,50.14142857,0.171428571,181,147,1.99
Lahore,31.5204,74.3587,6/12/2023,Monday,6,Summer,0,38.7,27,33.1,42.2,31.4,Hot,0,0,0,No Rain,11.5,211,52.08,973.52,16.83,0,21.31,2023-06-12T04:57,2023-06-12T19:07,Sunny,0,31.1,55.12,0,30.92857143,50.93285714,0.171428571,182,230,1.19
Lahore,31.5204,74.3587,6/13/2023,Tuesday,6,Summer,0,39.9,28.7,33.8,41.9,32.9,Hot,0.3,0.3,0,Light Rain,19,236,49.71,973.49,18.71,0,20.92,2023-06-13T04:57,2023-06-13T19:07,Rainy,1,33.1,52.08,0,31.74285714,50.14714286,0.157142857,86,185,1.74
Lahore,31.5204,74.3587,6/14/2023,Wednesday,6,Summer,0,37.6,27.2,31.5,41.8,31,Hot,20.1,20.1,0,Heavy Rain,19.2,137,55.12,974.2,25.5,0,21.07,2023-06-14T04:57,2023-06-14T19:08,Rainy,1,33.8,49.71,0.3,32.18571429,49.80142857,3.028571429,64,261,1.5
Lahore,31.5204,74.3587,6/15/2023,Thursday,6,Summer,0,33.2,24,28.2,37.2,24.7,Hot,14.8,14.8,0,Heavy Rain,28.3,76,71.67,976.16,66.38,0,22.36,2023-06-15T04:57,2023-06-15T19:08,Rainy,1,31.5,55.12,20.1,31.87142857,53.07571429,5.028571429,83,114,1.87
Lahore,31.5204,74.3587,6/16/2023,Friday,6,Summer,0,34.9,24.9,29.8,39.2,29.4,Hot,0.6,0.6,0,Light Rain,11.6,206,65.12,975.57,14.25,0,22.02,2023-06-16T04:57,2023-06-16T19:08,Rainy,1,28.2,71.67,14.8,31.52857143,56.08142857,5.114285714,124,48,1.35
Lahore,31.5204,74.3587,6/17/2023,Saturday,6,Summer,1,37,25.5,31.6,42.7,29.3,Hot,0.1,0.1,0,Light Rain,7.1,189,60.75,975.14,6.96,0,22.59,2023-06-17T04:57,2023-06-17T19:09,Rainy,1,29.8,65.12,0.6,31.3,58.51,5.128571429,33,48,0.7
Lahore,31.5204,74.3587,6/18/2023,Sunday,6,Summer,1,37.8,26.9,32.3,43.7,31.9,Hot,0.3,0.3,0,Light Rain,11.7,133,61.12,975.25,5.67,0,23.34,2023-06-18T04:57,2023-06-18T19:09,Rainy,1,31.6,60.75,0.1,31.47142857,59.36714286,5.171428571,126,200,1
Lahore,31.5204,74.3587,6/19/2023,Monday,6,Summer,0,37.2,27,32.3,42.8,33,Hot,0,0,0,No Rain,10.4,252,62.5,975.02,1.71,0,23.71,2023-06-19T04:57,2023-06-19T19:09,Sunny,0,32.3,61.12,0.3,31.35714286,60.85571429,5.171428571,189,97,0.36
Lahore,31.5204,74.3587,6/20/2023,Tuesday,6,Summer,0,39,27.9,33.5,44.2,32.7,Hot,0,0,0,No Rain,8.7,204,57.83,973.62,2.12,0,23.49,2023-06-20T04:57,2023-06-20T19:10,Sunny,0,32.3,62.5,0,31.31428571,62.01571429,5.128571429,130,98,1.52
Lahore,31.5204,74.3587,6/21/2023,Wednesday,6,Summer,0,39.5,30,34.3,45.7,32.9,Hot,0,0,0,No Rain,20.3,103,55.33,973.87,9.67,0,23.76,2023-06-21T04:58,2023-06-21T19:10,Sunny,0,33.5,57.83,0,31.71428571,62.04571429,2.257142857,20,79,1.35
Lahore,31.5204,74.3587,6/22/2023,Thursday,6,Summer,0,41,29.3,35.1,47.4,35.3,Very Hot,0,0,0,No Rain,12.3,167,57,973.72,8.12,0,24.72,2023-06-22T04:58,2023-06-22T19:10,Sunny,0,34.3,55.33,0,32.7,59.95,0.142857143,162,44,1.42
Lahore,31.5204,74.3587,6/23/2023,Friday,6,Summer,0,41.5,30.2,35.6,47.6,35.2,Very Hot,0,0,0,No Rain,12.6,183,51.96,973.61,8.75,0,23.7,2023-06-23T04:58,2023-06-23T19:10,Sunny,0,35.1,57,0,33.52857143,58.07,0.057142857,111,120,1.13
Lahore,31.5204,74.3587,6/24/2023,Saturday,6,Summer,1,39.8,30.3,34.8,45.7,35.2,Hot,0,0,0,No Rain,18.7,112,55.29,973.43,10.46,0,24.03,2023-06-24T04:58,2023-06-24T19:10,Sunny,0,35.6,51.96,0,33.98571429,57.29,0.042857143,50,282,0.75
Lahore,31.5204,74.3587,6/25/2023,Sunday,6,Summer,1,40,28.6,33,45.6,32.7,Hot,0.3,0.3,0,Light Rain,26.9,113,64.58,973.73,27.58,0,25,2023-06-25T04:59,2023-06-25T19:11,Rainy,1,34.8,55.29,0,34.08571429,57.78428571,0.042857143,148,182,1.62
Lahore,31.5204,74.3587,6/26/2023,Monday,6,Summer,0,32.3,25.2,28.1,37.5,29.1,Hot,18.2,18.2,0,Heavy Rain,23.8,91,80.21,977.03,58.71,0,24.2,2023-06-26T04:59,2023-06-26T19:11,Rainy,1,33,64.58,0.3,33.48571429,60.31428571,2.642857143,91,169,1.89
Lahore,31.5204,74.3587,6/27/2023,Tuesday,6,Summer,0,34.2,24.9,30.1,41.1,30.3,Hot,0.5,0.5,0,Light Rain,12.4,93,71.38,975.73,10.17,0,23.97,2023-06-27T04:59,2023-06-27T19:11,Rainy,1,28.1,80.21,18.2,33,62.25,2.714285714,113,64,0.52
Lahore,31.5204,74.3587,6/28/2023,Wednesday,6,Summer,0,36.5,26.5,30.9,41.8,31.4,Hot,0.3,0.3,0,Light Rain,15.5,112,67.96,976.81,13.29,0,23.95,2023-06-28T04:59,2023-06-28T19:11,Rainy,1,30.1,71.38,0.5,32.51428571,64.05428571,2.757142857,119,224,0.18
Lahore,31.5204,74.3587,6/29/2023,Thursday,6,Summer,0,35.7,25.1,30.9,41.7,29.5,Hot,13.2,13.2,0,Heavy Rain,13.5,125,68.75,975.85,24.67,0,24.08,2023-06-29T05:00,2023-06-29T19:11,Rainy,1,30.9,67.96,0.3,31.91428571,65.73285714,4.642857143,91,163,0.41
Lahore,31.5204,74.3587,6/30/2023,Friday,6,Summer,0,36.2,26.8,31,41.9,31.3,Hot,0.3,0.3,0,Light Rain,10,149,67.38,974.23,31.96,0,23.95,2023-06-30T05:00,2023-06-30T19:11,Rainy,1,30.9,68.75,13.2,31.25714286,67.93571429,4.685714286,198,220,1.54
Lahore,31.5204,74.3587,7/1/2023,Saturday,7,Summer,1,37.4,27.4,31.7,43.5,32,Hot,0,0,0,No Rain,16.5,172,64.17,974.97,9.92,0,23.62,2023-07-01T05:01,2023-07-01T19:11,Sunny,0,31,67.38,0.3,30.81428571,69.20428571,4.685714286,136,53,1.69
Lahore,31.5204,74.3587,7/2/2023,Sunday,7,Summer,1,36.8,26.7,32,41.9,30.8,Hot,0.8,0.8,0,Light Rain,14.9,240,63.21,975.62,6.46,0,23.66,2023-07-02T05:01,2023-07-02T19:11,Rainy,1,31.7,64.17,0,30.67142857,69.00857143,4.757142857,32,70,0.97
Lahore,31.5204,74.3587,7/3/2023,Monday,7,Summer,0,39.5,28.9,33.9,45.5,34,Hot,0,0,0,No Rain,16.2,115,58.54,974.5,9.58,0,24.19,2023-07-03T05:01,2023-07-03T19:11,Sunny,0,32,63.21,0.8,31.5,65.91285714,2.157142857,88,113,1.52
Lahore,31.5204,74.3587,7/4/2023,Tuesday,7,Summer,0,38.8,28.3,32.4,44.6,32.6,Hot,18.4,18.4,0,Heavy Rain,18.7,114,66.25,972.82,22.83,0,25,2023-07-04T05:02,2023-07-04T19:11,Rainy,1,33.9,58.54,0,31.82857143,65.18,4.714285714,101,228,1.83
Lahore,31.5204,74.3587,7/5/2023,Wednesday,7,Summer,0,31.4,26,28.1,35.7,30.1,Hot,38.3,38.3,0,Heavy Rain,21.5,110,84.25,973.87,65.25,0,25.08,2023-07-05T05:02,2023-07-05T19:11,Rainy,1,32.4,66.25,18.4,31.42857143,67.50714286,10.14285714,110,40,0.22
Lahore,31.5204,74.3587,7/6/2023,Thursday,7,Summer,0,32.6,24.5,28.2,39.1,28.2,Hot,4.4,4.4,0,Light Rain,20.6,85,81.12,976.59,62.79,0,24.46,2023-07-06T05:03,2023-07-06T19:10,Rainy,1,28.1,84.25,38.3,31.04285714,69.27428571,8.885714286,144,142,0.48
Lahore,31.5204,74.3587,7/7/2023,Friday,7,Summer,0,32.3,25.7,28.4,38.9,30.3,Hot,2.4,2.4,0,Light Rain,13.5,91,81.25,977.13,39.92,0,24.79,2023-07-07T05:03,2023-07-07T19:10,Rainy,1,28.2,81.12,4.4,30.67142857,71.25571429,9.185714286,81,121,0.3
Lahore,31.5204,74.3587,7/8/2023,Saturday,7,Summer,1,27.5,24.8,26.2,32.8,28.6,Hot,13.4,13.4,0,Heavy Rain,18.9,89,89.67,977.62,76.75,0,24.36,2023-07-08T05:04,2023-07-08T19:10,Rainy,1,28.4,81.25,2.4,29.88571429,74.89857143,11.1,66,282,1.39
Lahore,31.5204,74.3587,7/9/2023,Sunday,7,Summer,1,31.3,24,27,36.2,28.5,Hot,1.1,1.1,0,Light Rain,15.9,72,83.17,976.35,77.17,0,23.7,2023-07-09T05:04,2023-07-09T19:10,Rainy,1,26.2,89.67,13.4,29.17142857,77.75,11.14285714,35,241,1.14
Lahore,31.5204,74.3587,7/10/2023,Monday,7,Summer,0,31.8,24.9,27.9,36.3,28.2,Hot,0.2,0.2,0,Light Rain,16.9,73,79.75,977.1,58.79,0,23.81,2023-07-10T05:05,2023-07-10T19:10,Rainy,1,27,83.17,1.1,28.31428571,80.78,11.17142857,72,242,1.93
Lahore,31.5204,74.3587,7/11/2023,Tuesday,7,Summer,0,35.1,24,29.5,41.9,29.2,Hot,0,0,0,No Rain,10.5,125,75.42,976.55,2.21,0,24.3,2023-07-11T05:05,2023-07-11T19:10,Sunny,0,27.9,79.75,0.2,27.9,82.09,8.542857143,49,175,1.9
Lahore,31.5204,74.3587,7/12/2023,Wednesday,7,Summer,0,35.7,26.1,30.5,42.6,30.9,Hot,0.2,0.2,0,Light Rain,16.6,121,74.08,975.7,9.71,0,25.07,2023-07-12T05:06,2023-07-12T19:09,Rainy,1,29.5,75.42,0,28.24285714,80.63714286,3.1,69,61,1.46
Lahore,31.5204,74.3587,7/13/2023,Thursday,7,Summer,0,34.4,26.5,30.2,40.8,30.7,Hot,0.1,0.1,0,Light Rain,14.2,97,74.17,975.98,11.21,0,24.84,2023-07-13T05:06,2023-07-13T19:09,Rainy,1,30.5,74.08,0.2,28.52857143,79.64428571,2.485714286,164,48,1.42
Lahore,31.5204,74.3587,7/14/2023,Friday,7,Summer,0,34.2,27.1,30.2,41.4,31.8,Hot,0.8,0.8,0,Light Rain,16.3,108,76.29,976.6,19.92,0,25.34,2023-07-14T05:07,2023-07-14T19:09,Rainy,1,30.2,74.17,0.1,28.78571429,78.93571429,2.257142857,198,274,1.8
Lahore,31.5204,74.3587,7/15/2023,Saturday,7,Summer,1,34.8,27.2,30.5,42.4,31.5,Hot,0,0,0,No Rain,18.5,90,76.79,975.48,24.54,0,25.7,2023-07-15T05:08,2023-07-15T19:08,Sunny,0,30.2,76.29,0.8,29.4,77.09571429,0.342857143,168,159,0.61
Lahore,31.5204,74.3587,7/16/2023,Sunday,7,Summer,1,33,26.5,29.2,40.4,31.8,Hot,4.1,4.1,0,Light Rain,15.1,91,83.58,975.96,66,0,26,2023-07-16T05:08,2023-07-16T19:08,Rainy,1,30.5,76.79,0,29.71428571,77.15428571,0.771428571,33,261,0.13
Lahore,31.5204,74.3587,7/17/2023,Monday,7,Summer,0,34.7,26.6,30.4,42.1,33.4,Hot,1.4,1.4,0,Light Rain,12.2,105,80.58,975.14,19.92,0,26.4,2023-07-17T05:09,2023-07-17T19:08,Rainy,1,29.2,83.58,4.1,30.07142857,77.27285714,0.942857143,39,247,0.23
Lahore,31.5204,74.3587,7/18/2023,Tuesday,7,Summer,0,34.2,27.2,30.2,41.5,33.6,Hot,0.3,0.3,0,Light Rain,14.6,100,81,974.79,39.71,0,26.43,2023-07-18T05:09,2023-07-18T19:07,Rainy,1,30.4,80.58,1.4,30.17142857,78.07,0.985714286,136,121,1.36
Lahore,31.5204,74.3587,7/19/2023,Wednesday,7,Summer,0,34,27.4,29.6,39.8,32.3,Hot,0.8,0.8,0,Light Rain,18.8,108,81.38,975.28,70.21,0,25.84,2023-07-19T05:10,2023-07-19T19:07,Rainy,1,30.2,81,0.3,30.04285714,79.11285714,1.071428571,100,268,1.19
Lahore,31.5204,74.3587,7/20/2023,Thursday,7,Summer,0,34.9,27.1,30.3,41.9,32.6,Hot,5.9,5.9,0,Light Rain,11.6,86,78.62,975.71,80.75,0,25.89,2023-07-20T05:10,2023-07-20T19:06,Rainy,1,29.6,81.38,0.8,30.05714286,79.74857143,1.9,59,284,1.53
Lahore,31.5204,74.3587,7/21/2023,Friday,7,Summer,0,34.3,27.9,30.3,42.4,33.6,Hot,9.8,9.8,0,Light Rain,12.8,82,82.38,976.85,76.04,0,26.81,2023-07-21T05:11,2023-07-21T19:06,Rainy,1,30.3,78.62,5.9,30.07142857,80.61857143,3.185714286,124,220,1.93
Lahore,31.5204,74.3587,7/22/2023,Saturday,7,Summer,1,31.4,26.2,28.1,37.1,30.9,Hot,28.1,28.1,0,Heavy Rain,23.5,100,89.79,979.68,96.21,0,26.17,2023-07-22T05:12,2023-07-22T19:05,Rainy,1,30.3,82.38,9.8,29.72857143,82.47571429,7.2,64,31,1.07
Lahore,31.5204,74.3587,7/23/2023,Sunday,7,Summer,1,34.3,26.2,29.8,42.4,30.7,Hot,6.1,6.1,0,Light Rain,12,74,78.58,980.02,31.08,0,25.55,2023-07-23T05:12,2023-07-23T19:05,Rainy,1,28.1,89.79,28.1,29.81428571,81.76142857,7.485714286,70,151,0.25
Lahore,31.5204,74.3587,7/24/2023,Monday,7,Summer,0,33.6,27.5,29.9,42,33.8,Hot,7.2,7.2,0,Light Rain,11.9,95,81.25,977.63,46.75,0,26.2,2023-07-24T05:13,2023-07-24T19:04,Rainy,1,29.8,78.58,6.1,29.74285714,81.85714286,8.314285714,44,239,0.84
Lahore,31.5204,74.3587,7/25/2023,Tuesday,7,Summer,0,33.7,27.5,30.1,40.5,34,Hot,0.2,0.2,0,Light Rain,9.7,77,81.54,977.27,91.25,0,26.46,2023-07-25T05:13,2023-07-25T19:03,Rainy,1,29.9,81.25,7.2,29.72857143,81.93428571,8.3,176,196,1.82
Lahore,31.5204,74.3587,7/26/2023,Wednesday,7,Summer,0,32.9,25.1,28.8,40.1,29.4,Hot,19.8,19.8,0,Heavy Rain,13.4,139,83.25,978.35,87.46,0,25.55,2023-07-26T05:14,2023-07-26T19:03,Rainy,1,30.1,81.54,0.2,29.61428571,82.20142857,11.01428571,171,32,1.01
Lahore,31.5204,74.3587,7/27/2023,Thursday,7,Summer,0,31.9,25.1,28.2,39.2,30.1,Hot,23.9,23.9,0,Heavy Rain,11.9,97,84.96,977.94,68.75,0,25.3,2023-07-27T05:15,2023-07-27T19:02,Rainy,1,28.8,83.25,19.8,29.31428571,83.10714286,13.58571429,55,165,1.03
Lahore,31.5204,74.3587,7/28/2023,Friday,7,Summer,0,32.7,25.9,28.5,40.5,30.8,Hot,4.3,4.3,0,Light Rain,10.7,114,83.58,975.42,36.83,0,25.3,2023-07-28T05:15,2023-07-28T19:01,Rainy,1,28.2,84.96,23.9,29.05714286,83.27857143,12.8,140,226,0.84
Lahore,31.5204,74.3587,7/29/2023,Saturday,7,Summer,1,32.6,24.1,27.7,41.1,28.5,Hot,21.6,21.6,0,Heavy Rain,10.5,86,86.71,974.68,51.29,0,25.15,2023-07-29T05:16,2023-07-29T19:01,Rainy,1,28.5,83.58,4.3,29,82.83857143,11.87142857,132,204,0.72
Lahore,31.5204,74.3587,7/30/2023,Sunday,7,Summer,1,33.8,25,29.4,40.9,29.3,Hot,0.2,0.2,0,Light Rain,10,41,77.54,974.38,15.08,0,24.66,2023-07-30T05:17,2023-07-30T19:00,Rainy,1,27.7,86.71,21.6,28.94285714,82.69,11.02857143,77,195,1.74
Lahore,31.5204,74.3587,7/31/2023,Monday,7,Summer,0,34.3,26,30.1,41.5,28.4,Hot,0.7,0.7,0,Light Rain,22.7,261,75.17,973.72,7.46,0,24.98,2023-07-31T05:17,2023-07-31T18:59,Rainy,1,29.4,77.54,0.2,28.97142857,81.82142857,10.1,95,290,1.3
Lahore,31.5204,74.3587,8/1/2023,Tuesday,8,Summer,0,35.3,27.4,31.3,42.1,33.5,Hot,0.1,0.1,0,Light Rain,11.1,222,74.62,972.43,7.83,0,25.97,2023-08-01T05:18,2023-08-01T18:59,Rainy,1,30.1,75.17,0.7,29.14285714,80.83285714,10.08571429,70,225,1.71
Lahore,31.5204,74.3587,8/2/2023,Wednesday,8,Summer,0,36.2,28,31.4,43.6,34.1,Hot,0.1,0.1,0,Light Rain,12.8,178,74.04,972.57,21.88,0,25.93,2023-08-02T05:19,2023-08-02T18:58,Rainy,1,31.3,74.62,0.1,29.51428571,79.51714286,7.271428571,127,35,0.68
Lahore,31.5204,74.3587,8/3/2023,Thursday,8,Summer,0,34.7,25.1,30.1,42.4,30.1,Hot,7.5,7.5,0,Light Rain,13.2,167,80.33,973.42,18,0,26.1,2023-08-03T05:19,2023-08-03T18:57,Rainy,1,31.4,74.04,0.1,29.78571429,78.85571429,4.928571429,84,131,1.26
Lahore,31.5204,74.3587,8/4/2023,Friday,8,Summer,0,35.6,27.8,31,43.4,32.2,Hot,0.1,0.1,0,Light Rain,14.2,174,77.25,975.22,11.38,0,26.27,2023-08-04T05:20,2023-08-04T18:56,Rainy,1,30.1,80.33,7.5,30.14285714,77.95142857,4.328571429,164,40,1.82
Lahore,31.5204,74.3587,8/5/2023,Saturday,8,Summer,1,34.6,25.5,30,42.7,31,Hot,26.7,26.7,0,Heavy Rain,12.5,95,79.58,977.05,25.79,0,25.93,2023-08-05T05:21,2023-08-05T18:55,Rainy,1,31,77.25,0.1,30.47142857,76.93285714,5.057142857,23,94,0.82
Lahore,31.5204,74.3587,8/6/2023,Sunday,8,Summer,1,34.3,26.1,29.8,42.6,30.7,Hot,5.4,5.4,0,Light Rain,12.2,172,79.67,973.85,20.58,0,25.78,2023-08-06T05:21,2023-08-06T18:55,Rainy,1,30,79.58,26.7,30.52857143,77.23714286,5.8,137,239,0.15
Lahore,31.5204,74.3587,8/7/2023,Monday,8,Summer,0,34.7,25.5,30,41.3,29.8,Hot,17.4,17.4,0,Heavy Rain,16.6,199,76.67,971.63,22.46,0,25.1,2023-08-07T05:22,2023-08-07T18:54,Rainy,1,29.8,79.67,5.4,30.51428571,77.45142857,8.185714286,143,246,0.36
Lahore,31.5204,74.3587,8/8/2023,Tuesday,8,Summer,0,35,27,30.7,41.6,31.4,Hot,0,0,0,No Rain,13.6,227,72.29,972.68,6.96,0,24.94,2023-08-08T05:22,2023-08-08T18:53,Sunny,0,30,76.67,17.4,30.42857143,77.11857143,8.171428571,90,278,1.65
Lahore,31.5204,74.3587,8/9/2023,Wednesday,8,Summer,0,35.4,26.2,30.9,42.9,32,Hot,2.8,2.8,0,Light Rain,14.4,169,75.62,976.18,34.08,0,25.81,2023-08-09T05:23,2023-08-09T18:52,Rainy,1,30.7,72.29,0,30.35714286,77.34428571,8.557142857,65,183,0.29
Lahore,31.5204,74.3587,8/10/2023,Thursday,8,Summer,0,34.9,24.2,29.4,42.8,28.1,Hot,6.9,6.9,0,Light Rain,15.8,117,81.08,977.82,32.88,0,25.66,2023-08-10T05:24,2023-08-10T18:51,Rainy,1,30.9,75.62,2.8,30.25714286,77.45142857,8.471428571,123,187,1.48
Lahore,31.5204,74.3587,8/11/2023,Friday,8,Summer,0,35.2,26.6,30.6,42.5,30.4,Hot,0.2,0.2,0,Light Rain,24.1,139,76.33,978.01,12.79,0,25.65,2023-08-11T05:24,2023-08-11T18:50,Rainy,1,29.4,81.08,6.9,30.2,77.32,8.485714286,136,287,0.16
Lahore,31.5204,74.3587,8/12/2023,Saturday,8,Summer,1,36.2,28.5,31.8,41.9,33.3,Hot,0,0,0,No Rain,11.4,218,65.75,975.56,24.17,0,24.35,2023-08-12T05:25,2023-08-12T18:49,Sunny,0,30.6,76.33,0.2,30.45714286,75.34428571,4.671428571,154,39,0.37
Lahore,31.5204,74.3587,8/13/2023,Sunday,8,Summer,1,36.4,27.4,31.9,41.9,32.9,Hot,0.1,0.1,0,Light Rain,16,216,66.17,972.86,38.08,0,24.55,2023-08-13T05:26,2023-08-13T18:48,Rainy,1,31.8,65.75,0,30.75714286,73.41571429,3.914285714,78,41,1.62
Lahore,31.5204,74.3587,8/14/2023,Monday,8,Summer,0,35,26,30,42,28.7,Hot,0.5,0.5,0,Light Rain,25.1,108,76.58,976.81,44.17,0,25.2,2023-08-14T05:26,2023-08-14T18:47,Rainy,1,31.9,66.17,0.1,30.75714286,73.40285714,1.5,101,83,1.61
Lahore,31.5204,74.3587,8/15/2023,Tuesday,8,Summer,0,34.9,25.1,29.7,41.1,27.9,Hot,0.7,0.7,0,Light Rain,20.6,91,74.42,978.79,41.71,0,24.36,2023-08-15T05:27,2023-08-15T18:46,Rainy,1,30,76.58,0.5,30.61428571,73.70714286,1.6,134,46,1.99
Lahore,31.5204,74.3587,8/16/2023,Wednesday,8,Summer,0,35.2,26.6,30.7,42.2,32.2,Hot,0.4,0.4,0,Light Rain,7.7,103,73,978.39,23.58,0,25.02,2023-08-16T05:28,2023-08-16T18:45,Rainy,1,29.7,74.42,0.7,30.58571429,73.33285714,1.257142857,177,298,0.7
Lahore,31.5204,74.3587,8/17/2023,Thursday,8,Summer,0,36.6,27.7,31.5,42.3,33.7,Hot,0,0,0,No Rain,9.4,203,69.08,977.46,9.33,0,24.62,2023-08-17T05:28,2023-08-17T18:44,Sunny,0,30.7,73,0.4,30.88571429,71.61857143,0.271428571,171,44,0.21
Lahore,31.5204,74.3587,8/18/2023,Friday,8,Summer,0,36.5,27.5,31.6,43.5,33.1,Hot,0.4,0.4,0,Light Rain,12.7,108,71.04,977.78,9.21,0,25.29,2023-08-18T05:29,2023-08-18T18:43,Rainy,1,31.5,69.08,0,31.02857143,70.86285714,0.3,99,183,1.59
Lahore,31.5204,74.3587,8/19/2023,Saturday,8,Summer,1,34.5,28,30.9,42,34.4,Hot,1.8,1.8,0,Light Rain,16.4,104,76.25,978.78,24.58,0,26.04,2023-08-19T05:29,2023-08-19T18:42,Rainy,1,31.6,71.04,0.4,30.9,72.36285714,0.557142857,151,191,1.79
Lahore,31.5204,74.3587,8/20/2023,Sunday,8,Summer,1,35.2,27.8,30.8,42.9,33.8,Hot,3.7,3.7,0,Light Rain,12.7,111,78.21,979.31,37.42,0,26.4,2023-08-20T05:30,2023-08-20T18:41,Rainy,1,30.9,76.25,1.8,30.74285714,74.08285714,1.071428571,101,57,1.75
Lahore,31.5204,74.3587,8/21/2023,Monday,8,Summer,0,37.2,28.5,32.5,44.7,35.5,Hot,0,0,0,No Rain,6.4,155,71.33,977.26,4.21,0,26.36,2023-08-21T05:31,2023-08-21T18:40,Sunny,0,30.8,78.21,3.7,31.1,73.33285714,1,155,118,0.58
Lahore,31.5204,74.3587,8/22/2023,Tuesday,8,Summer,0,39.2,28.9,33.5,46.1,35.2,Hot,0,0,0,No Rain,12.2,150,64.83,974.5,30.92,0,25.49,2023-08-22T05:31,2023-08-22T18:38,Moderate,3,32.5,71.33,0,31.64285714,71.96285714,0.9,128,55,1.94
Lahore,31.5204,74.3587,8/23/2023,Wednesday,8,Summer,0,38.2,28.4,32.7,44,33,Hot,0,0,0,No Rain,19.2,132,66.75,972.98,59.67,0,25.14,2023-08-23T05:32,2023-08-23T18:37,Moderate,3,33.5,64.83,0,31.92857143,71.07,0.842857143,156,247,1.97
Lahore,31.5204,74.3587,8/24/2023,Thursday,8,Summer,0,35.5,26.2,30.9,41.1,30.2,Hot,0.2,0.2,0,Light Rain,15.1,147,68.33,973.3,33.42,0,23.96,2023-08-24T05:33,2023-08-24T18:36,Rainy,1,32.7,66.75,0,31.84285714,70.96285714,0.871428571,103,241,1.04
Lahore,31.5204,74.3587,8/25/2023,Friday,8,Summer,0,34.7,24.8,29.3,41,26.5,Hot,9.8,9.8,0,Light Rain,32.5,66,72.54,973.95,55.96,0,23.55,2023-08-25T05:33,2023-08-25T18:35,Rainy,1,30.9,68.33,0.2,31.51428571,71.17714286,2.214285714,140,209,1.98
Lahore,31.5204,74.3587,8/26/2023,Saturday,8,Summer,1,31,24.8,27,36.5,29.3,Hot,3.1,3.1,0,Light Rain,18.4,164,81.79,976.29,74.67,0,23.39,2023-08-26T05:34,2023-08-26T18:34,Rainy,1,29.3,72.54,9.8,30.95714286,71.96857143,2.4,103,125,1.69
Lahore,31.5204,74.3587,8/27/2023,Sunday,8,Summer,1,34.2,24.5,29.2,39.6,29.6,Hot,0.3,0.3,0,Light Rain,9.9,263,75.25,975.95,21.5,0,23.86,2023-08-27T05:34,2023-08-27T18:33,Rainy,1,27,81.79,3.1,30.72857143,71.54571429,1.914285714,91,203,1.88
Lahore,31.5204,74.3587,8/28/2023,Monday,8,Summer,0,33.5,25,28.7,38.9,27.6,Hot,0.3,0.3,0,Light Rain,22.9,145,74.79,975.68,19.29,0,23.5,2023-08-28T05:35,2023-08-28T18:32,Rainy,1,29.2,75.25,0.3,30.18571429,72.04,1.957142857,127,193,1.31
Lahore,31.5204,74.3587,8/29/2023,Tuesday,8,Summer,0,34,22.9,28.9,40.1,24.7,Hot,1.6,1.6,0,Light Rain,18.4,4,73,978.48,14.5,0,23.13,2023-08-29T05:36,2023-08-29T18:30,Rainy,1,28.7,74.79,0.3,29.52857143,73.20714286,2.185714286,126,105,1.75
Lahore,31.5204,74.3587,8/30/2023,Wednesday,8,Summer,0,36.1,25,30.1,40.5,29.4,Hot,0,0,0,No Rain,8.2,250,66.12,979.88,0.29,0,22.47,2023-08-30T05:36,2023-08-30T18:29,Sunny,0,28.9,73,1.6,29.15714286,73.11714286,2.185714286,160,208,0.62
Lahore,31.5204,74.3587,8/31/2023,Thursday,8,Summer,0,36.7,26.2,31.2,41.6,30.4,Hot,0,0,0,No Rain,8,226,64.17,980.45,4.33,0,23.21,2023-08-31T05:37,2023-08-31T18:28,Sunny,0,30.1,66.12,0,29.2,72.52285714,2.157142857,31,243,1.09
Lahore,31.5204,74.3587,9/1/2023,Friday,9,Autumn,0,37.4,26.9,31.9,41.2,31.5,Hot,0,0,0,No Rain,13.7,226,58.79,980.04,2.67,0,22.21,2023-09-01T05:37,2023-09-01T18:27,Sunny,0,31.2,64.17,0,29.57142857,70.55857143,0.757142857,74,222,0.27
Lahore,31.5204,74.3587,9/2/2023,Saturday,9,Autumn,1,36.7,26.3,31.4,40.2,30.2,Hot,0,0,0,No Rain,16.3,228,58.58,978.97,0.42,0,21.8,2023-09-02T05:38,2023-09-02T18:26,Sunny,0,31.9,58.79,0,30.2,67.24285714,0.314285714,94,166,0.8
Lahore,31.5204,74.3587,9/3/2023,Sunday,9,Autumn,1,36.3,25.5,30.9,40.3,29.4,Hot,0,0,0,No Rain,10.7,220,58.25,977.92,0.12,0,21.18,2023-09-03T05:39,2023-09-03T18:24,Sunny,0,31.4,58.58,0,30.44285714,64.81428571,0.271428571,79,291,0.59
Lahore,31.5204,74.3587,9/4/2023,Monday,9,Autumn,0,36.5,25.5,31,40.3,29.4,Hot,0,0,0,No Rain,10.1,192,60.21,977.55,1.17,0,21.8,2023-09-04T05:39,2023-09-04T18:23,Sunny,0,30.9,58.25,0,30.77142857,62.73142857,0.228571429,69,169,0.14
Lahore,31.5204,74.3587,9/5/2023,Tuesday,9,Autumn,0,36.4,26.2,30.8,41.2,30.3,Hot,0.1,0.1,0,Light Rain,9.8,81,63.92,979.4,13.38,0,22.62,2023-09-05T05:40,2023-09-05T18:22,Rainy,1,31,60.21,0,31.04285714,61.43428571,0.014285714,80,285,1
Lahore,31.5204,74.3587,9/6/2023,Wednesday,9,Autumn,0,37,25.8,31.4,41.4,30.7,Hot,0,0,0,No Rain,13,21,60.5,980.09,3.88,0,22.12,2023-09-06T05:40,2023-09-06T18:20,Sunny,0,30.8,63.92,0.1,31.22857143,60.63142857,0.014285714,168,97,0.8
Lahore,31.5204,74.3587,9/7/2023,Thursday,9,Autumn,0,38.6,26,31.9,42.3,29.9,Hot,0,0,0,No Rain,11.5,323,55.38,979.2,2.04,0,21.07,2023-09-07T05:41,2023-09-07T18:19,Sunny,0,31.4,60.5,0,31.32857143,59.37571429,0.014285714,63,71,0.16
Lahore,31.5204,74.3587,9/8/2023,Friday,9,Autumn,0,38.2,25.8,31.7,42.8,28.9,Hot,0,0,0,No Rain,10.9,181,55.25,978.84,2.75,0,21.03,2023-09-08T05:42,2023-09-08T18:18,Sunny,0,31.9,55.38,0,31.3,58.87,0.014285714,196,255,0.39
Lahore,31.5204,74.3587,9/9/2023,Saturday,9,Autumn,1,36.4,26.5,31.3,41.8,31.3,Hot,0,0,0,No Rain,11.5,148,62.96,978.21,2.38,0,22.97,2023-09-09T05:42,2023-09-09T18:17,Sunny,0,31.7,55.25,0,31.28571429,59.49571429,0.014285714,182,179,0.6
Lahore,31.5204,74.3587,9/10/2023,Sunday,9,Autumn,1,35,25.1,30.2,41.5,29.1,Hot,0,0,0,No Rain,16.4,124,71.54,976.83,10.96,0,24.22,2023-09-10T05:43,2023-09-10T18:15,Sunny,0,31.3,62.96,0,31.18571429,61.39428571,0.014285714,105,112,1.24
Lahore,31.5204,74.3587,9/11/2023,Monday,9,Autumn,0,34.3,26,30,41.7,30.4,Hot,0,0,0,No Rain,17.2,87,72.71,977.42,7.88,0,24.31,2023-09-11T05:43,2023-09-11T18:14,Sunny,0,30.2,71.54,0,31.04285714,63.18,0.014285714,107,244,1.14
Lahore,31.5204,74.3587,9/12/2023,Tuesday,9,Autumn,0,35.9,27.4,31.2,41.2,32.4,Hot,0,0,0,No Rain,9.5,149,68.58,977.24,5.12,0,24.37,2023-09-12T05:44,2023-09-12T18:13,Sunny,0,30,72.71,0,31.1,63.84571429,0,164,243,1.16
Lahore,31.5204,74.3587,9/13/2023,Wednesday,9,Autumn,0,35.5,27.7,31.2,42.6,32.9,Hot,0,0,0,No Rain,19.6,117,72.58,977.25,9.33,0,25.51,2023-09-13T05:45,2023-09-13T18:11,Sunny,0,31.2,68.58,0,31.07142857,65.57142857,0,150,35,1.4
Lahore,31.5204,74.3587,9/14/2023,Thursday,9,Autumn,0,36,28,31.3,43.5,30.8,Hot,1.6,1.6,0,Light Rain,22.2,97,72.17,978.62,15.71,0,25.49,2023-09-14T05:45,2023-09-14T18:10,Rainy,1,31.2,72.58,0,30.98571429,67.97,0.228571429,47,137,1
Lahore,31.5204,74.3587,9/15/2023,Friday,9,Autumn,0,34.7,25.5,29.2,41.7,28.6,Hot,37,37,0,Heavy Rain,23.8,99,80.79,979.89,62.75,0,25.37,2023-09-15T05:46,2023-09-15T18:09,Rainy,1,31.3,72.17,1.6,30.62857143,71.61857143,5.514285714,76,136,0.56
Lahore,31.5204,74.3587,9/16/2023,Saturday,9,Autumn,1,33.8,25.6,29.2,40.2,31.1,Hot,0.4,0.4,0,Light Rain,9,70,80.29,980.07,14.08,0,25.23,2023-09-16T05:46,2023-09-16T18:08,Rainy,1,29.2,80.79,37,30.32857143,74.09428571,5.571428571,117,194,0.7
Lahore,31.5204,74.3587,9/17/2023,Sunday,9,Autumn,1,32.7,25.5,28.2,38.4,30.2,Hot,1.8,1.8,0,Light Rain,12.6,122,80.92,978.99,19.17,0,24.39,2023-09-17T05:47,2023-09-17T18:06,Rainy,1,29.2,80.29,0.4,30.04285714,75.43428571,5.828571429,164,112,1.8
Lahore,31.5204,74.3587,9/18/2023,Monday,9,Autumn,0,30.8,23.8,26.5,34.9,25.5,Hot,30.7,30.7,0,Heavy Rain,25.8,83,83.62,979.48,35,0,23.37,2023-09-18T05:48,2023-09-18T18:05,Rainy,1,28.2,80.92,1.8,29.54285714,76.99285714,10.21428571,29,179,0.91
Lahore,31.5204,74.3587,9/19/2023,Tuesday,9,Autumn,0,31.6,23.5,27,38.9,27.8,Hot,30.5,30.5,0,Heavy Rain,11.2,81,83.17,981.73,35.21,0,23.83,2023-09-19T05:48,2023-09-19T18:04,Rainy,1,26.5,83.62,30.7,28.94285714,79.07714286,14.57142857,100,284,0.72
Lahore,31.5204,74.3587,9/20/2023,Wednesday,9,Autumn,0,33,24.8,28.5,39.8,30,Hot,0,0,0,No Rain,7.7,342,79.58,981.62,13.08,0,24.4,2023-09-20T05:49,2023-09-20T18:02,Sunny,0,27,83.17,30.5,28.55714286,80.07714286,14.57142857,107,81,0.92
Lahore,31.5204,74.3587,9/21/2023,Thursday,9,Autumn,0,33.6,24.7,29.1,40,29.5,Hot,0,0,0,No Rain,7.8,253,77.54,980.44,4.29,0,24.49,2023-09-21T05:49,2023-09-21T18:01,Sunny,0,28.5,79.58,0,28.24285714,80.84428571,14.34285714,97,120,0.5
Lahore,31.5204,74.3587,9/22/2023,Friday,9,Autumn,0,32.8,26,28.7,39.4,31.3,Hot,0.6,0.6,0,Light Rain,11.5,153,79.46,980.4,26.5,0,24.63,2023-09-22T05:50,2023-09-22T18:00,Rainy,1,29.1,77.54,0,28.17142857,80.65428571,9.142857143,175,123,1.07
Lahore,31.5204,74.3587,9/23/2023,Saturday,9,Autumn,1,30.5,24.4,27,36.3,28.3,Hot,33,33,0,Heavy Rain,15.5,100,85.12,981.51,47.42,0,24.15,2023-09-23T05:51,2023-09-23T17:58,Rainy,1,28.7,79.46,0.6,27.85714286,81.34428571,13.8,86,57,0.76
Lahore,31.5204,74.3587,9/24/2023,Sunday,9,Autumn,1,31.9,22.5,27.1,37.8,26.6,Hot,6.4,6.4,0,Light Rain,9,118,83.46,980.82,31.12,0,23.84,2023-09-24T05:51,2023-09-24T17:57,Rainy,1,27,85.12,33,27.7,81.70714286,14.45714286,139,247,0.15
Lahore,31.5204,74.3587,9/25/2023,Monday,9,Autumn,0,30.7,20.9,25.8,36.1,22.4,Hot,4.9,4.9,0,Light Rain,17.9,73,85.5,981.72,28.58,0,22.97,2023-09-25T05:52,2023-09-25T17:56,Rainy,1,27.1,83.46,6.4,27.6,81.97571429,10.77142857,55,296,1.34
Lahore,31.5204,74.3587,9/26/2023,Tuesday,9,Autumn,0,31.8,22.4,26.7,36.1,25.7,Hot,0,0,0,No Rain,7.1,320,76.83,983.05,0.58,0,21.9,2023-09-26T05:52,2023-09-26T17:54,Sunny,0,25.8,85.5,4.9,27.55714286,81.07,6.414285714,126,72,0.3
Lahore,31.5204,74.3587,9/27/2023,Wednesday,9,Autumn,0,32.4,22.3,26.7,36,25.3,Hot,0,0,0,No Rain,11.8,291,73.67,982.55,0,0,21.12,2023-09-27T05:53,2023-09-27T17:53,Sunny,0,26.7,76.83,0,27.3,80.22571429,6.414285714,145,241,0.97
Lahore,31.5204,74.3587,9/28/2023,Thursday,9,Autumn,0,33.4,21,27.4,38.2,23.2,Hot,0,0,0,No Rain,9.2,253,65.5,981.67,0.25,0,19.77,2023-09-28T05:54,2023-09-28T17:52,Sunny,0,26.7,73.67,0,27.05714286,78.50571429,6.414285714,49,196,1.47
Lahore,31.5204,74.3587,9/29/2023,Friday,9,Autumn,0,33.4,21.1,27,36.8,23.2,Hot,0,0,0,No Rain,23,93,65.29,981.54,4.38,0,19.4,2023-09-29T05:54,2023-09-29T17:50,Sunny,0,27.4,65.5,0,26.81428571,76.48142857,6.328571429,32,290,1.28
Lahore,31.5204,74.3587,9/30/2023,Saturday,9,Autumn,1,32.3,21.1,25.7,35.8,21.4,Hot,0,0,0,No Rain,11.3,329,64.83,982.42,1.96,0,18.36,2023-09-30T05:55,2023-09-30T17:49,Sunny,0,27,65.29,0,26.62857143,73.58285714,1.614285714,200,191,0.83
Lahore,31.5204,74.3587,10/1/2023,Sunday,10,Autumn,1,32.1,19,24.8,34.7,20.1,Moderate,0,0,0,No Rain,11.7,283,65.42,981.35,0,0,17.33,2023-10-01T05:55,2023-10-01T17:48,Sunny,0,25.7,64.83,0,26.3,71.00571429,0.7,195,39,1.44
Lahore,31.5204,74.3587,10/2/2023,Monday,10,Autumn,0,32.7,17.9,24.7,34.1,16.8,Moderate,0,0,0,No Rain,12.2,258,58.75,982.01,0.38,0,15.47,2023-10-02T05:56,2023-10-02T17:47,Sunny,0,24.8,65.42,0,26.14285714,67.18428571,0,69,186,1.47
Lahore,31.5204,74.3587,10/3/2023,Tuesday,10,Autumn,0,32.2,18.8,25.2,33.8,19.5,Hot,0,0,0,No Rain,13,283,64.25,982.77,0,0,17.54,2023-10-03T05:57,2023-10-03T17:45,Sunny,0,24.7,58.75,0,25.92857143,65.38714286,0,55,265,1.53
Lahore,31.5204,74.3587,10/4/2023,Wednesday,10,Autumn,0,32.9,19.2,25.3,35.5,19.9,Hot,0,0,0,No Rain,10.7,283,63.71,982.77,0,0,17.44,2023-10-04T05:57,2023-10-04T17:44,Sunny,0,25.2,64.25,0,25.72857143,63.96428571,0,141,204,1.83
Lahore,31.5204,74.3587,10/5/2023,Thursday,10,Autumn,0,32.8,19.1,25.3,36,19.3,Hot,0,0,0,No Rain,12.2,259,61.88,981.73,0,0,17.2,2023-10-05T05:58,2023-10-05T17:43,Sunny,0,25.3,63.71,0,25.42857143,63.44714286,0,62,148,1.04
Lahore,31.5204,74.3587,10/6/2023,Friday,10,Autumn,0,33.5,18.9,25.8,35.9,20,Hot,0,0,0,No Rain,11,151,63.12,980.27,0,0,17.7,2023-10-06T05:59,2023-10-06T17:42,Sunny,0,25.3,61.88,0,25.25714286,63.13714286,0,42,237,0.15
Lahore,31.5204,74.3587,10/7/2023,Saturday,10,Autumn,1,33.9,22.1,27.2,37.5,23.5,Hot,0,0,0,No Rain,10,113,66,981.52,0.38,0,19.97,2023-10-07T05:59,2023-10-07T17:41,Sunny,0,25.8,63.12,0,25.47142857,63.30428571,0,28,41,1.79
Lahore,31.5204,74.3587,10/8/2023,Sunday,10,Autumn,1,33.3,23.1,27.8,39.2,26.5,Hot,0,0,0,No Rain,8.4,93,72.92,982.45,2.17,0,22.27,2023-10-08T06:00,2023-10-08T17:39,Sunny,0,27.2,66,0,25.9,64.37571429,0,87,239,1.28
Lahore,31.5204,74.3587,10/9/2023,Monday,10,Autumn,0,33.6,23,27.1,37.5,22.6,Hot,0,0,0,No Rain,24.7,51,70.04,982.97,13.67,0,20.65,2023-10-09T06:01,2023-10-09T17:38,Sunny,0,27.8,72.92,0,26.24285714,65.98857143,0,106,288,0.76
Lahore,31.5204,74.3587,10/10/2023,Tuesday,10,Autumn,0,30.5,19.6,24.7,33,21,Moderate,0,0,0,No Rain,21.3,31,66.33,985.42,1.25,0,17.79,2023-10-10T06:01,2023-10-10T17:37,Sunny,0,27.1,70.04,0,26.17142857,66.28571429,0,168,194,0.24
Lahore,31.5204,74.3587,10/11/2023,Wednesday,10,Autumn,0,30.6,18.8,24.2,32.3,19.9,Moderate,0,0,0,No Rain,9.5,293,64.67,985.52,0,0,16.61,2023-10-11T06:02,2023-10-11T17:36,Sunny,0,24.7,66.33,0,26.01428571,66.42285714,0,130,50,0.37
Lahore,31.5204,74.3587,10/12/2023,Thursday,10,Autumn,0,31.6,18.4,25,34.2,18.9,Moderate,0,0,0,No Rain,10.7,213,65,986.45,0,0,17.44,2023-10-12T06:03,2023-10-12T17:34,Sunny,0,24.2,64.67,0,25.97142857,66.86857143,0,164,47,1.63
Lahore,31.5204,74.3587,10/13/2023,Friday,10,Autumn,0,32.2,19,25,34.3,20.3,Moderate,0,0,0,No Rain,11.2,104,67.5,986.88,0,0,17.96,2023-10-13T06:03,2023-10-13T17:33,Sunny,0,25,65,0,25.85714286,67.49428571,0,44,81,0.26
Lahore,31.5204,74.3587,10/14/2023,Saturday,10,Autumn,1,29.9,20.1,24,31.6,17.6,Moderate,13.2,13.2,0,Heavy Rain,37.2,85,73.42,986.61,27.92,0,18.77,2023-10-14T06:04,2023-10-14T17:32,Rainy,1,25,67.5,0,25.4,68.55428571,1.885714286,70,269,0.52
Lahore,31.5204,74.3587,10/15/2023,Sunday,10,Autumn,1,28.9,18,23,30.4,17,Moderate,10.6,10.6,0,Heavy Rain,34.7,26,69,985.27,49.33,0,16.5,2023-10-15T06:05,2023-10-15T17:31,Rainy,1,24,73.42,13.2,24.71428571,67.99428571,3.4,146,135,0.86
Lahore,31.5204,74.3587,10/16/2023,Monday,10,Autumn,0,23.1,18.1,20.2,25.3,18.6,Moderate,4.9,4.9,0,Light Rain,18.6,93,82.83,985.56,78.08,0,17.17,2023-10-16T06:05,2023-10-16T17:30,Rainy,1,23,69,10.6,23.72857143,69.82142857,4.1,124,228,1.08
Lahore,31.5204,74.3587,10/17/2023,Tuesday,10,Autumn,0,22.9,15.6,18.8,22.8,12.9,Moderate,8.2,8.2,0,Light Rain,33.4,53,81.58,990.62,55.75,0,15.45,2023-10-17T06:06,2023-10-17T17:29,Rainy,1,20.2,82.83,4.9,22.88571429,72,5.271428571,129,246,1.36
Lahore,31.5204,74.3587,10/18/2023,Wednesday,10,Autumn,0,25.1,15.1,19.2,25.9,14.6,Moderate,0,0,0,No Rain,11,315,75.38,990.77,0.04,0,14.41,2023-10-18T06:07,2023-10-18T17:27,Sunny,0,18.8,81.58,8.2,22.17142857,73.53,5.271428571,144,215,1.72
Lahore,31.5204,74.3587,10/19/2023,Thursday,10,Autumn,0,26.5,15.3,20.6,27.3,15.3,Moderate,0,0,0,No Rain,9.3,297,69.5,989.6,0,0,14.53,2023-10-19T06:08,2023-10-19T17:26,Sunny,0,19.2,75.38,0,21.54285714,74.17285714,5.271428571,140,67,1.5
Lahore,31.5204,74.3587,10/20/2023,Friday,10,Autumn,0,27.7,15.1,21.1,29,14.9,Moderate,0,0,0,No Rain,9.5,279,70.62,990.06,0.21,0,15.15,2023-10-20T06:08,2023-10-20T17:25,Sunny,0,20.6,69.5,0,20.98571429,74.61857143,5.271428571,188,281,1.12
Lahore,31.5204,74.3587,10/21/2023,Saturday,10,Autumn,1,26.9,16.2,21.5,28.2,16.4,Moderate,0,0,0,No Rain,9.8,256,70.33,990.38,54.17,0,15.57,2023-10-21T06:09,2023-10-21T17:24,Moderate,3,21.1,70.62,0,20.62857143,74.17714286,3.385714286,23,287,1.5
Lahore,31.5204,74.3587,10/22/2023,Sunday,10,Autumn,1,26,18,21.1,28,19,Moderate,0,0,0,No Rain,16.7,347,78.38,991.28,60.46,0,17.07,2023-10-22T06:10,2023-10-22T17:23,Moderate,3,21.5,70.33,0,20.35714286,75.51714286,1.871428571,185,260,0.32
Lahore,31.5204,74.3587,10/23/2023,Monday,10,Autumn,0,27.8,16.9,21.6,28.9,17.9,Moderate,0,0,0,No Rain,11.2,327,74.88,989.69,8.42,0,16.47,2023-10-23T06:11,2023-10-23T17:22,Sunny,0,21.1,78.38,0,20.55714286,74.38142857,1.171428571,62,108,0.61
Lahore,31.5204,74.3587,10/24/2023,Tuesday,10,Autumn,0,28.4,16.2,21.9,29.4,17.1,Moderate,0,0,0,No Rain,7.8,345,68.38,988.92,2.67,0,15.37,2023-10-24T06:11,2023-10-24T17:21,Sunny,0,21.6,74.88,0,21,72.49571429,0,37,144,0.3
Lahore,31.5204,74.3587,10/25/2023,Wednesday,10,Autumn,0,29.1,16.5,22.1,30.3,16.4,Moderate,0,0,0,No Rain,9.2,324,69.08,989.62,0,0,15.7,2023-10-25T06:12,2023-10-25T17:20,Sunny,0,21.9,68.38,0,21.41428571,71.59571429,0,59,80,1.11
Lahore,31.5204,74.3587,10/26/2023,Thursday,10,Autumn,0,29,14.9,21.9,30.4,15,Moderate,0,0,0,No Rain,8.9,322,73.42,989.01,0,0,16.36,2023-10-26T06:13,2023-10-26T17:19,Sunny,0,22.1,69.08,0,21.6,72.15571429,0,184,191,0.71
Lahore,31.5204,74.3587,10/27/2023,Friday,10,Autumn,0,29.6,15.6,22.2,32,16.2,Moderate,0,0,0,No Rain,8.2,106,73.04,987.82,17.04,0,16.69,2023-10-27T06:14,2023-10-27T17:18,Sunny,0,21.9,73.42,0,21.75714286,72.50142857,0,177,231,1.7
Lahore,31.5204,74.3587,10/28/2023,Saturday,10,Autumn,1,29.1,17.2,22.8,31.2,18.7,Moderate,0,0,0,No Rain,8.2,89,73.79,988.2,86.75,0,17.53,2023-10-28T06:14,2023-10-28T17:17,Cloudy,2,22.2,73.04,0,21.94285714,72.99571429,0,66,52,0.56
Lahore,31.5204,74.3587,10/29/2023,Sunday,10,Autumn,1,29.5,17.7,23.4,32.6,19.3,Moderate,0,0,0,No Rain,7.9,80,73.33,988.53,0.79,0,17.8,2023-10-29T06:15,2023-10-29T17:16,Sunny,0,22.8,73.79,0,22.27142857,72.27428571,0,136,197,1.58
Lahore,31.5204,74.3587,10/30/2023,Monday,10,Autumn,0,29.5,17.5,22.7,31.8,18.6,Moderate,0,0,0,No Rain,8.8,58,73.83,989.38,18.79,0,17.22,2023-10-30T06:16,2023-10-30T17:15,Sunny,0,23.4,73.33,0,22.42857143,72.12428571,0,95,235,1.29
Lahore,31.5204,74.3587,10/31/2023,Tuesday,10,Autumn,0,30,16.7,22.8,32.1,17.4,Moderate,0,0,0,No Rain,8.4,43,73.62,990.53,3.25,0,17.33,2023-10-31T06:17,2023-10-31T17:14,Sunny,0,22.7,73.83,0,22.55714286,72.87285714,0,143,32,1.53
Lahore,31.5204,74.3587,11/1/2023,Wednesday,11,Autumn,0,29.1,17.9,22.5,31.1,19.2,Moderate,0.1,0.1,0,Light Rain,17.3,1,77.67,991.48,37.38,0,17.91,2023-11-01T06:18,2023-11-01T17:14,Rainy,1,22.8,73.62,0,22.61428571,74.1,0.014285714,181,102,0.14
Lahore,31.5204,74.3587,11/2/2023,Thursday,11,Autumn,0,28.5,17.8,21.5,30.2,19.3,Moderate,0.7,0.7,0,Light Rain,17.7,315,80.67,989.69,31.12,0,17.56,2023-11-02T06:18,2023-11-02T17:13,Rainy,1,22.5,77.67,0.1,22.55714286,75.13571429,0.114285714,122,260,1.31
Lahore,31.5204,74.3587,11/3/2023,Friday,11,Autumn,0,27.6,17.5,21.9,29.2,17.9,Moderate,0,0,0,No Rain,17.7,292,71.38,987.06,16.33,0,16.21,2023-11-03T06:19,2023-11-03T17:12,Sunny,0,21.5,80.67,0.7,22.51428571,74.89857143,0.114285714,23,212,1.16
Lahore,31.5204,74.3587,11/4/2023,Saturday,11,Autumn,1,29.1,14.9,21.5,29.8,15.3,Moderate,0,0,0,No Rain,9,333,68.33,987.44,17.21,0,14.82,2023-11-04T06:20,2023-11-04T17:11,Sunny,0,21.9,71.38,0,22.32857143,74.11857143,0.114285714,39,121,0.91
Lahore,31.5204,74.3587,11/5/2023,Sunday,11,Autumn,1,28.3,14.6,21.5,29.1,14.5,Moderate,0,0,0,No Rain,8,330,71.17,988.75,4,0,15.65,2023-11-05T06:21,2023-11-05T17:10,Sunny,0,21.5,68.33,0,22.05714286,73.81,0.114285714,53,259,0.92
Lahore,31.5204,74.3587,11/6/2023,Monday,11,Autumn,0,28.1,15.2,21.1,29,15.6,Moderate,0,0,0,No Rain,11.5,81,73.58,990.25,54.17,0,15.71,2023-11-06T06:22,2023-11-06T17:09,Moderate,3,21.5,71.17,0,21.82857143,73.77428571,0.114285714,126,216,0.58
Lahore,31.5204,74.3587,11/7/2023,Tuesday,11,Autumn,0,28,16.5,21.1,29.5,17.3,Moderate,0,0,0,No Rain,16.3,3,76.38,989.9,71.71,0,16.47,2023-11-07T06:23,2023-11-07T17:09,Cloudy,2,21.1,73.58,0,21.58571429,74.16857143,0.114285714,196,173,0.44
Lahore,31.5204,74.3587,11/8/2023,Wednesday,11,Autumn,0,26.7,16.1,20.1,28.9,16.7,Moderate,1.6,1.6,0,Light Rain,11.6,358,79.62,988.83,20.04,0,16.17,2023-11-08T06:23,2023-11-08T17:08,Rainy,1,21.1,76.38,0,21.24285714,74.44714286,0.328571429,164,163,0.31
Lahore,31.5204,74.3587,11/9/2023,Thursday,11,Autumn,0,26.7,14.6,19.9,28.5,14.9,Moderate,2.3,2.3,0,Light Rain,17.6,55,78.79,988.5,13.67,0,15.78,2023-11-09T06:24,2023-11-09T17:07,Rainy,1,20.1,79.62,1.6,21.01428571,74.17857143,0.557142857,126,106,0.72
Lahore,31.5204,74.3587,11/10/2023,Friday,11,Autumn,0,21.1,14.4,17.5,22.1,14.7,Moderate,9.6,9.6,0,Light Rain,18.1,66,87.42,990.89,56.58,0,15.26,2023-11-10T06:25,2023-11-10T17:06,Rainy,1,19.9,78.79,2.3,20.38571429,76.47,1.928571429,81,177,0.82
Lahore,31.5204,74.3587,11/11/2023,Saturday,11,Autumn,1,23.8,12.4,17.2,23.7,12,Moderate,0,0,0,No Rain,10.2,305,82.62,993.08,6.21,0,13.89,2023-11-11T06:26,2023-11-11T17:06,Sunny,0,17.5,87.42,9.6,19.77142857,78.51142857,1.928571429,89,78,1.95
Lahore,31.5204,74.3587,11/12/2023,Sunday,11,Autumn,1,24.1,12.9,17.6,24.1,12.6,Moderate,0,0,0,No Rain,10.3,300,79.25,992.68,7.04,0,13.72,2023-11-12T06:27,2023-11-12T17:05,Sunny,0,17.2,82.62,0,19.21428571,79.66571429,1.928571429,30,289,0.26
Lahore,31.5204,74.3587,11/13/2023,Monday,11,Autumn,0,24.3,12.1,17.7,24.7,11.2,Moderate,0,0,0,No Rain,9,327,80.12,992.5,2.04,0,13.97,2023-11-13T06:28,2023-11-13T17:05,Sunny,0,17.6,79.25,0,18.72857143,80.6,1.928571429,83,163,1.65
Lahore,31.5204,74.3587,11/14/2023,Tuesday,11,Autumn,0,24.4,13.2,17.9,24.7,13.1,Moderate,0,0,0,No Rain,10.2,318,81.5,992.3,0,0,14.36,2023-11-14T06:29,2023-11-14T17:04,Sunny,0,17.7,80.12,0,18.27142857,81.33142857,1.928571429,91,123,1.07
Lahore,31.5204,74.3587,11/15/2023,Wednesday,11,Autumn,0,24.8,11.8,18,25.3,11,Moderate,0,0,0,No Rain,10.4,309,79,991.75,1.5,0,14.04,2023-11-15T06:29,2023-11-15T17:03,Sunny,0,17.9,81.5,0,17.97142857,81.24285714,1.7,111,148,1.9
Lahore,31.5204,74.3587,11/16/2023,Thursday,11,Autumn,0,24.6,12.1,18.3,25.5,11.2,Moderate,0,0,0,No Rain,7.9,327,76.58,992.81,52.04,0,13.78,2023-11-16T06:30,2023-11-16T17:03,Moderate,3,18,79,0,17.74285714,80.92714286,1.371428571,31,168,1.98
Lahore,31.5204,74.3587,11/17/2023,Friday,11,Autumn,0,24.7,12.4,18.1,24.9,11.6,Moderate,0,0,0,No Rain,9.9,337,78.79,992.87,39,0,14.01,2023-11-17T06:31,2023-11-17T17:02,Moderate,3,18.3,76.58,0,17.82857143,79.69428571,0,116,79,0.17
Lahore,31.5204,74.3587,11/18/2023,Saturday,11,Autumn,1,24.2,12.1,17.6,24.6,11.5,Moderate,0,0,0,No Rain,9.8,337,78.58,990.81,31.12,0,13.58,2023-11-18T06:32,2023-11-18T17:02,Moderate,3,18.1,78.79,0,17.88571429,79.11714286,0,134,157,0.95
Lahore,31.5204,74.3587,11/19/2023,Sunday,11,Autumn,1,24.9,11.8,17.5,25,11,Moderate,0,0,0,No Rain,10.5,0,74.75,991.62,3.04,0,12.59,2023-11-19T06:33,2023-11-19T17:02,Sunny,0,17.6,78.58,0,17.87142857,78.47428571,0,85,157,0.47
Lahore,31.5204,74.3587,11/20/2023,Monday,11,Autumn,0,24.4,12.4,17.8,23.6,11.7,Moderate,0,0,0,No Rain,11.2,330,69.5,992.2,1.17,0,11.88,2023-11-20T06:34,2023-11-20T17:01,Sunny,0,17.5,74.75,0,17.88571429,76.95714286,0,46,41,0.43
Lahore,31.5204,74.3587,11/21/2023,Tuesday,11,Autumn,0,23.9,11.8,17.1,22.4,10.6,Moderate,0,0,0,No Rain,14.1,300,70.21,991.15,0,0,11.39,2023-11-21T06:35,2023-11-21T17:01,Sunny,0,17.8,69.5,0,17.77142857,75.34428571,0,41,284,1.32
Lahore,31.5204,74.3587,11/22/2023,Wednesday,11,Autumn,0,23.6,11.5,16.7,23.3,10.8,Moderate,0,0,0,No Rain,9,257,76.58,988.21,0,0,12.25,2023-11-22T06:36,2023-11-22T17:00,Sunny,0,17.1,70.21,0,17.58571429,74.99857143,0,33,172,0.18
Lahore,31.5204,74.3587,11/23/2023,Thursday,11,Autumn,0,24,10.4,16.5,23.5,9.4,Moderate,0,0,0,No Rain,9.7,116,74.33,987.89,0,0,11.5,2023-11-23T06:36,2023-11-23T17:00,Sunny,0,16.7,76.58,0,17.32857143,74.67714286,0,73,160,1.81
Lahore,31.5204,74.3587,11/24/2023,Friday,11,Autumn,0,23.7,11.6,16.5,23.6,11,Moderate,0,0,0,No Rain,10.9,346,81.5,990.95,23.92,0,13.03,2023-11-24T06:37,2023-11-24T17:00,Sunny,0,16.5,74.33,0,17.1,75.06428571,0,106,35,0.69
Lahore,31.5204,74.3587,11/25/2023,Saturday,11,Autumn,1,22.8,10.4,15.7,23.1,9,Moderate,0,0,0,No Rain,9.6,333,79.88,991.25,79.62,0,11.88,2023-11-25T06:38,2023-11-25T16:59,Cloudy,2,16.5,81.5,0,16.82857143,75.25,0,108,234,0.74
Lahore,31.5204,74.3587,11/26/2023,Sunday,11,Autumn,1,23.1,12.4,16.7,23.4,12,Moderate,0,0,0,No Rain,9.6,78,83.71,992.22,100,0,13.65,2023-11-26T06:39,2023-11-26T16:59,Cloudy,2,15.7,79.88,0,16.71428571,76.53,0,65,225,1.46
Lahore,31.5204,74.3587,11/27/2023,Monday,11,Autumn,0,22.2,13.3,16.8,23.2,12.9,Moderate,1.6,1.6,0,Light Rain,11.4,42,83.71,990.5,99.58,0,13.87,2023-11-27T06:40,2023-11-27T16:59,Rainy,1,16.7,83.71,0,16.57142857,78.56,0.228571429,141,187,0.99
Lahore,31.5204,74.3587,11/28/2023,Tuesday,11,Autumn,0,23.5,11.9,16.9,23.9,11.3,Moderate,0,0,0,No Rain,9.2,56,82.5,990.17,17.25,0,13.62,2023-11-28T06:41,2023-11-28T16:59,Sunny,0,16.8,83.71,1.6,16.54285714,80.31571429,0.228571429,86,61,0.54
Lahore,31.5204,74.3587,11/29/2023,Wednesday,11,Autumn,0,23.8,12.8,17.8,25.3,12.6,Moderate,0,0,0,No Rain,8.2,340,83.25,989.97,21.67,0,14.63,2023-11-29T06:42,2023-11-29T16:59,Sunny,0,16.9,82.5,0,16.7,81.26857143,0.228571429,123,154,0.71
Lahore,31.5204,74.3587,11/30/2023,Thursday,11,Autumn,0,21.3,13.6,16.2,21.4,13.3,Moderate,11.9,11.9,0,Heavy Rain,17.9,85,87.33,991.16,37.54,0,13.98,2023-11-30T06:42,2023-11-30T16:59,Rainy,1,17.8,83.25,0,16.65714286,83.12571429,1.928571429,114,79,1.64
Lahore,31.5204,74.3587,12/1/2023,Friday,12,Winter,0,21.8,11.3,15.6,20.9,10.7,Moderate,0,0,0,No Rain,10.8,337,81.75,992.33,7.75,0,12.12,2023-12-01T06:43,2023-12-01T16:58,Sunny,0,16.2,87.33,11.9,16.52857143,83.16142857,1.928571429,24,65,0.23
Lahore,31.5204,74.3587,12/2/2023,Saturday,12,Winter,1,22.2,10.1,15.5,22.6,9.2,Moderate,0,0,0,No Rain,9.5,327,81.08,991.73,0,0,12.08,2023-12-02T06:44,2023-12-02T16:58,Sunny,0,15.6,81.75,0,16.5,83.33285714,1.928571429,67,77,1.36
Lahore,31.5204,74.3587,12/3/2023,Sunday,12,Winter,1,22.4,11.1,15.8,22.7,10,Moderate,0,0,0,No Rain,10,301,81.29,991.84,0.58,0,12.3,2023-12-03T06:45,2023-12-03T16:58,Sunny,0,15.5,81.08,0,16.37142857,82.98714286,1.928571429,165,204,1.91
Lahore,31.5204,74.3587,12/4/2023,Monday,12,Winter,0,22,11.4,15.4,22.4,10.5,Moderate,0,0,0,No Rain,9.6,34,84.17,990.97,15.71,0,12.59,2023-12-04T06:46,2023-12-04T16:58,Sunny,0,15.8,81.29,0,16.17142857,83.05285714,1.7,70,269,1.76
Lahore,31.5204,74.3587,12/5/2023,Tuesday,12,Winter,0,21.2,10.6,14.6,21.7,9.6,Cold,0,0,0,No Rain,10.2,355,88.17,990.91,20.83,0,12.45,2023-12-05T06:46,2023-12-05T16:58,Sunny,0,15.4,84.17,0,15.84285714,83.86285714,1.7,80,74,1.25
Lahore,31.5204,74.3587,12/6/2023,Wednesday,12,Winter,0,22,9.4,14.8,20.7,7.7,Cold,0,0,0,No Rain,12,330,79.96,991.23,0,0,11.04,2023-12-06T06:47,2023-12-06T16:58,Sunny,0,14.6,88.17,0,15.41428571,83.39285714,1.7,67,245,1.53
Lahore,31.5204,74.3587,12/7/2023,Thursday,12,Winter,0,22.1,9.4,14.8,21.4,8,Cold,0,0,0,No Rain,10.8,317,78.67,990.29,0,0,10.89,2023-12-07T06:48,2023-12-07T16:58,Sunny,0,14.8,79.96,0,15.21428571,82.15571429,0,147,142,1.85
Lahore,31.5204,74.3587,12/8/2023,Friday,12,Winter,0,21.1,8,14.5,21,6.3,Cold,0,0,0,No Rain,10.4,279,78.88,989.6,0,0,10.61,2023-12-08T06:49,2023-12-08T16:59,Sunny,0,14.8,78.67,0,15.05714286,81.74571429,0,164,263,0.39
Lahore,31.5204,74.3587,12/9/2023,Saturday,12,Winter,1,21.1,8.9,14.1,20.7,7.1,Cold,0,0,0,No Rain,9.8,334,79.83,990.63,1,0,10.41,2023-12-09T06:49,2023-12-09T16:59,Sunny,0,14.5,78.88,0,14.85714286,81.56714286,0,106,228,1.74
Lahore,31.5204,74.3587,12/10/2023,Sunday,12,Winter,1,20.9,7.6,13.8,19.5,5.8,Cold,0,0,0,No Rain,11,291,74.67,988.52,10.5,0,9.05,2023-12-10T06:50,2023-12-10T16:59,Sunny,0,14.1,79.83,0,14.57142857,80.62142857,0,96,142,1.34
Lahore,31.5204,74.3587,12/11/2023,Monday,12,Winter,0,20.5,7.9,13.5,20.5,6.1,Cold,0,0,0,No Rain,7.5,175,77.08,988.71,34.17,0,9.33,2023-12-11T06:51,2023-12-11T16:59,Moderate,3,13.8,74.67,0,14.3,79.60857143,0,191,132,1.21
Lahore,31.5204,74.3587,12/12/2023,Tuesday,12,Winter,0,20.2,8.1,13.4,19.9,6.4,Cold,0,0,0,No Rain,8.9,84,79.96,988.79,0,0,9.64,2023-12-12T06:52,2023-12-12T16:59,Sunny,0,13.5,77.08,0,14.12857143,78.43571429,0,37,92,1.28
Lahore,31.5204,74.3587,12/13/2023,Wednesday,12,Winter,0,20,6.9,12.9,19.2,5.1,Cold,0,0,0,No Rain,10.3,22,81.46,990.85,13.67,0,9.46,2023-12-13T06:52,2023-12-13T17:00,Sunny,0,13.4,79.96,0,13.85714286,78.65,0,62,90,0.24
Lahore,31.5204,74.3587,12/14/2023,Thursday,12,Winter,0,19.6,6.7,13.4,18.8,4.3,Cold,0,0,0,No Rain,10,321,78.33,991.46,80.58,0,9.39,2023-12-14T06:53,2023-12-14T17:00,Cloudy,2,12.9,81.46,0,13.65714286,78.60142857,0,64,197,0.47
Lahore,31.5204,74.3587,12/15/2023,Friday,12,Winter,0,20,8.4,14.1,19.6,7.2,Cold,0,0,0,No Rain,8.8,348,75.46,992.5,57.58,0,9.52,2023-12-15T06:54,2023-12-15T17:00,Moderate,3,13.4,78.33,0,13.6,78.11285714,0,35,203,0.57
Lahore,31.5204,74.3587,12/16/2023,Saturday,12,Winter,1,19.8,8.9,13,19.5,7.2,Cold,0.1,0.1,0,Light Rain,9.2,27,80.96,991.24,11.92,0,9.68,2023-12-16T06:54,2023-12-16T17:01,Rainy,1,14.1,75.46,0,13.44285714,78.27428571,0.014285714,136,223,1.11
Lahore,31.5204,74.3587,12/17/2023,Sunday,12,Winter,1,18.8,7.8,11.9,17.8,6.3,Cold,0,0,0,No Rain,9.5,313,85.92,992.79,35.21,0,9.33,2023-12-17T06:55,2023-12-17T17:01,Moderate,3,13,80.96,0.1,13.17142857,79.88142857,0.014285714,133,131,1.57
Lahore,31.5204,74.3587,12/18/2023,Monday,12,Winter,0,19.8,6.2,12.6,18,3.6,Cold,0,0,0,No Rain,11.4,301,75.92,994.13,0,0,8.14,2023-12-18T06:55,2023-12-18T17:01,Sunny,0,11.9,85.92,0,13.04285714,79.71571429,0.014285714,124,171,0.62
Lahore,31.5204,74.3587,12/19/2023,Tuesday,12,Winter,0,18.8,5.6,11.7,17.3,3.3,Cold,0,0,0,No Rain,10.1,292,77.42,993.76,0,0,7.64,2023-12-19T06:56,2023-12-19T17:02,Sunny,0,12.6,75.92,0,12.8,79.35285714,0.014285714,142,282,1.6
Lahore,31.5204,74.3587,12/20/2023,Wednesday,12,Winter,0,18.9,5.6,12.2,18.6,3.1,Cold,0,0,0,No Rain,10,284,81.38,993,3.58,0,8.87,2023-12-20T06:57,2023-12-20T17:02,Sunny,0,11.7,77.42,0,12.7,79.34142857,0.014285714,72,194,1.27
Lahore,31.5204,74.3587,12/21/2023,Thursday,12,Winter,0,18.6,4.2,11.8,18.3,2.1,Cold,0,0,0,No Rain,7.2,260,85.12,991.86,42.92,0,9.25,2023-12-21T06:57,2023-12-21T17:03,Moderate,3,12.2,81.38,0,12.47142857,80.31142857,0.014285714,60,270,0.14
Lahore,31.5204,74.3587,12/22/2023,Friday,12,Winter,0,17.8,6.3,11.8,17.9,4.5,Cold,0,0,0,No Rain,9.7,114,90.92,991.54,98.5,0,10.25,2023-12-22T06:58,2023-12-22T17:03,Cloudy,2,11.8,85.12,0,12.14285714,82.52,0.014285714,68,257,0.35
Lahore,31.5204,74.3587,12/23/2023,Saturday,12,Winter,1,20.2,9.6,14.2,20.9,8.7,Cold,0,0,0,No Rain,14.9,43,86.83,994.04,36.62,0,11.94,2023-12-23T06:58,2023-12-23T17:04,Moderate,3,11.8,90.92,0,12.31428571,83.35857143,0,81,299,0.45
Lahore,31.5204,74.3587,12/24/2023,Sunday,12,Winter,1,19.6,9,13.5,19.9,7.6,Cold,0,0,0,No Rain,11,315,87.79,995.55,51.96,0,11.38,2023-12-24T06:58,2023-12-24T17:04,Moderate,3,14.2,86.83,0,12.54285714,83.62571429,0,97,218,0.67
Lahore,31.5204,74.3587,12/25/2023,Monday,12,Winter,0,20.2,7.8,13,20.9,6,Cold,0,0,0,No Rain,9.7,268,85.5,993.04,5.21,0,10.49,2023-12-25T06:59,2023-12-25T17:05,Sunny,0,13.5,87.79,0,12.6,84.99428571,0,115,278,1.22
Lahore,31.5204,74.3587,12/26/2023,Tuesday,12,Winter,0,20.8,6.7,13.2,21.5,5.2,Cold,0,0,0,No Rain,8.4,99,85.54,992.66,46.29,0,10.51,2023-12-26T06:59,2023-12-26T17:05,Moderate,3,13,85.5,0,12.81428571,86.15428571,0,149,183,1.67
Lahore,31.5204,74.3587,12/27/2023,Wednesday,12,Winter,0,20.2,7.3,12.8,21,5.6,Cold,0,0,0,No Rain,10,307,90.29,994.53,21.42,0,11.11,2023-12-27T07:00,2023-12-27T17:06,Sunny,0,13.2,85.54,0,12.9,87.42714286,0,126,245,0.36
Lahore,31.5204,74.3587,12/28/2023,Thursday,12,Winter,0,18,8.8,12.1,18.4,7.3,Cold,0,0,0,No Rain,10.4,134,92.96,992.68,46.38,0,10.92,2023-12-28T07:00,2023-12-28T17:06,Moderate,3,12.8,90.29,0,12.94285714,88.54714286,0,97,142,1.36
Lahore,31.5204,74.3587,12/29/2023,Friday,12,Winter,0,17,7.8,11.8,17.3,6.3,Cold,0,0,0,No Rain,8.9,66,94.08,994.1,75.67,0,10.76,2023-12-29T07:00,2023-12-29T17:07,Cloudy,2,12.1,92.96,0,12.94285714,88.99857143,0,22,196,1.87
Lahore,31.5204,74.3587,12/30/2023,Saturday,12,Winter,1,15,8.3,10.7,15.1,7.3,Cold,0,0,0,No Rain,7.2,325,91.67,993.09,82.75,0,9.33,2023-12-30T07:01,2023-12-30T17:08,Cloudy,2,11.8,94.08,0,12.44285714,89.69,0,129,297,0.62
Lahore,31.5204,74.3587,12/31/2023,Sunday,12,Winter,1,15.7,5.8,9.2,16,4.3,Cold,0,0,0,No Rain,8.4,93,92.96,992.66,61.67,0,8.04,2023-12-31T07:01,2023-12-31T17:08,Moderate,3,10.7,91.67,0,11.82857143,90.42857143,0,22,219,1.42
Multan,30.1575,71.5249,1/1/2023,Sunday,1,Winter,1,18.2,6.7,12,17,4.2,Cold,0,0,0,No Rain,9.2,114,76.25,1004.39,33.96,0,7.62,2023-01-01T07:10,2023-01-01T17:24,Moderate,3,,,,,,,128,169,0.65
Multan,30.1575,71.5249,1/2/2023,Monday,1,Winter,0,19.1,7.1,11.7,16.7,4.8,Cold,0,0,0,No Rain,11.2,51,74.25,1006,9.71,0,6.79,2023-01-02T07:10,2023-01-02T17:25,Sunny,0,12,76.25,0,,,,77,83,0.39
Multan,30.1575,71.5249,1/3/2023,Tuesday,1,Winter,0,19.2,6,11.7,17.8,3.8,Cold,0,0,0,No Rain,9.2,27,72.42,1008.06,6.17,0,6.3,2023-01-03T07:10,2023-01-03T17:25,Sunny,0,11.7,74.25,0,,,,77,164,1.72
Multan,30.1575,71.5249,1/4/2023,Wednesday,1,Winter,0,19.9,5.7,12.3,18.4,3,Cold,0,0,0,No Rain,10.2,201,70.08,1008.19,0,0,6.48,2023-01-04T07:10,2023-01-04T17:26,Sunny,0,11.7,72.42,0,,,,132,289,0.38
Multan,30.1575,71.5249,1/5/2023,Thursday,1,Winter,0,19,4.4,11.3,17,1.6,Cold,0,0,0,No Rain,10.2,176,69.83,1008.68,0.08,0,5.4,2023-01-05T07:10,2023-01-05T17:27,Sunny,0,12.3,70.08,0,,,,182,232,1.15
Multan,30.1575,71.5249,1/6/2023,Friday,1,Winter,0,17.8,4.2,10.5,16,1.5,Cold,0,0,0,No Rain,10.1,142,75.17,1009.05,83.58,0,5.86,2023-01-06T07:10,2023-01-06T17:28,Cloudy,2,11.3,69.83,0,,,,42,202,0.61
Multan,30.1575,71.5249,1/7/2023,Saturday,1,Winter,1,17.6,5.8,10.6,16.6,3.5,Cold,0,0,0,No Rain,9.7,47,84.33,1008.02,30.29,0,7.71,2023-01-07T07:11,2023-01-07T17:28,Moderate,3,10.5,75.17,0,11.44285714,74.61857143,0,148,298,1.05
Multan,30.1575,71.5249,1/8/2023,Sunday,1,Winter,1,16.5,5.9,9.8,16.2,4,Cold,0,0,0,No Rain,8.7,36,88.79,1005.29,59.92,0,7.83,2023-01-08T07:11,2023-01-08T17:29,Moderate,3,10.6,84.33,0,11.12857143,76.41,0,160,90,0.18
Multan,30.1575,71.5249,1/9/2023,Monday,1,Winter,0,19,6.8,12.4,18.1,5,Cold,0,0,0,No Rain,8.9,347,79.62,1005.72,52.62,0,8.61,2023-01-09T07:11,2023-01-09T17:30,Moderate,3,9.8,88.79,0,11.22857143,77.17714286,0,44,178,0.41
Multan,30.1575,71.5249,1/10/2023,Tuesday,1,Winter,0,20.5,6.2,13.1,20.6,4.4,Cold,0,0,0,No Rain,7.6,4,80.92,1004.73,19.08,0,9.44,2023-01-10T07:11,2023-01-10T17:31,Sunny,0,12.4,79.62,0,11.42857143,78.39142857,0,146,279,1.76
Multan,30.1575,71.5249,1/11/2023,Wednesday,1,Winter,0,20.1,9.4,13.7,19,8.2,Cold,0,0,0,No Rain,13.3,138,79.33,997.95,48.33,0,9.83,2023-01-11T07:11,2023-01-11T17:32,Moderate,3,13.1,80.92,0,11.62857143,79.71285714,0,37,281,1.83
Multan,30.1575,71.5249,1/12/2023,Thursday,1,Winter,0,17.6,7.9,12.3,14.6,6,Cold,0,0,0,No Rain,19.6,12,79.42,997.85,7.83,0,8.42,2023-01-12T07:11,2023-01-12T17:33,Sunny,0,13.7,79.33,0,11.77142857,81.08285714,0,22,86,1.04
Multan,30.1575,71.5249,1/13/2023,Friday,1,Winter,0,15,5.1,9.3,10.3,1.5,Cold,0,0,0,No Rain,16.4,5,59.33,1000.51,0,0,0.58,2023-01-13T07:11,2023-01-13T17:33,Sunny,0,12.3,79.42,0,11.6,78.82,0,122,133,0.17
Multan,30.1575,71.5249,1/14/2023,Saturday,1,Winter,1,15.8,2,9.2,13.4,-1.3,Cold,0,0,0,No Rain,9.8,349,53.08,1004.38,0,0,-0.87,2023-01-14T07:11,2023-01-14T17:34,Sunny,0,9.3,59.33,0,11.4,74.35571429,0,132,64,1.36
Multan,30.1575,71.5249,1/15/2023,Sunday,1,Winter,1,16.2,1.8,9.3,13,-1.9,Cold,0,0,0,No Rain,9.6,178,54.33,1001.55,0,0,-0.06,2023-01-15T07:10,2023-01-15T17:35,Sunny,0,9.2,53.08,0,11.32857143,69.43285714,0,44,200,0.34
Multan,30.1575,71.5249,1/16/2023,Monday,1,Winter,0,17,1.7,8.2,13.7,-1.5,Cold,0,0,0,No Rain,9.5,51,65.79,1002.48,0,0,1.45,2023-01-16T07:10,2023-01-16T17:36,Sunny,0,9.3,54.33,0,10.72857143,67.45714286,0,122,138,1.51
Multan,30.1575,71.5249,1/17/2023,Tuesday,1,Winter,0,17.6,2.5,9.7,15.5,-0.4,Cold,0,0,0,No Rain,8.5,74,65,1003,8.46,0,2.65,2023-01-17T07:10,2023-01-17T17:37,Sunny,0,8.2,65.79,0,10.24285714,65.18285714,0,109,167,0.77
Multan,30.1575,71.5249,1/18/2023,Wednesday,1,Winter,0,14.4,4.1,9.2,12.5,1,Cold,0.1,0.1,0,Light Rain,10.1,61,72.88,1004.85,76.54,0,4.33,2023-01-18T07:10,2023-01-18T17:38,Rainy,1,9.7,65,0,9.6,64.26142857,0.014285714,190,227,1.22
Multan,30.1575,71.5249,1/19/2023,Thursday,1,Winter,0,14.5,6.8,11,13,4.4,Cold,2,2,0,Light Rain,10.5,6,74.58,1005.49,91.79,0,6.5,2023-01-19T07:10,2023-01-19T17:38,Rainy,1,9.2,72.88,0.1,9.414285714,63.57,0.3,71,274,0.33
Multan,30.1575,71.5249,1/20/2023,Friday,1,Winter,0,16.4,8.2,11.7,15.5,6.5,Cold,0,0,0,No Rain,7.2,111,77.75,1003.88,48.92,0,7.67,2023-01-20T07:09,2023-01-20T17:39,Moderate,3,11,74.58,2,9.757142857,66.20142857,0.3,184,109,1.58
Multan,30.1575,71.5249,1/21/2023,Saturday,1,Winter,1,17.5,6.6,10.8,15.3,4.8,Cold,0,0,0,No Rain,10.8,17,80.96,1004.09,22.33,0,7.17,2023-01-21T07:09,2023-01-21T17:40,Sunny,0,11.7,77.75,0,9.985714286,70.18428571,0.3,184,33,1.05
Multan,30.1575,71.5249,1/22/2023,Sunday,1,Winter,1,17.5,6.3,10.9,15.1,3.5,Cold,0,0,0,No Rain,12.7,359,73.75,1003.33,2.88,0,5.85,2023-01-22T07:09,2023-01-22T17:41,Sunny,0,10.8,80.96,0,10.21428571,72.95857143,0.3,174,47,1.82
Multan,30.1575,71.5249,1/23/2023,Monday,1,Winter,0,17.9,6.8,11.7,13.9,3.5,Cold,0,0,0,No Rain,16.9,353,56.46,1003.81,37.38,0,2.72,2023-01-23T07:08,2023-01-23T17:42,Moderate,3,10.9,73.75,0,10.71428571,71.62571429,0.3,146,267,1.81
Multan,30.1575,71.5249,1/24/2023,Tuesday,1,Winter,0,18,6.6,11.3,14.3,3.2,Cold,0,0,0,No Rain,12.4,329,49.96,1001.07,23.21,0,0.55,2023-01-24T07:08,2023-01-24T17:43,Sunny,0,11.7,56.46,0,10.94285714,69.47714286,0.3,46,49,0.25
Multan,30.1575,71.5249,1/25/2023,Wednesday,1,Winter,0,17.8,4.6,11,14.8,1.4,Cold,0,0,0,No Rain,9.7,5,54.92,1002.27,0,0,1.44,2023-01-25T07:08,2023-01-25T17:44,Sunny,0,11.3,49.96,0,11.2,66.91142857,0.285714286,172,187,0.29
Multan,30.1575,71.5249,1/26/2023,Thursday,1,Winter,0,18.3,5.5,10.5,14.3,1.9,Cold,0,0,0,No Rain,11.9,340,52.5,1006.13,0,0,0.3,2023-01-26T07:07,2023-01-26T17:45,Sunny,0,11,54.92,0,11.12857143,63.75714286,0,120,32,1.93
Multan,30.1575,71.5249,1/27/2023,Friday,1,Winter,0,19.8,4.2,10.9,15.8,0.8,Cold,0,0,0,No Rain,11,327,51.25,1005.52,9,0,-0.15,2023-01-27T07:07,2023-01-27T17:45,Sunny,0,10.5,52.5,0,11.01428571,59.97142857,0,72,235,1.94
Multan,30.1575,71.5249,1/28/2023,Saturday,1,Winter,1,21.2,7.7,13.8,17.9,4.1,Cold,0,0,0,No Rain,9.4,338,42.5,1001.2,32.08,0,0.23,2023-01-28T07:06,2023-01-28T17:46,Moderate,3,10.9,51.25,0,11.44285714,54.47714286,0,157,48,0.49
Multan,30.1575,71.5249,1/29/2023,Sunday,1,Winter,1,20.4,6.4,13,19,3.8,Cold,0,0,0,No Rain,14.4,29,58.17,996.63,61.54,0,4.05,2023-01-29T07:06,2023-01-29T17:47,Moderate,3,13.8,42.5,0,11.74285714,52.25142857,0,97,52,0.33
Multan,30.1575,71.5249,1/30/2023,Monday,1,Winter,0,19.7,8.6,13.5,17.4,7.2,Cold,0,0,0,No Rain,17.5,16,76.21,1002.58,37.33,0,8.81,2023-01-30T07:05,2023-01-30T17:48,Moderate,3,13,58.17,0,12,55.07285714,0,133,235,1
Multan,30.1575,71.5249,1/31/2023,Tuesday,1,Winter,0,20.1,6.9,12.7,18.9,5.2,Cold,0,0,0,No Rain,9.4,334,74.38,1006.83,21.58,0,7.81,2023-01-31T07:05,2023-01-31T17:49,Sunny,0,13.5,76.21,0,12.2,58.56142857,0,125,253,0.25
Multan,30.1575,71.5249,2/1/2023,Wednesday,2,Winter,0,21.7,6.8,13.5,20.1,4.6,Cold,0,0,0,No Rain,10.6,289,70.5,1004.92,1.83,0,7.36,2023-02-01T07:04,2023-02-01T17:50,Sunny,0,12.7,74.38,0,12.55714286,60.78714286,0,115,150,1.78
Multan,30.1575,71.5249,2/2/2023,Thursday,2,Winter,0,22.1,8.8,15.1,20.9,7.9,Moderate,0,0,0,No Rain,10.2,237,65.67,1003.04,2.42,0,7.95,2023-02-02T07:03,2023-02-02T17:51,Sunny,0,13.5,70.5,0,13.21428571,62.66857143,0,122,245,0.31
Multan,30.1575,71.5249,2/3/2023,Friday,2,Winter,0,23.8,8.8,15.9,22.2,6.9,Moderate,0,0,0,No Rain,10.4,291,62.79,1001.77,25.62,0,7.87,2023-02-03T07:03,2023-02-03T17:52,Sunny,0,15.1,65.67,0,13.92857143,64.31714286,0,85,110,1.17
Multan,30.1575,71.5249,2/4/2023,Saturday,2,Winter,1,24.5,10.7,16.6,23.6,8.9,Moderate,0,0,0,No Rain,9.1,329,61.25,1000.14,0,0,8.45,2023-02-04T07:02,2023-02-04T17:52,Sunny,0,15.9,62.79,0,14.32857143,66.99571429,0,122,267,1.28
Multan,30.1575,71.5249,2/5/2023,Sunday,2,Winter,1,24.5,10.4,16.9,23.6,8.4,Moderate,0,0,0,No Rain,9.7,83,63.54,996.96,1.71,0,9.42,2023-02-05T07:02,2023-02-05T17:53,Sunny,0,16.6,61.25,0,14.88571429,67.76285714,0,148,221,0.29
Multan,30.1575,71.5249,2/6/2023,Monday,2,Winter,0,24,12.3,16.9,21.3,8.8,Moderate,0,0,0,No Rain,19.3,351,57.71,997.54,4.83,0,7.77,2023-02-06T07:01,2023-02-06T17:54,Sunny,0,16.9,63.54,0,15.37142857,65.12,0,148,203,1.96
Multan,30.1575,71.5249,2/7/2023,Tuesday,2,Winter,0,23.2,10.1,15.9,22.6,8.6,Moderate,0,0,0,No Rain,9.9,322,64.29,999.02,27.62,0,8.65,2023-02-07T07:00,2023-02-07T17:55,Sunny,0,16.9,57.71,0,15.82857143,63.67857143,0,98,166,1.45
Multan,30.1575,71.5249,2/8/2023,Wednesday,2,Winter,0,24.5,11.3,16.9,23.2,9.9,Moderate,0,0,0,No Rain,9.8,129,63.92,998.45,80.71,0,9.56,2023-02-08T07:00,2023-02-08T17:56,Cloudy,2,15.9,64.29,0,16.31428571,62.73857143,0,83,213,0.92
Multan,30.1575,71.5249,2/9/2023,Thursday,2,Winter,0,22.8,12.1,16.8,22.9,10.5,Moderate,0,0,0,No Rain,13.4,347,60.08,995.3,63.62,0,8.5,2023-02-09T06:59,2023-02-09T17:57,Moderate,3,16.9,63.92,0,16.55714286,61.94,0,55,73,0.32
Multan,30.1575,71.5249,2/10/2023,Friday,2,Winter,0,25,11.1,16.6,22.8,8.5,Moderate,0,0,0,No Rain,15.8,0,60.75,996.3,10.54,0,8.05,2023-02-10T06:58,2023-02-10T17:57,Sunny,0,16.8,60.08,0,16.65714286,61.64857143,0,22,251,0.79
Multan,30.1575,71.5249,2/11/2023,Saturday,2,Winter,1,23.4,11.3,15.9,20.6,7.6,Moderate,0,0,0,No Rain,13.1,5,44.83,1000.73,5.04,0,2.81,2023-02-11T06:57,2023-02-11T17:58,Sunny,0,16.6,60.75,0,16.55714286,59.30285714,0,42,34,1.73
Multan,30.1575,71.5249,2/12/2023,Sunday,2,Winter,1,21.9,9.9,14.5,17.1,5.7,Cold,0,0,0,No Rain,21.3,352,29.17,1005.75,0.88,0,-4.71,2023-02-12T06:56,2023-02-12T17:59,Sunny,0,15.9,44.83,0,16.21428571,54.39285714,0,77,111,1.38
Multan,30.1575,71.5249,2/13/2023,Monday,2,Winter,0,22.9,7.1,14.1,19.2,3.4,Cold,0,0,0,No Rain,15.7,202,41.71,1003.07,6.17,0,0.54,2023-02-13T06:56,2023-02-13T18:00,Sunny,0,14.5,29.17,0,15.81428571,52.10714286,0,48,115,1.71
Multan,30.1575,71.5249,2/14/2023,Tuesday,2,Winter,0,24.4,9.4,16.1,23,7.1,Moderate,0,0,0,No Rain,9.2,91,55.71,1001.23,56.21,0,6.56,2023-02-14T06:55,2023-02-14T18:01,Moderate,3,14.1,41.71,0,15.84285714,50.88142857,0,40,76,0.72
Multan,30.1575,71.5249,2/15/2023,Wednesday,2,Winter,0,26.4,9.8,17.7,26.1,8.3,Moderate,0,0,0,No Rain,7.9,22,66.88,999.53,11.46,0,10.52,2023-02-15T06:54,2023-02-15T18:01,Sunny,0,16.1,55.71,0,15.95714286,51.30428571,0,183,105,0.97
Multan,30.1575,71.5249,2/16/2023,Thursday,2,Winter,0,27.8,10.7,19.4,28.4,9.4,Moderate,0,0,0,No Rain,10.2,55,65.38,999.77,71.17,0,11.91,2023-02-16T06:53,2023-02-16T18:02,Cloudy,2,17.7,66.88,0,16.32857143,52.06142857,0,98,90,1.65
Multan,30.1575,71.5249,2/17/2023,Friday,2,Winter,0,28.1,11.4,19.4,28.7,10.3,Moderate,0,0,0,No Rain,10.7,81,67.54,1001.26,79.17,0,12.43,2023-02-17T06:52,2023-02-17T18:03,Cloudy,2,19.4,65.38,0,16.72857143,53.03142857,0,123,78,1.08
Multan,30.1575,71.5249,2/18/2023,Saturday,2,Winter,1,28.2,13.2,20.2,28.6,12.6,Moderate,0,0,0,No Rain,10.6,136,68.79,1000.05,63.5,0,13.62,2023-02-18T06:51,2023-02-18T18:04,Moderate,3,19.4,67.54,0,17.34285714,56.45428571,0,193,205,0.64
Multan,30.1575,71.5249,2/19/2023,Sunday,2,Winter,1,28.4,13.2,19.9,30.1,12.8,Moderate,0,0,0,No Rain,9.2,127,71.08,997.21,77.25,0,13.75,2023-02-19T06:50,2023-02-19T18:05,Cloudy,2,20.2,68.79,0,18.11428571,62.44142857,0,51,243,1.1
Multan,30.1575,71.5249,2/20/2023,Monday,2,Winter,0,30.1,14.2,21.2,30.2,14.3,Moderate,0,0,0,No Rain,10,12,67.42,994.93,72.54,0,14.02,2023-02-20T06:49,2023-02-20T18:05,Cloudy,2,19.9,71.08,0,19.12857143,66.11428571,0,185,224,0.97
Multan,30.1575,71.5249,2/21/2023,Tuesday,2,Winter,0,28.2,15.4,20.3,27.2,13.8,Moderate,0,0,0,No Rain,13.1,3,56.42,997.64,1.38,0,10.75,2023-02-21T06:48,2023-02-21T18:06,Sunny,0,21.2,67.42,0,19.72857143,66.21571429,0,172,183,1.5
Multan,30.1575,71.5249,2/22/2023,Wednesday,2,Winter,0,27.5,13.1,20.5,27.6,12.1,Moderate,0,0,0,No Rain,12.2,93,58,998.05,41,0,11.44,2023-02-22T06:47,2023-02-22T18:07,Moderate,3,20.3,56.42,0,20.12857143,64.94714286,0,52,205,1.04
Multan,30.1575,71.5249,2/23/2023,Thursday,2,Winter,0,28.1,12.6,20.2,28.2,11.3,Moderate,0,0,0,No Rain,9.7,62,53,999.36,25.38,0,9.47,2023-02-23T06:46,2023-02-23T18:08,Sunny,0,20.5,58,0,20.24285714,63.17857143,0,169,34,0.91
Multan,30.1575,71.5249,2/24/2023,Friday,2,Winter,0,29.1,13.8,21,29.1,12.3,Moderate,0,0,0,No Rain,12.6,121,52.58,999.59,40.38,0,10.09,2023-02-24T06:45,2023-02-24T18:08,Moderate,3,20.2,53,0,20.47142857,61.04142857,0,93,291,1.47
Multan,30.1575,71.5249,2/25/2023,Saturday,2,Winter,1,29.2,13.9,21.2,29.9,12.8,Moderate,0,0,0,No Rain,9.2,97,56.17,1000.6,22.54,0,11.44,2023-02-25T06:44,2023-02-25T18:09,Sunny,0,21,52.58,0,20.61428571,59.23857143,0,186,251,0.26
Multan,30.1575,71.5249,2/26/2023,Sunday,2,Winter,1,29.5,16.2,21.9,29,15.3,Moderate,0,0,0,No Rain,10.5,3,57.04,1002.81,2.04,0,12.24,2023-02-26T06:43,2023-02-26T18:10,Sunny,0,21.2,56.17,0,20.9,57.23285714,0,83,244,0.91
Multan,30.1575,71.5249,2/27/2023,Monday,2,Winter,0,28.8,14.9,21.3,29.4,14.8,Moderate,0,0,0,No Rain,12.9,76,61.12,1002.83,21.58,0,12.64,2023-02-27T06:42,2023-02-27T18:10,Sunny,0,21.9,57.04,0,20.91428571,56.33285714,0,196,295,0.18
Multan,30.1575,71.5249,2/28/2023,Tuesday,2,Winter,0,26.5,17,20.7,25,15.9,Moderate,0.2,0.2,0,Light Rain,18.9,45,61.67,1002.93,83.5,0,12.7,2023-02-28T06:41,2023-02-28T18:11,Rainy,1,21.3,61.12,0,20.97142857,57.08285714,0.028571429,185,204,1.12
Multan,30.1575,71.5249,3/1/2023,Wednesday,3,Spring,0,23.3,14.9,18.5,23.2,14.1,Moderate,0,0,0,No Rain,20.8,0,78.21,1005.99,63.46,0,14.41,2023-03-01T06:40,2023-03-01T18:12,Moderate,3,20.7,61.67,0.2,20.68571429,59.97,0.028571429,27,142,0.47
Multan,30.1575,71.5249,3/2/2023,Thursday,3,Spring,0,25.2,14.9,19.9,24.8,13.9,Moderate,0.5,0.5,0,Light Rain,15.2,351,69.42,1006.06,63.46,0,13.5,2023-03-02T06:39,2023-03-02T18:13,Rainy,1,18.5,78.21,0,20.64285714,62.31571429,0.1,37,170,1.06
Multan,30.1575,71.5249,3/3/2023,Friday,3,Spring,0,26.5,15.3,20.4,25.8,15,Moderate,0,0,0,No Rain,15.2,341,64.5,1006.68,58.04,0,12.78,2023-03-03T06:38,2023-03-03T18:13,Moderate,3,19.9,69.42,0.5,20.55714286,64.01857143,0.1,97,170,1.86
Multan,30.1575,71.5249,3/4/2023,Saturday,3,Spring,1,27.6,15.3,21,28.6,15,Moderate,0,0,0,No Rain,10.5,340,59.88,1005.32,50.88,0,12.21,2023-03-04T06:37,2023-03-04T18:14,Moderate,3,20.4,64.5,0,20.52857143,64.54857143,0.1,93,239,0.85
Multan,30.1575,71.5249,3/5/2023,Sunday,3,Spring,1,28.9,16,21.9,29,15.8,Moderate,0,0,0,No Rain,14.1,340,54.71,1004.3,11.38,0,11.39,2023-03-05T06:36,2023-03-05T18:15,Sunny,0,21,59.88,0,20.52857143,64.21571429,0.1,76,40,1.76
Multan,30.1575,71.5249,3/6/2023,Monday,3,Spring,0,29.8,15.4,22.6,30,15.2,Moderate,0,0,0,No Rain,15.8,306,51.17,1001.45,30.54,0,10.65,2023-03-06T06:34,2023-03-06T18:15,Moderate,3,21.9,54.71,0,20.71428571,62.79428571,0.1,179,287,1.92
Multan,30.1575,71.5249,3/7/2023,Tuesday,3,Spring,0,29.5,15.9,21.8,29.7,15.3,Moderate,0,0,0,No Rain,14.5,66,53.25,1001.01,13.46,0,11.01,2023-03-07T06:33,2023-03-07T18:16,Sunny,0,22.6,51.17,0,20.87142857,61.59142857,0.071428571,174,72,0.71
Multan,30.1575,71.5249,3/8/2023,Wednesday,3,Spring,0,30.9,15.4,23.1,30.9,14.2,Moderate,0,0,0,No Rain,10.6,218,46.21,1001.72,2.25,0,9.66,2023-03-08T06:32,2023-03-08T18:17,Sunny,0,21.8,53.25,0,21.52857143,57.02,0.071428571,151,39,1.1
Multan,30.1575,71.5249,3/9/2023,Thursday,3,Spring,0,31.2,15,23.1,30.7,13,Moderate,0,0,0,No Rain,13.6,168,39.88,1001.65,0,0,7.7,2023-03-09T06:31,2023-03-09T18:17,Sunny,0,23.1,46.21,0,21.98571429,52.8,0,107,191,1.2
Multan,30.1575,71.5249,3/10/2023,Friday,3,Spring,0,31.8,16.6,23.7,30,14.5,Moderate,0,0,0,No Rain,16.1,183,41.29,1000.43,17.17,0,9.06,2023-03-10T06:30,2023-03-10T18:18,Sunny,0,23.1,39.88,0,22.45714286,49.48428571,0,92,222,0.92
Multan,30.1575,71.5249,3/11/2023,Saturday,3,Spring,1,32,16.6,24,32.2,14.9,Moderate,0,0,0,No Rain,11,186,44.17,998.79,6.17,0,10.66,2023-03-11T06:29,2023-03-11T18:19,Sunny,0,23.7,41.29,0,22.88571429,47.24,0,60,150,1.77
Multan,30.1575,71.5249,3/12/2023,Sunday,3,Spring,1,32.1,16.9,24.3,32.6,17.2,Moderate,0,0,0,No Rain,26.1,343,52.04,999.13,77.67,0,13.17,2023-03-12T06:27,2023-03-12T18:19,Cloudy,2,24,44.17,0,23.22857143,46.85857143,0,20,57,1.9
Multan,30.1575,71.5249,3/13/2023,Monday,3,Spring,0,31,19.2,23.8,32.9,18.3,Moderate,0.8,0.8,0,Light Rain,15.5,11,59.12,999.17,16.42,0,15,2023-03-13T06:26,2023-03-13T18:20,Rainy,1,24.3,52.04,0,23.4,47.99428571,0.114285714,122,277,0.47
Multan,30.1575,71.5249,3/14/2023,Tuesday,3,Spring,0,32,18.2,24.2,32.9,19,Moderate,0,0,0,No Rain,10.3,158,56.83,995.81,7.88,0,14.26,2023-03-14T06:25,2023-03-14T18:21,Sunny,0,23.8,59.12,0.8,23.74285714,48.50571429,0.114285714,25,210,1.65
Multan,30.1575,71.5249,3/15/2023,Wednesday,3,Spring,0,33.3,18.4,25.2,33,18,Hot,0,0,0,No Rain,13.5,157,42.58,993.06,88.21,0,10.25,2023-03-15T06:24,2023-03-15T18:21,Cloudy,2,24.2,56.83,0,24.04285714,47.98714286,0.114285714,42,286,0.99
Multan,30.1575,71.5249,3/16/2023,Thursday,3,Spring,0,30.6,18.2,23.7,30.6,16.6,Moderate,0.1,0.1,0,Light Rain,21.2,230,48.38,994.47,51.04,0,11.66,2023-03-16T06:23,2023-03-16T18:22,Rainy,1,25.2,42.58,0,24.12857143,49.20142857,0.128571429,37,49,1.22
Multan,30.1575,71.5249,3/17/2023,Friday,3,Spring,0,24.5,17.9,20.4,25.2,17.9,Moderate,2.1,2.1,0,Light Rain,17.8,326,76.96,998.11,77.21,0,15.98,2023-03-17T06:21,2023-03-17T18:23,Rainy,1,23.7,48.38,0.1,23.65714286,54.29714286,0.428571429,171,206,1.52
Multan,30.1575,71.5249,3/18/2023,Saturday,3,Spring,1,25.3,15.7,20.3,26.8,16.6,Moderate,0.2,0.2,0,Light Rain,9.9,22,73.71,997.17,37.58,0,14.92,2023-03-18T06:20,2023-03-18T18:23,Rainy,1,20.4,76.96,2.1,23.12857143,58.51714286,0.457142857,157,255,0.75
Multan,30.1575,71.5249,3/19/2023,Sunday,3,Spring,1,24.6,16,19.8,25.5,16.5,Moderate,0.6,0.6,0,Light Rain,10.7,357,76.83,995.39,94.46,0,15.39,2023-03-19T06:19,2023-03-19T18:24,Rainy,1,20.3,73.71,0.2,22.48571429,62.05857143,0.542857143,150,48,0.86
Multan,30.1575,71.5249,3/20/2023,Monday,3,Spring,0,26.8,14.7,20.7,28.9,14.9,Moderate,0,0,0,No Rain,9.2,224,69.21,993.06,15.88,0,14.06,2023-03-20T06:18,2023-03-20T18:24,Sunny,0,19.8,76.83,0.6,22.04285714,63.5,0.428571429,163,35,1.55
Multan,30.1575,71.5249,3/21/2023,Tuesday,3,Spring,0,27.7,15.8,21.7,28.3,15.6,Moderate,1.6,1.6,0,Light Rain,16.5,147,61.88,993.41,27.96,0,13.4,2023-03-21T06:17,2023-03-21T18:25,Rainy,1,20.7,69.21,0,21.68571429,64.22142857,0.657142857,178,223,1.99
Multan,30.1575,71.5249,3/22/2023,Wednesday,3,Spring,0,26,15.8,20.5,29.3,15.9,Moderate,2.4,2.4,0,Light Rain,11.8,32,74.83,995.3,57.12,0,15.51,2023-03-22T06:15,2023-03-22T18:26,Rainy,1,21.7,61.88,1.6,21.01428571,68.82857143,1,196,152,0.68
Multan,30.1575,71.5249,3/23/2023,Thursday,3,Spring,0,28,16.7,21.7,30.3,16.2,Moderate,0.7,0.7,0,Light Rain,14.8,3,68.42,994.22,74.75,0,15.03,2023-03-23T06:14,2023-03-23T18:26,Rainy,1,20.5,74.83,2.4,20.72857143,71.69142857,1.085714286,128,88,1.02
Multan,30.1575,71.5249,3/24/2023,Friday,3,Spring,0,24.4,15,19.8,24.7,13.8,Moderate,10.3,10.3,0,Heavy Rain,18,317,79.25,992.28,64.54,0,15.85,2023-03-24T06:13,2023-03-24T18:27,Rainy,1,21.7,68.42,0.7,20.64285714,72.01857143,2.257142857,139,283,1.35
Multan,30.1575,71.5249,3/25/2023,Saturday,3,Spring,1,23.9,13.9,18.5,24.2,13.5,Moderate,2,2,0,Light Rain,16.6,349,73.42,997.29,32.25,0,13.07,2023-03-25T06:12,2023-03-25T18:28,Rainy,1,19.8,79.25,10.3,20.38571429,71.97714286,2.514285714,133,74,0.32
Multan,30.1575,71.5249,3/26/2023,Sunday,3,Spring,1,24.7,14.1,19.2,25,13.4,Moderate,0,0,0,No Rain,13.8,341,70.29,999.3,1.71,0,13.1,2023-03-26T06:11,2023-03-26T18:28,Sunny,0,18.5,73.42,2,20.3,71.04285714,2.428571429,29,288,0.8
Multan,30.1575,71.5249,3/27/2023,Monday,3,Spring,0,28,14.4,21.9,29.6,14.1,Moderate,0,0,0,No Rain,8,255,61,996.33,31.08,0,13.35,2023-03-27T06:09,2023-03-27T18:29,Moderate,3,19.2,70.29,0,20.47142857,69.87,2.428571429,64,74,1
Multan,30.1575,71.5249,3/28/2023,Tuesday,3,Spring,0,30.1,17.2,23.4,31.2,17.1,Moderate,0,0,0,No Rain,16.9,97,53.88,994.92,70.71,0,12.85,2023-03-28T06:08,2023-03-28T18:29,Cloudy,2,21.9,61,0,20.71428571,68.72714286,2.2,112,153,1.82
Multan,30.1575,71.5249,3/29/2023,Wednesday,3,Spring,0,29.2,18.6,22.7,30.9,17,Moderate,1.7,1.7,0,Light Rain,25.6,359,60.08,994.92,77.12,0,14.11,2023-03-29T06:07,2023-03-29T18:30,Rainy,1,23.4,53.88,0,21.02857143,66.62,2.1,125,221,0.97
Multan,30.1575,71.5249,3/30/2023,Thursday,3,Spring,0,25.4,16.1,19.6,27.1,14.9,Moderate,5,5,0,Light Rain,23.5,349,77.83,994.91,49.5,0,15.41,2023-03-30T06:06,2023-03-30T18:31,Rainy,1,22.7,60.08,1.7,20.72857143,67.96428571,2.714285714,65,252,1.52
Multan,30.1575,71.5249,3/31/2023,Friday,3,Spring,0,24.9,15.9,19.8,25.8,16.1,Moderate,1.6,1.6,0,Light Rain,16.3,333,76.25,993.16,32,0,15.08,2023-03-31T06:04,2023-03-31T18:31,Rainy,1,19.6,77.83,5,20.72857143,67.53571429,1.471428571,74,182,0.58
Multan,30.1575,71.5249,4/1/2023,Saturday,4,Spring,1,26.6,15.4,20.9,28.3,15.6,Moderate,0,0,0,No Rain,12.6,344,73.5,994.45,13.58,0,15.36,2023-04-01T06:03,2023-04-01T18:32,Sunny,0,19.8,76.25,1.6,21.07142857,67.54714286,1.185714286,135,77,1
Multan,30.1575,71.5249,4/2/2023,Sunday,4,Spring,1,28.5,17.4,22.4,30.1,15.7,Moderate,0.1,0.1,0,Light Rain,29.2,38,67.42,993.55,17.83,0,15.7,2023-04-02T06:02,2023-04-02T18:32,Rainy,1,20.9,73.5,0,21.52857143,67.13714286,1.2,140,114,0.28
Multan,30.1575,71.5249,4/3/2023,Monday,4,Spring,0,27.8,17.4,22,29.4,16.9,Moderate,0.9,0.9,0,Light Rain,19.1,26,70.46,992.61,46.79,0,15.9,2023-04-03T06:01,2023-04-03T18:33,Rainy,1,22.4,67.42,0.1,21.54285714,68.48857143,1.328571429,97,286,0.9
Multan,30.1575,71.5249,4/4/2023,Tuesday,4,Spring,0,28.5,16.2,21.8,30.9,16.8,Moderate,1.6,1.6,0,Light Rain,18.6,22,69.58,995.9,20.29,0,15.51,2023-04-04T06:00,2023-04-04T18:34,Rainy,1,22,70.46,0.9,21.31428571,70.73142857,1.557142857,26,69,1.58
Multan,30.1575,71.5249,4/5/2023,Wednesday,4,Spring,0,29.2,17.1,21.5,29.6,17.7,Moderate,3.7,3.7,0,Light Rain,14,82,69.21,996.15,48.58,0,15.27,2023-04-05T05:58,2023-04-05T18:34,Rainy,1,21.8,69.58,1.6,21.14285714,72.03571429,1.842857143,71,251,0.14
Multan,30.1575,71.5249,4/6/2023,Thursday,4,Spring,0,28.8,15.5,22.1,30.4,15.7,Moderate,0,0,0,No Rain,12.6,2,65.54,998.77,5.96,0,14.55,2023-04-06T05:57,2023-04-06T18:35,Sunny,0,21.5,69.21,3.7,21.5,70.28,1.128571429,171,145,0.72
Multan,30.1575,71.5249,4/7/2023,Friday,4,Spring,0,31,17.5,23.5,31.9,17.4,Moderate,0,0,0,No Rain,11.3,3,56.08,1000.99,11.79,0,13.28,2023-04-07T05:56,2023-04-07T18:35,Sunny,0,22.1,65.54,0,22.02857143,67.39857143,0.9,60,143,1.84
Multan,30.1575,71.5249,4/8/2023,Saturday,4,Spring,1,33,17.7,24.9,34.1,17.5,Moderate,0,0,0,No Rain,12.6,4,46.46,1000.28,14.21,0,11.38,2023-04-08T05:55,2023-04-08T18:36,Sunny,0,23.5,56.08,0,22.6,63.53571429,0.9,131,210,1.34
Multan,30.1575,71.5249,4/9/2023,Sunday,4,Spring,1,35,17.6,26.2,34.8,17.2,Hot,0,0,0,No Rain,21,270,37.67,999.49,11.83,0,9.58,2023-04-09T05:54,2023-04-09T18:37,Sunny,0,24.9,46.46,0,23.14285714,59.28571429,0.885714286,145,274,0.46
Multan,30.1575,71.5249,4/10/2023,Monday,4,Spring,0,35.3,17.9,27.2,35,17.7,Hot,0,0,0,No Rain,10.7,233,39.62,997.8,11.92,0,10.04,2023-04-10T05:53,2023-04-10T18:37,Sunny,0,26.2,37.67,0,23.88571429,54.88,0.757142857,84,170,1.82
Multan,30.1575,71.5249,4/11/2023,Tuesday,4,Spring,0,36.5,19.6,27.2,36.9,17.6,Hot,0.1,0.1,0,Light Rain,18.5,243,34.96,997.15,70.33,0,9.96,2023-04-11T05:52,2023-04-11T18:38,Rainy,1,27.2,39.62,0,24.65714286,49.93428571,0.542857143,84,144,1.1
Multan,30.1575,71.5249,4/12/2023,Wednesday,4,Spring,0,36.2,20.5,28.3,36.5,20.1,Hot,0,0,0,No Rain,10.9,241,35.08,996.92,24.5,0,10.19,2023-04-12T05:50,2023-04-12T18:39,Sunny,0,27.2,34.96,0.1,25.62857143,45.05857143,0.014285714,197,162,1.97
Multan,30.1575,71.5249,4/13/2023,Thursday,4,Spring,0,37.9,19,28.9,37.6,17.5,Hot,0,0,0,No Rain,13.3,209,30.54,995.22,0,0,8.46,2023-04-13T05:49,2023-04-13T18:39,Sunny,0,28.3,35.08,0,26.6,40.05857143,0.014285714,121,290,0.12
Multan,30.1575,71.5249,4/14/2023,Friday,4,Spring,0,38.8,20.5,29.4,38.9,18.9,Hot,0,0,0,No Rain,11.4,221,33.83,992.95,0.04,0,10.94,2023-04-14T05:48,2023-04-14T18:40,Sunny,0,28.9,30.54,0,27.44285714,36.88,0.014285714,138,284,1.94
Multan,30.1575,71.5249,4/15/2023,Saturday,4,Spring,1,39.8,21.3,30.3,39.4,19.8,Hot,0,0,0,No Rain,17.2,220,32.88,991.93,34.17,0,9.7,2023-04-15T05:47,2023-04-15T18:40,Moderate,3,29.4,33.83,0,28.21428571,34.94,0.014285714,139,237,0.16
Multan,30.1575,71.5249,4/16/2023,Sunday,4,Spring,1,36.5,22.8,29.6,36.6,20.9,Hot,0,0,0,No Rain,20.6,308,33.62,991.76,54.25,0,11.58,2023-04-16T05:46,2023-04-16T18:41,Moderate,3,30.3,32.88,0,28.7,34.36142857,0.014285714,76,251,1.87
Multan,30.1575,71.5249,4/17/2023,Monday,4,Spring,0,36.5,23.6,29,36.6,21.8,Hot,0.2,0.2,0,Light Rain,21.4,354,38.71,992.96,46.88,0,13.11,2023-04-17T05:45,2023-04-17T18:42,Rainy,1,29.6,33.62,0,28.95714286,34.23142857,0.042857143,70,80,1.72
Multan,30.1575,71.5249,4/18/2023,Tuesday,4,Spring,0,34.9,22.1,28,36.9,21.5,Hot,0.1,0.1,0,Light Rain,26.1,333,48.08,994.45,81.75,0,15.22,2023-04-18T05:44,2023-04-18T18:42,Rainy,1,29,38.71,0.2,29.07142857,36.10571429,0.042857143,138,52,1.95
Multan,30.1575,71.5249,4/19/2023,Wednesday,4,Spring,0,31.5,22.2,26.4,33.6,24,Hot,0,0,0,No Rain,11.6,262,56.96,991.93,62.71,0,16.6,2023-04-19T05:43,2023-04-19T18:43,Moderate,3,28,48.08,0.1,28.8,39.23142857,0.042857143,40,82,1
Multan,30.1575,71.5249,4/20/2023,Thursday,4,Spring,0,32.7,19.7,26,33,19.6,Hot,0,0,0,No Rain,15.5,315,44.12,988.77,2.25,0,11.1,2023-04-20T05:42,2023-04-20T18:44,Sunny,0,26.4,56.96,0,28.38571429,41.17142857,0.042857143,187,125,1.29
Multan,30.1575,71.5249,4/21/2023,Friday,4,Spring,0,33.2,19.1,25.9,33,17.9,Hot,0,0,0,No Rain,15.6,336,43.38,989.98,3.54,0,11.08,2023-04-21T05:40,2023-04-21T18:44,Sunny,0,26,44.12,0,27.88571429,42.53571429,0.042857143,163,250,1.89
Multan,30.1575,71.5249,4/22/2023,Saturday,4,Spring,1,33.2,19.1,25.6,34,17.4,Hot,0,0,0,No Rain,15.3,14,35.58,992.29,12.04,0,8.39,2023-04-22T05:39,2023-04-22T18:45,Sunny,0,25.9,43.38,0,27.21428571,42.92142857,0.042857143,139,161,1.38
Multan,30.1575,71.5249,4/23/2023,Sunday,4,Spring,1,34,19.1,26.7,32.1,17.5,Hot,0,0,0,No Rain,15.5,23,32.17,992.95,0,0,7.33,2023-04-23T05:38,2023-04-23T18:45,Sunny,0,25.6,35.58,0,26.8,42.71428571,0.042857143,147,191,1.67
Multan,30.1575,71.5249,4/24/2023,Monday,4,Spring,0,35.7,19.5,28.5,35.6,17.7,Hot,0,0,0,No Rain,10.7,161,26.38,994.79,1.71,0,6.43,2023-04-24T05:37,2023-04-24T18:46,Sunny,0,26.7,32.17,0,26.72857143,40.95285714,0.014285714,161,191,1.68
Multan,30.1575,71.5249,4/25/2023,Tuesday,4,Spring,0,37,20.6,29.1,35.2,18.1,Hot,0,0,0,No Rain,15.4,161,25.46,994.67,65.25,0,6.23,2023-04-25T05:36,2023-04-25T18:47,Moderate,3,28.5,26.38,0,26.88571429,37.72142857,0,102,68,0.66
Multan,30.1575,71.5249,4/26/2023,Wednesday,4,Spring,0,36.2,22.4,29.7,35.2,20.1,Hot,0,0,0,No Rain,15.4,188,25.92,992.14,99.71,0,7.58,2023-04-26T05:35,2023-04-26T18:47,Cloudy,2,29.1,25.46,0,27.35714286,33.28714286,0,198,110,0.85
Multan,30.1575,71.5249,4/27/2023,Thursday,4,Spring,0,36.2,21.2,27.9,36.1,19.9,Hot,0,0,0,No Rain,20.4,313,34.79,991.33,95.54,0,10.34,2023-04-27T05:34,2023-04-27T18:48,Cloudy,2,29.7,25.92,0,27.62857143,31.95428571,0,124,89,0.32
Multan,30.1575,71.5249,4/28/2023,Friday,4,Spring,0,34.2,22.1,27.8,35.1,21.9,Hot,0.9,0.9,0,Light Rain,15.9,254,40.33,993.61,73.17,0,12.62,2023-04-28T05:34,2023-04-28T18:49,Rainy,1,27.9,34.79,0,27.9,31.51857143,0.128571429,58,271,0.43
Multan,30.1575,71.5249,4/29/2023,Saturday,4,Spring,1,29.9,22.5,25.5,31,23.1,Hot,0.2,0.2,0,Light Rain,19.2,211,54.25,993.05,94.67,0,15.28,2023-04-29T05:33,2023-04-29T18:49,Rainy,1,27.8,40.33,0.9,27.88571429,34.18571429,0.157142857,190,160,1.24
Multan,30.1575,71.5249,4/30/2023,Sunday,4,Spring,1,29.9,20,25,31.8,20.8,Moderate,1.8,1.8,0,Light Rain,15.1,171,58,991.92,78.79,0,15.61,2023-04-30T05:32,2023-04-30T18:50,Rainy,1,25.5,54.25,0.2,27.64285714,37.87571429,0.414285714,88,152,1.34
Multan,30.1575,71.5249,5/1/2023,Monday,5,Spring,0,33,21,26.9,34.5,21.9,Hot,0,0,0,No Rain,22.2,140,51.08,990.8,62.29,0,15.3,2023-05-01T05:31,2023-05-01T18:51,Moderate,3,25,58,1.8,27.41428571,41.40428571,0.414285714,46,263,0.35
Multan,30.1575,71.5249,5/2/2023,Tuesday,5,Spring,0,28.8,21.4,25.2,31.2,22.9,Hot,0.9,0.9,0,Light Rain,14,59,63,993.74,82.38,0,17.47,2023-05-02T05:30,2023-05-02T18:51,Rainy,1,26.9,51.08,0,26.85714286,46.76714286,0.542857143,127,296,1.75
Multan,30.1575,71.5249,5/3/2023,Wednesday,5,Spring,0,30.6,20.8,25.5,33,22.3,Hot,0.3,0.3,0,Light Rain,13.8,15,62.29,995.2,17.83,0,17.22,2023-05-03T05:29,2023-05-03T18:52,Rainy,1,25.2,63,0.9,26.25714286,51.96285714,0.585714286,79,234,1.27
Multan,30.1575,71.5249,5/4/2023,Thursday,5,Spring,0,33.3,20.9,26.7,34,21.8,Hot,0.3,0.3,0,Light Rain,15.8,75,55.42,994.41,28.04,0,16.38,2023-05-04T05:28,2023-05-04T18:53,Rainy,1,25.5,62.29,0.3,26.08571429,54.91,0.628571429,98,103,0.22
Multan,30.1575,71.5249,5/5/2023,Friday,5,Spring,0,33.5,20.5,26.4,36.6,21.8,Hot,0,0,0,No Rain,17.4,355,61.96,994.03,38.25,0,17.59,2023-05-05T05:27,2023-05-05T18:53,Moderate,3,26.7,55.42,0.3,25.88571429,58,0.5,158,72,0.85
Multan,30.1575,71.5249,5/6/2023,Saturday,5,Spring,1,37.7,21.7,30,35.6,24.5,Hot,0,0,0,No Rain,23,210,43.96,990.4,29.29,0,13.66,2023-05-06T05:27,2023-05-06T18:54,Sunny,0,26.4,61.96,0,26.52857143,56.53,0.471428571,167,39,1.82
Multan,30.1575,71.5249,5/7/2023,Sunday,5,Spring,1,33.8,21.4,27.2,34.5,21.2,Hot,0,0,0,No Rain,19.7,332,44.29,989.83,0.04,0,13.05,2023-05-07T05:26,2023-05-07T18:55,Sunny,0,30,43.96,0,26.84285714,54.57142857,0.214285714,49,108,0.3
Multan,30.1575,71.5249,5/8/2023,Monday,5,Spring,0,33.5,20,26.4,33.4,18.6,Hot,0,0,0,No Rain,20.4,6,42.71,990.55,0,0,11.63,2023-05-08T05:25,2023-05-08T18:55,Sunny,0,27.2,44.29,0,26.77142857,53.37571429,0.214285714,44,131,1.37
Multan,30.1575,71.5249,5/9/2023,Tuesday,5,Spring,0,35.8,20,28,36.7,19.7,Hot,0,0,0,No Rain,11.9,22,37.46,993.91,0.08,0,11.06,2023-05-09T05:24,2023-05-09T18:56,Sunny,0,26.4,42.71,0,27.17142857,49.72714286,0.085714286,68,100,0.97
Multan,30.1575,71.5249,5/10/2023,Wednesday,5,Spring,0,37.8,20.8,29.2,37.9,20.4,Hot,0,0,0,No Rain,11.5,49,36.71,992.59,33.62,0,11.58,2023-05-10T05:23,2023-05-10T18:56,Moderate,3,28,37.46,0,27.7,46.07285714,0.042857143,91,103,1.99
Multan,30.1575,71.5249,5/11/2023,Thursday,5,Spring,0,40,23.1,31.1,39.3,22,Hot,0,0,0,No Rain,10.8,160,31.17,991.55,36.25,0,10.82,2023-05-11T05:23,2023-05-11T18:57,Moderate,3,29.2,36.71,0,28.32857143,42.60857143,0,25,159,0.31
Multan,30.1575,71.5249,5/12/2023,Friday,5,Spring,0,41.3,24,32.2,42.3,23.7,Hot,0,0,0,No Rain,11.2,116,31.46,990.36,16.29,0,11.83,2023-05-12T05:22,2023-05-12T18:58,Sunny,0,31.1,31.17,0,29.15714286,38.25142857,0,140,248,1.11
Multan,30.1575,71.5249,5/13/2023,Saturday,5,Spring,1,40.8,25.1,32.5,42.3,24.6,Hot,0,0,0,No Rain,14.2,27,30,989.32,13.29,0,11.98,2023-05-13T05:21,2023-05-13T18:58,Sunny,0,32.2,31.46,0,29.51428571,36.25714286,0,185,118,0.24
Multan,30.1575,71.5249,5/14/2023,Sunday,5,Spring,1,39.3,25.5,31.6,39.6,24.3,Hot,0,0,0,No Rain,20.9,30,30.83,987.77,11.46,0,11.58,2023-05-14T05:21,2023-05-14T18:59,Sunny,0,32.5,30,0,30.14285714,34.33428571,0,59,274,0.19
Multan,30.1575,71.5249,5/15/2023,Monday,5,Spring,0,40.7,23.1,32.1,42.5,23.4,Hot,0,0,0,No Rain,16.7,235,34.21,986.55,27.96,0,12.91,2023-05-15T05:20,2023-05-15T19:00,Sunny,0,31.6,30.83,0,30.95714286,33.12,0,133,105,1.69
Multan,30.1575,71.5249,5/16/2023,Tuesday,5,Spring,0,40.2,24.6,31.9,41.5,24.6,Hot,0,0,0,No Rain,12.7,214,34.04,988.59,26.38,0,13.39,2023-05-16T05:19,2023-05-16T19:00,Sunny,0,32.1,34.21,0,31.51428571,32.63142857,0,132,215,0.48
Multan,30.1575,71.5249,5/17/2023,Wednesday,5,Spring,0,39.8,24.6,32.4,40.9,24.9,Hot,0,0,0,No Rain,19.6,227,36.71,989.83,49.71,0,14.67,2023-05-17T05:19,2023-05-17T19:01,Moderate,3,31.9,34.04,0,31.97142857,32.63142857,0,185,201,1.21
Multan,30.1575,71.5249,5/18/2023,Thursday,5,Spring,0,36.5,22.9,29.7,38.7,25.7,Hot,0,0,0,No Rain,11.7,36,48.58,994.42,5.54,0,16.88,2023-05-18T05:18,2023-05-18T19:02,Sunny,0,32.4,36.71,0,31.77142857,35.11857143,0,172,164,1.97
Multan,30.1575,71.5249,5/19/2023,Friday,5,Spring,0,39.3,24.3,31.3,40.2,26.3,Hot,0,0,0,No Rain,12.3,182,42.38,992.25,1.38,0,15.56,2023-05-19T05:18,2023-05-19T19:02,Sunny,0,29.7,48.58,0,31.64285714,36.67857143,0,162,248,0.25
Multan,30.1575,71.5249,5/20/2023,Saturday,5,Spring,1,41,25.5,32.8,44,24.9,Hot,0,0,0,No Rain,11.4,160,33.38,988.38,4.83,0,14.12,2023-05-20T05:17,2023-05-20T19:03,Sunny,0,31.3,42.38,0,31.68571429,37.16142857,0,112,210,0.47
Multan,30.1575,71.5249,5/21/2023,Sunday,5,Spring,1,42,27.9,33.8,43.5,27.1,Hot,0,0,0,No Rain,15.6,198,31.08,988.29,23.38,0,14,2023-05-21T05:17,2023-05-21T19:03,Sunny,0,32.8,33.38,0,32,37.19714286,0,145,185,0.37
Multan,30.1575,71.5249,5/22/2023,Monday,5,Spring,0,41.2,27,33.9,43.9,27.3,Hot,5.5,5.5,0,Light Rain,20.2,210,40.75,989.2,69.29,0,18.45,2023-05-22T05:16,2023-05-22T19:04,Rainy,1,33.8,31.08,0,32.25714286,38.13142857,0.785714286,22,91,1.04
Multan,30.1575,71.5249,5/23/2023,Tuesday,5,Spring,0,40.1,27.4,34.1,42,29.3,Hot,0.5,0.5,0,Light Rain,24.2,212,43.17,989.37,79.38,0,19.44,2023-05-23T05:16,2023-05-23T19:05,Rainy,1,33.9,40.75,5.5,32.57142857,39.43571429,0.857142857,171,76,0.35
Multan,30.1575,71.5249,5/24/2023,Wednesday,5,Spring,0,39,27.4,32.6,41.7,28.2,Hot,0,0,0,No Rain,16.3,357,44.29,987.73,8.92,0,18.3,2023-05-24T05:15,2023-05-24T19:05,Sunny,0,34.1,43.17,0.5,32.6,40.51857143,0.857142857,101,221,1.03
Multan,30.1575,71.5249,5/25/2023,Thursday,5,Spring,0,35.2,26.8,30.7,39.8,28,Hot,0.6,0.6,0,Light Rain,24,106,52.83,987.91,20.83,0,19.72,2023-05-25T05:15,2023-05-25T19:06,Rainy,1,32.6,44.29,0,32.74285714,41.12571429,0.942857143,48,162,0.25
Multan,30.1575,71.5249,5/26/2023,Friday,5,Spring,0,36.5,23.7,29.9,40.9,26.7,Hot,0,0,0,No Rain,21.6,85,57.88,988.32,6.42,0,20.26,2023-05-26T05:15,2023-05-26T19:07,Sunny,0,30.7,52.83,0.6,32.54285714,43.34,0.942857143,53,144,1.61
Multan,30.1575,71.5249,5/27/2023,Saturday,5,Spring,1,36.2,24.9,30.7,39.9,26.1,Hot,0,0,0,No Rain,16.2,47,52.54,989.57,29.12,0,19.44,2023-05-27T05:14,2023-05-27T19:07,Sunny,0,29.9,57.88,0,32.24285714,46.07714286,0.942857143,102,136,0.3
Multan,30.1575,71.5249,5/28/2023,Sunday,5,Spring,1,35.2,24.5,29.4,39.1,28.3,Hot,7,7,0,Light Rain,17.7,55,57.79,991.45,73.12,0,19.45,2023-05-28T05:14,2023-05-28T19:08,Rainy,1,30.7,52.54,0,31.61428571,49.89285714,1.942857143,135,159,1.55
Multan,30.1575,71.5249,5/29/2023,Monday,5,Spring,0,30.9,23.5,26.9,35.5,27.3,Hot,7,7,0,Light Rain,14.2,42,68.42,993.72,76.21,0,20.16,2023-05-29T05:14,2023-05-29T19:08,Rainy,1,29.4,57.79,7,30.61428571,53.84571429,2.157142857,158,232,1
Multan,30.1575,71.5249,5/30/2023,Tuesday,5,Spring,0,31.5,21.8,26.1,33.9,22.6,Hot,8,8,0,Light Rain,27.5,358,67.5,994.92,83.88,0,19.05,2023-05-30T05:13,2023-05-30T19:09,Rainy,1,26.9,68.42,7,29.47142857,57.32142857,3.228571429,82,218,0.38
Multan,30.1575,71.5249,5/31/2023,Wednesday,5,Spring,0,32.2,22.9,27,34.9,23,Hot,6.5,6.5,0,Light Rain,27.7,17,63.29,991.99,79.5,0,18.68,2023-05-31T05:13,2023-05-31T19:09,Rainy,1,26.1,67.5,8,28.67142857,60.03571429,4.157142857,123,50,0.44
Multan,30.1575,71.5249,6/1/2023,Thursday,6,Summer,0,30.7,21.2,24.9,33.5,22.8,Moderate,3.1,3.1,0,Light Rain,16.7,15,74.04,992.2,43.96,0,19.48,2023-06-01T05:13,2023-06-01T19:10,Rainy,1,27,63.29,6.5,27.84285714,63.06571429,4.514285714,193,66,1.22
Multan,30.1575,71.5249,6/2/2023,Friday,6,Summer,0,32.3,20.9,26.5,35.6,23.7,Hot,0,0,0,No Rain,10.4,20,63.38,992.15,3.54,0,18.3,2023-06-02T05:13,2023-06-02T19:10,Sunny,0,24.9,74.04,3.1,27.35714286,63.85142857,4.514285714,75,98,1.36
Multan,30.1575,71.5249,6/3/2023,Saturday,6,Summer,1,34.6,23.2,28.9,38.2,25.2,Hot,0.1,0.1,0,Light Rain,11.2,81,55.33,991.29,30.04,0,18.66,2023-06-03T05:12,2023-06-03T19:11,Rainy,1,26.5,63.38,0,27.1,64.25,4.528571429,143,44,1.84
Multan,30.1575,71.5249,6/4/2023,Sunday,6,Summer,1,36.3,24.1,30.3,39.9,27.8,Hot,0,0,0,No Rain,7.2,14,51,991.24,59.17,0,18.08,2023-06-04T05:12,2023-06-04T19:12,Moderate,3,28.9,55.33,0.1,27.22857143,63.28,3.528571429,166,135,1.09
Multan,30.1575,71.5249,6/5/2023,Monday,6,Summer,0,37.5,24.6,31.1,39.7,26.5,Hot,0,0,0,No Rain,15.5,186,47.54,989.3,23.79,0,17.7,2023-06-05T05:12,2023-06-05T19:12,Sunny,0,30.3,51,0,27.82857143,60.29714286,2.528571429,148,119,0.13
Multan,30.1575,71.5249,6/6/2023,Tuesday,6,Summer,0,37,25.4,29.7,38.5,27.1,Hot,3.1,3.1,0,Light Rain,23.8,171,56,988.83,27.25,0,19.48,2023-06-06T05:12,2023-06-06T19:12,Rainy,1,31.1,47.54,0,28.34285714,58.65428571,1.828571429,104,225,1.65
Multan,30.1575,71.5249,6/7/2023,Wednesday,6,Summer,0,39.2,25.2,32,41.7,28.3,Hot,0,0,0,No Rain,13.5,164,50.62,988.46,13.04,0,19.47,2023-06-07T05:12,2023-06-07T19:13,Sunny,0,29.7,56,3.1,29.05714286,56.84428571,0.9,197,229,0.97
Multan,30.1575,71.5249,6/8/2023,Thursday,6,Summer,0,40.8,26.2,33.4,43.7,29.1,Hot,0,0,0,No Rain,16.6,167,43.67,987.8,13.75,0,18.43,2023-06-08T05:12,2023-06-08T19:13,Sunny,0,32,50.62,0,30.27142857,52.50571429,0.457142857,112,81,0.93
Multan,30.1575,71.5249,6/9/2023,Friday,6,Summer,0,41.8,28.4,34.7,43.7,29.3,Hot,0,0,0,No Rain,16.5,186,41.29,984.47,16.29,0,19.09,2023-06-09T05:12,2023-06-09T19:14,Sunny,0,33.4,43.67,0,31.44285714,49.35,0.457142857,88,292,1.56
Multan,30.1575,71.5249,6/10/2023,Saturday,6,Summer,1,40.8,29,34,44.8,32.3,Hot,2.8,2.8,0,Light Rain,19.7,192,49.29,982.67,15.58,0,21.52,2023-06-10T05:12,2023-06-10T19:14,Rainy,1,34.7,41.29,0,32.17142857,48.48714286,0.842857143,61,122,1.54
Multan,30.1575,71.5249,6/11/2023,Sunday,6,Summer,1,39.7,28.9,33.9,43.5,32.5,Hot,0,0,0,No Rain,13.2,197,48.62,983.63,9.25,0,21.14,2023-06-11T05:12,2023-06-11T19:15,Sunny,0,34,49.29,2.8,32.68571429,48.14714286,0.842857143,182,216,1.19
Multan,30.1575,71.5249,6/12/2023,Monday,6,Summer,0,40.8,29,34.9,42.7,32.8,Hot,0,0,0,No Rain,22.2,200,45.96,982.96,1.58,0,20.82,2023-06-12T05:12,2023-06-12T19:15,Sunny,0,33.9,48.62,0,33.22857143,47.92142857,0.842857143,137,68,0.44
Multan,30.1575,71.5249,6/13/2023,Tuesday,6,Summer,0,40.5,31,35.3,42.2,31.5,Very Hot,0,0,0,No Rain,26.7,212,39.75,983.41,1.46,0,19.41,2023-06-13T05:12,2023-06-13T19:15,Sunny,0,34.9,45.96,0,34.02857143,45.6,0.4,147,276,0.45
Multan,30.1575,71.5249,6/14/2023,Wednesday,6,Summer,0,39.3,31.4,35,41.2,32.2,Hot,0,0,0,No Rain,29.1,212,44.5,983.57,1.5,0,20.9,2023-06-14T05:12,2023-06-14T19:16,Sunny,0,35.3,39.75,0,34.45714286,44.72571429,0.4,137,297,1.34
Multan,30.1575,71.5249,6/15/2023,Thursday,6,Summer,0,38,30.5,33.7,40.3,31.8,Hot,0,0,0,No Rain,25.4,207,46.92,984.82,3.79,0,20.48,2023-06-15T05:12,2023-06-15T19:16,Sunny,0,35,44.5,0,34.5,45.19,0.4,71,173,0.53
Multan,30.1575,71.5249,6/16/2023,Friday,6,Summer,0,37.5,28.5,33.1,41.3,31.8,Hot,0,0,0,No Rain,13.9,213,52.58,985.12,11.71,0,21.77,2023-06-16T05:12,2023-06-16T19:16,Sunny,0,33.7,46.92,0,34.27142857,46.80285714,0.4,103,247,1.96
Multan,30.1575,71.5249,6/17/2023,Saturday,6,Summer,1,40.4,29,35,43.3,31.7,Hot,0,0,0,No Rain,17.4,107,42.62,984.58,18.04,0,19.88,2023-06-17T05:12,2023-06-17T19:17,Sunny,0,33.1,52.58,0,34.41428571,45.85,0,93,211,0.4
Multan,30.1575,71.5249,6/18/2023,Sunday,6,Summer,1,41.3,29.1,35.2,44.3,34,Very Hot,0,0,0,No Rain,14.5,135,46.33,984.86,3.42,0,21.08,2023-06-18T05:12,2023-06-18T19:17,Sunny,0,35,42.62,0,34.6,45.52285714,0,31,276,0.97
Multan,30.1575,71.5249,6/19/2023,Monday,6,Summer,0,40.5,30.8,35.5,45.3,34.4,Very Hot,0,0,0,No Rain,10.9,173,46.12,984.77,6.42,0,21.75,2023-06-19T05:12,2023-06-19T19:17,Sunny,0,35.2,46.33,0,34.68571429,45.54571429,0,32,68,0.57
Multan,30.1575,71.5249,6/20/2023,Tuesday,6,Summer,0,43,31.8,37.2,47.4,35.1,Very Hot,0,0,0,No Rain,11.8,184,41.88,983,5,0,21.72,2023-06-20T05:12,2023-06-20T19:18,Sunny,0,35.5,46.12,0,34.95714286,45.85,0,194,193,1.9
Multan,30.1575,71.5249,6/21/2023,Wednesday,6,Summer,0,42.5,33,37,46.6,35.7,Very Hot,0,0,0,No Rain,20.1,199,45.38,983.4,8.71,0,22.89,2023-06-21T05:13,2023-06-21T19:18,Sunny,0,37.2,41.88,0,35.24285714,45.97571429,0,162,245,1.64
Multan,30.1575,71.5249,6/22/2023,Thursday,6,Summer,0,42.7,33.4,37.2,46.6,36.3,Very Hot,0,0,0,No Rain,22.6,197,46.71,983.46,0.12,0,23.6,2023-06-22T05:13,2023-06-22T19:18,Sunny,0,37,45.38,0,35.74285714,45.94571429,0,20,293,0.3
Multan,30.1575,71.5249,6/23/2023,Friday,6,Summer,0,42.9,33.5,37.4,45.8,36,Very Hot,0,0,0,No Rain,22.1,193,42.33,983.2,27.46,0,22.09,2023-06-23T05:13,2023-06-23T19:18,Sunny,0,37.2,46.71,0,36.35714286,44.48142857,0,74,232,1.73
Multan,30.1575,71.5249,6/24/2023,Saturday,6,Summer,1,42.6,33.5,37.5,45.8,35.7,Very Hot,0,0,0,No Rain,22.4,190,41.62,982.27,19.54,0,22.07,2023-06-24T05:13,2023-06-24T19:18,Sunny,0,37.4,42.33,0,36.71428571,44.33857143,0,85,280,0.6
Multan,30.1575,71.5249,6/25/2023,Sunday,6,Summer,1,42.7,33.6,37.7,45.1,36,Very Hot,0,0,0,No Rain,21.7,201,40.46,982.06,8.58,0,21.69,2023-06-25T05:14,2023-06-25T19:19,Sunny,0,37.5,41.62,0,37.07142857,43.5,0,96,111,1.93
Multan,30.1575,71.5249,6/26/2023,Monday,6,Summer,0,39.2,32.5,35.3,45.2,34.6,Very Hot,3.2,3.2,0,Light Rain,23.4,172,49.21,984.39,55.83,0,22.97,2023-06-26T05:14,2023-06-26T19:19,Rainy,1,37.7,40.46,0,37.04285714,43.94142857,0.457142857,197,228,0.36
Multan,30.1575,71.5249,6/27/2023,Tuesday,6,Summer,0,37.4,28.8,33.6,44.3,34.8,Hot,0.2,0.2,0,Light Rain,11.9,82,59.88,985.28,17.38,0,24.43,2023-06-27T05:14,2023-06-27T19:19,Rainy,1,35.3,49.21,3.2,36.52857143,46.51285714,0.485714286,104,240,1.03
Multan,30.1575,71.5249,6/28/2023,Wednesday,6,Summer,0,38.3,27.6,33.9,44.5,33.6,Hot,0.1,0.1,0,Light Rain,10.8,58,58.38,985.77,11.17,0,24.22,2023-06-28T05:15,2023-06-28T19:19,Rainy,1,33.6,59.88,0.2,36.08571429,48.37,0.5,54,128,0.75
Multan,30.1575,71.5249,6/29/2023,Thursday,6,Summer,0,38,30.4,34.2,44.6,36.1,Hot,0.3,0.3,0,Light Rain,10.9,161,56.29,985.06,7.75,0,23.95,2023-06-29T05:15,2023-06-29T19:19,Rainy,1,33.9,58.38,0.1,35.65714286,49.73857143,0.542857143,95,70,0.64
Multan,30.1575,71.5249,6/30/2023,Friday,6,Summer,0,38.8,31.1,34.5,44.2,34.7,Hot,0,0,0,No Rain,15.1,163,55.5,983.28,11.5,0,24.11,2023-06-30T05:15,2023-06-30T19:19,Sunny,0,34.2,56.29,0.3,35.24285714,51.62,0.542857143,23,166,0.54
Multan,30.1575,71.5249,7/1/2023,Saturday,7,Summer,1,38,30.8,34.4,43.9,35,Hot,0.9,0.9,0,Light Rain,14.7,155,56.33,984.39,35.5,0,24.22,2023-07-01T05:16,2023-07-01T19:19,Rainy,1,34.5,55.5,0,34.8,53.72142857,0.671428571,89,265,0.16
Multan,30.1575,71.5249,7/2/2023,Sunday,7,Summer,1,39.8,30,34.9,45.5,35.7,Hot,0,0,0,No Rain,11,194,55.88,984.89,2.83,0,24.52,2023-07-02T05:16,2023-07-02T19:19,Sunny,0,34.4,56.33,0.9,34.4,55.92428571,0.671428571,47,218,1.88
Multan,30.1575,71.5249,7/3/2023,Monday,7,Summer,0,41.5,32.9,36.5,45.7,35.8,Very Hot,0,0,0,No Rain,20.1,204,47.21,983.48,0.21,0,23.2,2023-07-03T05:16,2023-07-03T19:19,Sunny,0,34.9,55.88,0,34.57142857,55.63857143,0.214285714,106,194,0.56
Multan,30.1575,71.5249,7/4/2023,Tuesday,7,Summer,0,41.2,33.7,36.5,42.6,34.6,Very Hot,0,0,0,No Rain,27.4,195,42.96,980.64,7.92,0,21.62,2023-07-04T05:17,2023-07-04T19:19,Sunny,0,36.5,47.21,0,34.98571429,53.22142857,0.185714286,174,111,1.53
Multan,30.1575,71.5249,7/5/2023,Wednesday,7,Summer,0,38.2,30,34,43.8,35.2,Hot,0,0,0,No Rain,21.4,7,54.17,981.71,22.46,0,23.05,2023-07-05T05:17,2023-07-05T19:19,Sunny,0,36.5,42.96,0,35,52.62,0.171428571,115,145,1.66
Multan,30.1575,71.5249,7/6/2023,Thursday,7,Summer,0,36.3,27.6,31.1,41.8,31.4,Hot,18.5,18.5,0,Heavy Rain,22.8,30,68.17,985.55,65.79,0,24.42,2023-07-06T05:18,2023-07-06T19:19,Rainy,1,34,54.17,0,34.55714286,54.31714286,2.771428571,99,58,1.53
Multan,30.1575,71.5249,7/7/2023,Friday,7,Summer,0,35.4,26.3,31,40.5,29,Hot,1.3,1.3,0,Light Rain,23.8,32,66.71,986.74,35.88,0,23.86,2023-07-07T05:18,2023-07-07T19:19,Rainy,1,31.1,68.17,18.5,34.05714286,55.91857143,2.957142857,87,240,1.21
Multan,30.1575,71.5249,7/8/2023,Saturday,7,Summer,1,34.4,25.1,30.6,38.8,28.1,Hot,1.4,1.4,0,Light Rain,27.4,32,69.83,986.9,57.62,0,24.24,2023-07-08T05:19,2023-07-08T19:18,Rainy,1,31,66.71,1.3,33.51428571,57.84714286,3.028571429,26,91,0.33
Multan,30.1575,71.5249,7/9/2023,Sunday,7,Summer,1,36.5,27.4,31.8,40.9,32.7,Hot,0.1,0.1,0,Light Rain,15,34,64.75,985.96,9.67,0,23.77,2023-07-09T05:19,2023-07-09T19:18,Rainy,1,30.6,69.83,1.4,33.07142857,59.11428571,3.042857143,130,208,0.51
Multan,30.1575,71.5249,7/10/2023,Monday,7,Summer,0,37.5,28,32.7,41.6,33,Hot,0,0,0,No Rain,11.2,39,59.08,986.68,5.08,0,23.19,2023-07-10T05:20,2023-07-10T19:18,Sunny,0,31.8,64.75,0.1,32.52857143,60.81,3.042857143,23,66,1.82
Multan,30.1575,71.5249,7/11/2023,Tuesday,7,Summer,0,39.5,29.6,34.7,45.4,34.4,Hot,0,0,0,No Rain,15.5,131,53.33,986,5.38,0,23.35,2023-07-11T05:20,2023-07-11T19:18,Sunny,0,32.7,59.08,0,32.27142857,62.29142857,3.042857143,40,241,1.7
Multan,30.1575,71.5249,7/12/2023,Wednesday,7,Summer,0,41.4,30.8,36.1,45.8,33.7,Very Hot,0,0,0,No Rain,17.3,149,45.04,984.17,2.83,0,21.78,2023-07-12T05:21,2023-07-12T19:18,Sunny,0,34.7,53.33,0,32.57142857,60.98714286,3.042857143,177,218,0.3
Multan,30.1575,71.5249,7/13/2023,Thursday,7,Summer,0,39.3,30.8,34.6,44.8,33.3,Hot,0,0,0,No Rain,20,127,50.33,984.55,23.25,0,22.58,2023-07-13T05:21,2023-07-13T19:17,Sunny,0,36.1,45.04,0,33.07142857,58.43857143,0.4,23,276,0.26
Multan,30.1575,71.5249,7/14/2023,Friday,7,Summer,0,40.1,28.5,34.4,45.6,32.2,Hot,0.4,0.4,0,Light Rain,13.6,138,53.42,985.48,15.08,0,23.12,2023-07-14T05:22,2023-07-14T19:17,Rainy,1,34.6,50.33,0,33.55714286,56.54,0.271428571,175,84,1.45
Multan,30.1575,71.5249,7/15/2023,Saturday,7,Summer,1,40.5,30.8,34.8,45.2,35.6,Hot,0,0,0,No Rain,13.9,158,53.67,984.3,7.88,0,23.64,2023-07-15T05:22,2023-07-15T19:17,Sunny,0,34.4,53.42,0.4,34.15714286,54.23142857,0.071428571,105,156,1.65
Multan,30.1575,71.5249,7/16/2023,Sunday,7,Summer,1,39.4,30.4,34.7,45,34.2,Hot,0,0,0,No Rain,14.9,123,55.62,984.63,11.75,0,24.18,2023-07-16T05:23,2023-07-16T19:16,Sunny,0,34.8,53.67,0,34.57142857,52.92714286,0.057142857,158,285,1.58
Multan,30.1575,71.5249,7/17/2023,Monday,7,Summer,0,38.8,28.7,34.4,46.1,33.4,Hot,1.2,1.2,0,Light Rain,13,113,60,984.51,22.12,0,25.11,2023-07-17T05:23,2023-07-17T19:16,Rainy,1,34.7,55.62,0,34.81428571,53.05857143,0.228571429,193,144,0.89
Multan,30.1575,71.5249,7/18/2023,Tuesday,7,Summer,0,40.4,31.5,35.7,46.5,36.9,Very Hot,0,0,0,No Rain,13.8,126,54.92,983.12,13.12,0,24.87,2023-07-18T05:24,2023-07-18T19:16,Sunny,0,34.4,60,1.2,34.95714286,53.28571429,0.228571429,152,175,1.09
Multan,30.1575,71.5249,7/19/2023,Wednesday,7,Summer,0,39.5,29.7,33.4,46.3,33.9,Hot,2.6,2.6,0,Light Rain,20.4,89,65.67,983.38,54.5,0,25.81,2023-07-19T05:24,2023-07-19T19:15,Rainy,1,35.7,54.92,0,34.57142857,56.23285714,0.6,67,41,0.49
Multan,30.1575,71.5249,7/20/2023,Thursday,7,Summer,0,35.8,28.1,31.9,42.2,33.9,Hot,0,0,0,No Rain,13.7,44,72.67,985.26,93,0,26.18,2023-07-20T05:25,2023-07-20T19:15,Cloudy,2,33.4,65.67,2.6,34.18571429,59.42428571,0.6,197,60,0.68
Multan,30.1575,71.5249,7/21/2023,Friday,7,Summer,0,37,28.1,32.4,44.6,34.8,Hot,8.4,8.4,0,Light Rain,13.6,112,73.04,986.31,82.25,0,26.69,2023-07-21T05:26,2023-07-21T19:14,Rainy,1,31.9,72.67,0,33.9,62.22714286,1.742857143,153,199,1.69
Multan,30.1575,71.5249,7/22/2023,Saturday,7,Summer,1,36.1,27.5,31.1,42.7,33.9,Hot,23.9,23.9,0,Heavy Rain,13,54,78.54,988.46,96.75,0,26.78,2023-07-22T05:26,2023-07-22T19:14,Rainy,1,32.4,73.04,8.4,33.37142857,65.78,5.157142857,54,222,0.92
Multan,30.1575,71.5249,7/23/2023,Sunday,7,Summer,1,34.5,26.4,30.3,40,31.1,Hot,15.2,15.2,0,Heavy Rain,20.9,14,79.04,989.65,82.33,0,26.03,2023-07-23T05:27,2023-07-23T19:13,Rainy,1,31.1,78.54,23.9,32.74285714,69.12571429,7.328571429,160,192,0.34
Multan,30.1575,71.5249,7/24/2023,Monday,7,Summer,0,34.1,27.5,30,40.2,33.8,Hot,14.9,14.9,0,Heavy Rain,13.6,23,81.29,987.27,71.33,0,26.31,2023-07-24T05:27,2023-07-24T19:13,Rainy,1,30.3,79.04,15.2,32.11428571,72.16714286,9.285714286,167,187,0.46
Multan,30.1575,71.5249,7/25/2023,Tuesday,7,Summer,0,34,25.9,29.7,41.2,30.8,Hot,11.1,11.1,0,Heavy Rain,14.3,39,82.25,986.92,97.04,0,26.21,2023-07-25T05:28,2023-07-25T19:12,Rainy,1,30,81.29,14.9,31.25714286,76.07142857,10.87142857,197,263,1.86
Multan,30.1575,71.5249,7/26/2023,Wednesday,7,Summer,0,33.5,27.1,29.5,40.1,32.9,Hot,4.1,4.1,0,Light Rain,11.5,132,84.12,988,98.58,0,26.39,2023-07-26T05:29,2023-07-26T19:12,Rainy,1,29.7,82.25,11.1,30.7,78.70714286,11.08571429,181,115,0.28
Multan,30.1575,71.5249,7/27/2023,Thursday,7,Summer,0,33.3,26.9,29.7,41.7,33.3,Hot,4.5,4.5,0,Light Rain,11.8,139,82.92,987.42,70.21,0,26.4,2023-07-27T05:29,2023-07-27T19:11,Rainy,1,29.5,84.12,4.1,30.38571429,80.17142857,11.72857143,195,47,0.39
Multan,30.1575,71.5249,7/28/2023,Friday,7,Summer,0,34.5,26.9,30.8,41.5,33.4,Hot,0,0,0,No Rain,13,171,77.04,984.76,20.38,0,26.05,2023-07-28T05:30,2023-07-28T19:10,Sunny,0,29.7,82.92,4.5,30.15714286,80.74285714,10.52857143,111,262,0.19
Multan,30.1575,71.5249,7/29/2023,Saturday,7,Summer,1,33.2,25.3,29.6,40.9,29.8,Hot,27.5,27.5,0,Heavy Rain,15.4,149,83.75,984.07,63.79,0,26.49,2023-07-29T05:30,2023-07-29T19:10,Rainy,1,30.8,77.04,0,29.94285714,81.48714286,11.04285714,159,104,0.91
Multan,30.1575,71.5249,7/30/2023,Sunday,7,Summer,1,33.9,24.9,29.5,41.2,30.9,Hot,0,0,0,No Rain,9.3,152,79.88,984.84,31.21,0,25.45,2023-07-30T05:31,2023-07-30T19:09,Moderate,3,29.6,83.75,27.5,29.82857143,81.60714286,8.871428571,53,139,1.28
Multan,30.1575,71.5249,7/31/2023,Monday,7,Summer,0,35.4,27.9,31,42.9,33.9,Hot,4,4,0,Light Rain,19.5,186,76.75,983.69,13.71,0,26.25,2023-07-31T05:32,2023-07-31T19:08,Rainy,1,29.5,79.88,0,29.97142857,80.95857143,7.314285714,32,241,0.8
Multan,30.1575,71.5249,8/1/2023,Tuesday,8,Summer,0,36.7,27.6,32,43.9,33.3,Hot,0,0,0,No Rain,16.6,194,72.79,982.38,2.04,0,26.32,2023-08-01T05:32,2023-08-01T19:08,Sunny,0,31,76.75,4,30.3,79.60714286,5.728571429,120,41,1.59
Multan,30.1575,71.5249,8/2/2023,Wednesday,8,Summer,0,35.8,29.2,32.4,42.6,34.5,Hot,0,0,0,No Rain,18.2,185,71.46,982.02,2.71,0,26.51,2023-08-02T05:33,2023-08-02T19:07,Sunny,0,32,72.79,0,30.71428571,77.79857143,5.142857143,29,256,1.09
Multan,30.1575,71.5249,8/3/2023,Thursday,8,Summer,0,35.7,28.8,32,41.9,33.4,Hot,0,0,0,No Rain,15.3,187,69.58,982.88,2.75,0,25.62,2023-08-03T05:33,2023-08-03T19:06,Sunny,0,32.4,71.46,0,31.04285714,75.89285714,4.5,124,201,1.32
Multan,30.1575,71.5249,8/4/2023,Friday,8,Summer,0,36.8,29.5,32.9,43,33.7,Hot,0,0,0,No Rain,16.9,185,65.38,984.36,7.58,0,25.47,2023-08-04T05:34,2023-08-04T19:05,Sunny,0,32,69.58,0,31.34285714,74.22714286,4.5,78,124,0.76
Multan,30.1575,71.5249,8/5/2023,Saturday,8,Summer,1,36.8,30.6,33.3,42.4,33.4,Hot,0,0,0,No Rain,18.1,193,60.83,986.14,11.42,0,24.67,2023-08-05T05:35,2023-08-05T19:05,Sunny,0,32.9,65.38,0,31.87142857,70.95285714,0.571428571,116,200,1.79
Multan,30.1575,71.5249,8/6/2023,Sunday,8,Summer,1,36.7,30.4,32.9,42.3,34.1,Hot,0,0,0,No Rain,17.9,193,64.5,983.17,26.33,0,25.17,2023-08-06T05:35,2023-08-06T19:04,Sunny,0,33.3,60.83,0,32.35714286,68.75571429,0.571428571,108,205,0.39
Multan,30.1575,71.5249,8/7/2023,Monday,8,Summer,0,36.2,28.9,31.9,41.3,31.5,Hot,0,0,0,No Rain,20.9,178,64.04,980.46,13.04,0,24.1,2023-08-07T05:36,2023-08-07T19:03,Sunny,0,32.9,64.5,0,32.48571429,66.94,0,109,184,0.9
Multan,30.1575,71.5249,8/8/2023,Tuesday,8,Summer,0,35.9,29,31.8,41.5,33.2,Hot,0,0,0,No Rain,16.6,193,67.29,982.55,9.92,0,24.85,2023-08-08T05:36,2023-08-08T19:02,Sunny,0,31.9,64.04,0,32.45714286,66.15428571,0,164,90,1.86
Multan,30.1575,71.5249,8/9/2023,Wednesday,8,Summer,0,36.8,29.6,32.8,42.8,33.9,Hot,0,0,0,No Rain,18.3,192,63.79,985.66,21.42,0,24.89,2023-08-09T05:37,2023-08-09T19:01,Sunny,0,31.8,67.29,0,32.51428571,65.05857143,0,117,226,0.23
Multan,30.1575,71.5249,8/10/2023,Thursday,8,Summer,0,37,30.3,33.1,42.3,34,Hot,0,0,0,No Rain,19.6,188,60.71,986.89,12.75,0,24.4,2023-08-10T05:38,2023-08-10T19:00,Sunny,0,32.8,63.79,0,32.67142857,63.79142857,0,84,62,1.16
Multan,30.1575,71.5249,8/11/2023,Friday,8,Summer,0,36.7,30,32.6,41.9,33.4,Hot,0,0,0,No Rain,17.4,195,60.46,987.62,2.08,0,23.82,2023-08-11T05:38,2023-08-11T18:59,Sunny,0,33.1,60.71,0,32.62857143,63.08857143,0,180,281,1.24
Multan,30.1575,71.5249,8/12/2023,Saturday,8,Summer,1,37.3,29.8,33,42.2,32.4,Hot,0,0,0,No Rain,19.5,192,58.96,985.27,21.83,0,23.83,2023-08-12T05:39,2023-08-12T18:59,Sunny,0,32.6,60.46,0,32.58571429,62.82142857,0,187,176,1.14
Multan,30.1575,71.5249,8/13/2023,Sunday,8,Summer,1,36.7,29.6,32.8,41,32.6,Hot,0,0,0,No Rain,19.8,188,59.62,982.35,5.21,0,23.74,2023-08-13T05:39,2023-08-13T18:58,Sunny,0,33,58.96,0,32.57142857,62.12428571,0,111,128,1.02
Multan,30.1575,71.5249,8/14/2023,Monday,8,Summer,0,36.3,30.2,32.8,41.5,33.9,Hot,0,0,0,No Rain,19.8,173,60.17,985.07,47.08,0,23.89,2023-08-14T05:40,2023-08-14T18:57,Moderate,3,32.8,59.62,0,32.7,61.57142857,0,161,282,1.35
Multan,30.1575,71.5249,8/15/2023,Tuesday,8,Summer,0,36.4,28.9,32.2,43.3,33.8,Hot,4.3,4.3,0,Light Rain,12.5,213,64.75,987.92,29.08,0,24.55,2023-08-15T05:41,2023-08-15T18:56,Rainy,1,32.8,60.17,0,32.75714286,61.20857143,0.614285714,185,237,1.4
Multan,30.1575,71.5249,8/16/2023,Wednesday,8,Summer,0,37.7,29.2,32.9,41.8,34.3,Hot,0,0,0,No Rain,18.5,198,61.21,988,25.67,0,24,2023-08-16T05:41,2023-08-16T18:55,Sunny,0,32.2,64.75,4.3,32.77142857,60.84,0.614285714,109,249,1.54
Multan,30.1575,71.5249,8/17/2023,Thursday,8,Summer,0,37.2,30,32.9,41.8,32.5,Hot,0,0,0,No Rain,19.7,196,59.79,987,1.92,0,23.93,2023-08-17T05:42,2023-08-17T18:54,Sunny,0,32.9,61.21,0,32.74285714,60.70857143,0.614285714,135,157,1.31
Multan,30.1575,71.5249,8/18/2023,Friday,8,Summer,0,37.3,29.1,32.7,42.5,33.5,Hot,0,0,0,No Rain,16.2,187,61.67,987.21,0.83,0,24.09,2023-08-18T05:42,2023-08-18T18:53,Sunny,0,32.9,59.79,0,32.75714286,60.88142857,0.614285714,75,228,1.55
Multan,30.1575,71.5249,8/19/2023,Saturday,8,Summer,1,39,29.4,33.7,45.2,34.1,Hot,0,0,0,No Rain,8.3,153,59.54,987.88,5.21,0,24.14,2023-08-19T05:43,2023-08-19T18:52,Sunny,0,32.7,61.67,0,32.85714286,60.96428571,0.614285714,82,231,1.42
Multan,30.1575,71.5249,8/20/2023,Sunday,8,Summer,1,38.6,29.3,33.8,44.6,34.9,Hot,0.1,0.1,0,Light Rain,11.4,102,61.92,988.42,46.88,0,25.12,2023-08-20T05:43,2023-08-20T18:51,Rainy,1,33.7,59.54,0,33,61.29285714,0.628571429,66,59,0.52
Multan,30.1575,71.5249,8/21/2023,Monday,8,Summer,0,39.6,29.7,34.5,46.4,37.1,Hot,0,0,0,No Rain,11.2,182,61.21,986.85,31.71,0,25.42,2023-08-21T05:44,2023-08-21T18:49,Moderate,3,33.8,61.92,0.1,33.24285714,61.44142857,0.628571429,65,215,1.33
Multan,30.1575,71.5249,8/22/2023,Tuesday,8,Summer,0,39.8,31.5,35.2,43.9,35.4,Very Hot,0,0,0,No Rain,22.4,202,52.67,984.1,8,0,23.87,2023-08-22T05:45,2023-08-22T18:48,Sunny,0,34.5,61.21,0,33.67142857,59.71571429,0.014285714,156,287,0.4
Multan,30.1575,71.5249,8/23/2023,Wednesday,8,Summer,0,37.5,29.9,33.3,41.2,32,Hot,0,0,0,No Rain,23.9,194,55.58,981.74,62.88,0,23.09,2023-08-23T05:45,2023-08-23T18:47,Moderate,3,35.2,52.67,0,33.72857143,58.91142857,0.014285714,172,298,0.89
Multan,30.1575,71.5249,8/24/2023,Thursday,8,Summer,0,35.3,27.7,31.2,40.2,30.1,Hot,0,0,0,No Rain,21.1,179,60.92,982.4,56.75,0,22.69,2023-08-24T05:46,2023-08-24T18:46,Moderate,3,33.3,55.58,0,33.48571429,59.07285714,0.014285714,30,294,0.27
Multan,30.1575,71.5249,8/25/2023,Friday,8,Summer,0,35.7,28.5,31.4,40.7,32.2,Hot,0,0,0,No Rain,18.3,178,64.33,983.28,23.21,0,23.59,2023-08-25T05:46,2023-08-25T18:45,Sunny,0,31.2,60.92,0,33.3,59.45285714,0.014285714,126,49,1.65
Multan,30.1575,71.5249,8/26/2023,Saturday,8,Summer,1,34.5,26,30.2,40.1,30.5,Hot,4.6,4.6,0,Light Rain,17.6,215,71.75,985.91,57.83,0,24.3,2023-08-26T05:47,2023-08-26T18:44,Rainy,1,31.4,64.33,0,32.8,61.19714286,0.671428571,98,60,1.19
Multan,30.1575,71.5249,8/27/2023,Sunday,8,Summer,1,35.8,27.1,31.3,41,32.9,Hot,0,0,0,No Rain,14.2,196,66.96,985.98,19.5,0,24.03,2023-08-27T05:47,2023-08-27T18:43,Sunny,0,30.2,71.75,4.6,32.44285714,61.91714286,0.657142857,114,201,0.97
Multan,30.1575,71.5249,8/28/2023,Monday,8,Summer,0,35.8,28.9,31.5,40.4,31.5,Hot,0,0,0,No Rain,18.9,183,61.21,984.61,2.08,0,22.95,2023-08-28T05:48,2023-08-28T18:42,Sunny,0,31.3,66.96,0,32.01428571,61.91714286,0.657142857,42,61,1.62
Multan,30.1575,71.5249,8/29/2023,Tuesday,8,Summer,0,35.4,27.7,31.1,41.2,31.3,Hot,0,0,0,No Rain,15.2,190,62.46,988.23,0.62,0,22.97,2023-08-29T05:49,2023-08-29T18:41,Sunny,0,31.5,61.21,0,31.42857143,63.31571429,0.657142857,85,232,0.63
Multan,30.1575,71.5249,8/30/2023,Wednesday,8,Summer,0,37.3,26.6,31.9,42.8,32.2,Hot,0,0,0,No Rain,11.4,179,64.54,989.87,1.83,0,23.82,2023-08-30T05:49,2023-08-30T18:40,Sunny,0,31.1,62.46,0,31.22857143,64.59571429,0.657142857,40,37,1.27
Multan,30.1575,71.5249,8/31/2023,Thursday,8,Summer,0,37.2,28.4,32.3,41.6,32.1,Hot,0,0,0,No Rain,20.7,196,61.38,990.13,0.33,0,23.63,2023-08-31T05:50,2023-08-31T18:38,Sunny,0,31.9,64.54,0,31.38571429,64.66142857,0.657142857,57,102,1.57
Multan,30.1575,71.5249,9/1/2023,Friday,9,Autumn,0,36.7,29,31.9,39.7,30.3,Hot,0,0,0,No Rain,22.7,195,54.21,989.84,0.25,0,21.33,2023-09-01T05:50,2023-09-01T18:37,Sunny,0,32.3,61.38,0,31.45714286,63.21571429,0.657142857,134,31,1.89
Multan,30.1575,71.5249,9/2/2023,Saturday,9,Autumn,1,36,28.3,31.3,38.9,29.5,Hot,0,0,0,No Rain,21.5,195,53.96,988.57,0.42,0,20.7,2023-09-02T05:51,2023-09-02T18:36,Sunny,0,31.9,54.21,0,31.61428571,60.67428571,0,51,98,0.68
Multan,30.1575,71.5249,9/3/2023,Sunday,9,Autumn,1,35.2,27.4,30.6,38.9,29,Hot,0,0,0,No Rain,17.8,192,56.42,987.72,1.62,0,20.79,2023-09-03T05:51,2023-09-03T18:35,Sunny,0,31.3,53.96,0,31.51428571,59.16857143,0,111,54,1.78
Multan,30.1575,71.5249,9/4/2023,Monday,9,Autumn,0,35.8,27.8,31,40.1,30.2,Hot,0,0,0,No Rain,16.1,197,58.88,987.43,0.5,0,21.89,2023-09-04T05:52,2023-09-04T18:34,Sunny,0,30.6,56.42,0,31.44285714,58.83571429,0,180,241,1.45
Multan,30.1575,71.5249,9/5/2023,Tuesday,9,Autumn,0,36.5,26.9,30.9,42.1,30.2,Hot,0,0,0,No Rain,12.6,178,63.04,989.01,2.62,0,22.75,2023-09-05T05:52,2023-09-05T18:32,Sunny,0,31,58.88,0,31.41428571,58.91857143,0,100,90,1.01
Multan,30.1575,71.5249,9/6/2023,Wednesday,9,Autumn,0,37.5,27.1,31.9,43.8,31.9,Hot,0,0,0,No Rain,9,151,61.54,989.87,5.58,0,23.05,2023-09-06T05:53,2023-09-06T18:31,Sunny,0,30.9,63.04,0,31.41428571,58.49,0,91,196,1.34
Multan,30.1575,71.5249,9/7/2023,Thursday,9,Autumn,0,38,26.9,32.3,43.6,30.6,Hot,0,0,0,No Rain,10.8,119,55.38,989.38,1.67,0,21.62,2023-09-07T05:54,2023-09-07T18:30,Sunny,0,31.9,61.54,0,31.41428571,57.63285714,0,112,92,1.76
Multan,30.1575,71.5249,9/8/2023,Friday,9,Autumn,0,38.8,26.6,32.7,43.3,30.5,Hot,0,0,0,No Rain,9.1,146,53.54,988.5,1.67,0,21.42,2023-09-08T05:54,2023-09-08T18:29,Sunny,0,32.3,55.38,0,31.52857143,57.53714286,0,97,184,1.05
Multan,30.1575,71.5249,9/9/2023,Saturday,9,Autumn,1,38.7,26.6,32.5,43.2,29.1,Hot,0,0,0,No Rain,14,124,50.75,987.43,0.62,0,20.69,2023-09-09T05:55,2023-09-09T18:27,Sunny,0,32.7,53.54,0,31.7,57.07857143,0,38,50,1.02
Multan,30.1575,71.5249,9/10/2023,Sunday,9,Autumn,1,38.5,28.6,32.8,43.2,30.8,Hot,0,0,0,No Rain,14,132,53.38,985.51,0,0,21.74,2023-09-10T05:55,2023-09-10T18:26,Sunny,0,32.5,50.75,0,32.01428571,56.64428571,0,80,147,1.97
Multan,30.1575,71.5249,9/11/2023,Monday,9,Autumn,0,38.7,28.8,33.2,43.2,32.1,Hot,0,0,0,No Rain,15.6,123,54.75,986.07,0.54,0,22.44,2023-09-11T05:56,2023-09-11T18:25,Sunny,0,32.8,53.38,0,32.32857143,56.05428571,0,30,292,0.72
Multan,30.1575,71.5249,9/12/2023,Tuesday,9,Autumn,0,39.4,29.6,33.6,44.3,31.4,Hot,0,0,0,No Rain,15,146,49.46,986.31,0,0,21.3,2023-09-12T05:56,2023-09-12T18:24,Sunny,0,33.2,54.75,0,32.71428571,54.11428571,0,200,144,0.73
Multan,30.1575,71.5249,9/13/2023,Wednesday,9,Autumn,0,39.2,29.3,33.6,43.2,32.2,Hot,0,0,0,No Rain,10.5,180,51.79,986.36,0.54,0,21.93,2023-09-13T05:57,2023-09-13T18:22,Sunny,0,33.6,49.46,0,32.95714286,52.72142857,0,171,147,1.61
Multan,30.1575,71.5249,9/14/2023,Thursday,9,Autumn,0,39,29.5,33.8,43.1,33.2,Hot,0,0,0,No Rain,14.1,188,52.54,987.69,7.21,0,22.36,2023-09-14T05:57,2023-09-14T18:21,Sunny,0,33.6,51.79,0,33.17142857,52.31571429,0,114,82,0.29
Multan,30.1575,71.5249,9/15/2023,Friday,9,Autumn,0,39,29.5,34.1,43,34,Hot,0,0,0,No Rain,14.6,154,51.08,988.47,31.71,0,22.26,2023-09-15T05:58,2023-09-15T18:20,Moderate,3,33.8,52.54,0,33.37142857,51.96428571,0,95,100,0.94
Multan,30.1575,71.5249,9/16/2023,Saturday,9,Autumn,1,36.7,28.2,32.8,41.6,33.4,Hot,0.2,0.2,0,Light Rain,14.3,124,59.62,988.98,7.08,0,23.55,2023-09-16T05:58,2023-09-16T18:19,Rainy,1,34.1,51.08,0,33.41428571,53.23142857,0.028571429,48,77,1.04
Multan,30.1575,71.5249,9/17/2023,Sunday,9,Autumn,1,36.5,28.2,32.3,40.4,33,Hot,0,0,0,No Rain,16.3,87,59.83,987.85,6.08,0,23.15,2023-09-17T05:59,2023-09-17T18:17,Sunny,0,32.8,59.62,0.2,33.34285714,54.15285714,0.028571429,65,209,1.19
Multan,30.1575,71.5249,9/18/2023,Monday,9,Autumn,0,35.1,27.5,30.8,38.3,30.8,Hot,0.7,0.7,0,Light Rain,20.5,57,62.67,988.33,7.71,0,22.7,2023-09-18T05:59,2023-09-18T18:16,Rainy,1,32.3,59.83,0,33,55.28428571,0.128571429,27,229,1.51
Multan,30.1575,71.5249,9/19/2023,Tuesday,9,Autumn,0,33.5,25.2,29.3,37.2,29.3,Hot,1.3,1.3,0,Light Rain,18.4,61,73.25,991.05,24.25,0,23.78,2023-09-19T06:00,2023-09-19T18:15,Rainy,1,30.8,62.67,0.7,32.38571429,58.68285714,0.314285714,153,254,1.34
Multan,30.1575,71.5249,9/20/2023,Wednesday,9,Autumn,0,34.5,24.9,29.6,40.2,29,Hot,0.3,0.3,0,Light Rain,12.9,89,73.46,991.81,14.46,0,24.1,2023-09-20T06:01,2023-09-20T18:14,Rainy,1,29.3,73.25,1.3,31.81428571,61.77857143,0.357142857,24,199,0.48
Multan,30.1575,71.5249,9/21/2023,Thursday,9,Autumn,0,36,26.5,31.6,41.5,32.2,Hot,0,0,0,No Rain,10.9,161,67.25,990.27,10.58,0,24.29,2023-09-21T06:01,2023-09-21T18:12,Sunny,0,29.6,73.46,0.3,31.5,63.88,0.357142857,96,244,0.76
Multan,30.1575,71.5249,9/22/2023,Friday,9,Autumn,0,38,29,33.1,41.4,32.7,Hot,0,0,0,No Rain,17.7,187,55.92,989.21,4.96,0,22.7,2023-09-22T06:02,2023-09-22T18:11,Sunny,0,31.6,67.25,0,31.35714286,64.57142857,0.357142857,195,212,1.17
Multan,30.1575,71.5249,9/23/2023,Saturday,9,Autumn,1,37.2,29.9,32.7,41.9,32.8,Hot,0,0,0,No Rain,19.3,204,56.29,989.92,6.5,0,22.71,2023-09-23T06:02,2023-09-23T18:10,Sunny,0,33.1,55.92,0,31.34285714,64.09571429,0.328571429,124,83,0.74
Multan,30.1575,71.5249,9/24/2023,Sunday,9,Autumn,1,34.9,26.6,30.5,40.8,30.1,Hot,0.1,0.1,0,Light Rain,15.8,45,64.71,990.32,7.42,0,22.81,2023-09-24T06:03,2023-09-24T18:09,Rainy,1,32.7,56.29,0,31.08571429,64.79285714,0.342857143,166,63,1.12
Multan,30.1575,71.5249,9/25/2023,Monday,9,Autumn,0,33.7,26.5,29.8,37.1,31,Hot,0,0,0,No Rain,17.2,28,62.62,991.13,4.67,0,21.66,2023-09-25T06:03,2023-09-25T18:07,Sunny,0,30.5,64.71,0.1,30.94285714,64.78571429,0.242857143,29,120,0.16
Multan,30.1575,71.5249,9/26/2023,Tuesday,9,Autumn,0,34.2,25.5,29.4,38.4,29.1,Hot,0,0,0,No Rain,9.1,58,61.88,993.58,5.29,0,20.86,2023-09-26T06:04,2023-09-26T18:06,Sunny,0,29.8,62.62,0,30.95714286,63.16142857,0.057142857,117,203,1.79
Multan,30.1575,71.5249,9/27/2023,Wednesday,9,Autumn,0,36.2,24.4,30.1,39.5,27.7,Hot,0,0,0,No Rain,9.3,167,54.25,992.85,3.08,0,19.13,2023-09-27T06:04,2023-09-27T18:05,Sunny,0,29.4,61.88,0,31.02857143,60.41714286,0.014285714,130,261,1.63
Multan,30.1575,71.5249,9/28/2023,Thursday,9,Autumn,0,37.5,24.8,30.2,38.1,26.2,Hot,0,0,0,No Rain,14.6,184,44.54,991.01,0.21,0,15.96,2023-09-28T06:05,2023-09-28T18:04,Sunny,0,30.1,54.25,0,30.82857143,57.17285714,0.014285714,135,35,1.28
Multan,30.1575,71.5249,9/29/2023,Friday,9,Autumn,0,34.5,25,29.2,36.1,24,Hot,0,0,0,No Rain,18.8,338,44.54,990.81,0.29,0,15.74,2023-09-29T06:06,2023-09-29T18:02,Sunny,0,30.2,44.54,0,30.27142857,55.54714286,0.014285714,107,281,1.76
Multan,30.1575,71.5249,9/30/2023,Saturday,9,Autumn,1,34.2,23.1,27.8,37.2,22.3,Hot,0,0,0,No Rain,17.3,11,51.58,993.66,0.21,0,16.57,2023-09-30T06:06,2023-09-30T18:01,Sunny,0,29.2,44.54,0,29.57142857,54.87428571,0.014285714,141,223,1.15
Multan,30.1575,71.5249,10/1/2023,Sunday,10,Autumn,1,35,21.8,27.9,37.2,23.1,Hot,0,0,0,No Rain,10.5,169,50.04,992.02,0.75,0,15.62,2023-10-01T06:07,2023-10-01T18:00,Sunny,0,27.8,51.58,0,29.2,52.77857143,0,103,210,1.77
Multan,30.1575,71.5249,10/2/2023,Monday,10,Autumn,0,35.9,21.3,28.1,35.6,21.6,Hot,0,0,0,No Rain,15.5,173,42.29,991.76,0,0,13.1,2023-10-02T06:07,2023-10-02T17:59,Sunny,0,27.9,50.04,0,28.95714286,49.87428571,0,39,73,1.4
Multan,30.1575,71.5249,10/3/2023,Tuesday,10,Autumn,0,35.5,20.8,27.3,37.1,21.2,Hot,0,0,0,No Rain,10.7,153,45.96,993.32,0,0,14.03,2023-10-03T06:08,2023-10-03T17:57,Sunny,0,28.1,42.29,0,28.65714286,47.6,0,129,83,1.94
Multan,30.1575,71.5249,10/4/2023,Wednesday,10,Autumn,0,34.9,20.8,26.9,36.4,20.4,Hot,0,0,0,No Rain,10.1,163,49.62,992.87,0,0,14.9,2023-10-04T06:08,2023-10-04T17:56,Sunny,0,27.3,45.96,0,28.2,46.93857143,0,32,90,0.26
Multan,30.1575,71.5249,10/5/2023,Thursday,10,Autumn,0,35.6,20.8,27.5,38.3,22.3,Hot,0,0,0,No Rain,9.2,164,55.25,991.86,0,0,17.01,2023-10-05T06:09,2023-10-05T17:55,Sunny,0,26.9,49.62,0,27.81428571,48.46857143,0,194,141,1.21
Multan,30.1575,71.5249,10/6/2023,Friday,10,Autumn,0,36.9,23,30,39.5,23,Hot,0,0,0,No Rain,15.3,190,52.71,989.45,0.04,0,19.11,2023-10-06T06:10,2023-10-06T17:54,Sunny,0,27.5,55.25,0,27.92857143,49.63571429,0,151,69,0.72
Multan,30.1575,71.5249,10/7/2023,Saturday,10,Autumn,1,36.5,26.6,30.9,41.3,29.5,Hot,0,0,0,No Rain,14.7,205,58.75,990.51,0.79,0,21.65,2023-10-07T06:10,2023-10-07T17:53,Sunny,0,30,52.71,0,28.37142857,50.66,0,127,109,0.19
Multan,30.1575,71.5249,10/8/2023,Sunday,10,Autumn,1,36.8,25.8,30.7,41.5,29.9,Hot,0,0,0,No Rain,9,142,61.88,992.04,1.38,0,22.07,2023-10-08T06:11,2023-10-08T17:52,Sunny,0,30.9,58.75,0,28.77142857,52.35142857,0,85,86,0.83
Multan,30.1575,71.5249,10/9/2023,Monday,10,Autumn,0,35.7,24.9,29.5,37.7,26.2,Hot,0,0,0,No Rain,11.3,163,57.29,991.94,0.33,0,19.23,2023-10-09T06:11,2023-10-09T17:50,Sunny,0,30.7,61.88,0,28.97142857,54.49428571,0,41,87,0.14
Multan,30.1575,71.5249,10/10/2023,Tuesday,10,Autumn,0,34.1,23.2,27.9,35.2,23.8,Hot,0,0,0,No Rain,16.9,22,56.92,995.88,0,0,18.13,2023-10-10T06:12,2023-10-10T17:49,Sunny,0,29.5,57.29,0,29.05714286,56.06,0,76,271,0.92
Multan,30.1575,71.5249,10/11/2023,Wednesday,10,Autumn,0,34.1,21.9,27.6,36.1,23.6,Hot,0,0,0,No Rain,12.3,148,55.79,996.38,0,0,17.49,2023-10-11T06:13,2023-10-11T17:48,Sunny,0,27.9,56.92,0,29.15714286,56.94142857,0,45,85,1.67
Multan,30.1575,71.5249,10/12/2023,Thursday,10,Autumn,0,36,23.4,28.3,35.8,23.9,Hot,0,0,0,No Rain,15,167,50.58,995.98,0,0,16.27,2023-10-12T06:13,2023-10-12T17:47,Sunny,0,27.6,55.79,0,29.27142857,56.27428571,0,78,57,0.3
Multan,30.1575,71.5249,10/13/2023,Friday,10,Autumn,0,36.8,23.9,29.5,36.4,24.6,Hot,0,0,0,No Rain,22.9,195,45.21,996.04,0.25,0,15.79,2023-10-13T06:14,2023-10-13T17:46,Sunny,0,28.3,50.58,0,29.2,55.20285714,0,200,32,0.54
Multan,30.1575,71.5249,10/14/2023,Saturday,10,Autumn,1,33.8,26,29.3,35,25.1,Hot,0,0,0,No Rain,18.9,260,45.33,995.22,2.54,0,16.1,2023-10-14T06:15,2023-10-14T17:45,Sunny,0,29.5,45.21,0,28.97142857,53.28571429,0,136,290,0.71
Multan,30.1575,71.5249,10/15/2023,Sunday,10,Autumn,1,31.5,21.6,26.1,34.3,21.3,Hot,0.1,0.1,0,Light Rain,25.8,29,61.08,995.62,22.75,0,17.56,2023-10-15T06:15,2023-10-15T17:44,Rainy,1,29.3,45.33,0,28.31428571,53.17142857,0.014285714,150,298,0.12
Multan,30.1575,71.5249,10/16/2023,Monday,10,Autumn,0,28.5,19.2,23.1,29.7,19.3,Moderate,16.1,16.1,0,Heavy Rain,24.8,20,74.67,995.59,32.54,0,18,2023-10-16T06:16,2023-10-16T17:42,Rainy,1,26.1,61.08,0.1,27.4,55.65428571,2.314285714,90,270,0.9
Multan,30.1575,71.5249,10/17/2023,Tuesday,10,Autumn,0,27,18.2,22.1,27.1,18.1,Moderate,7.5,7.5,0,Light Rain,20.5,10,72.83,1000.73,32.83,0,16.5,2023-10-17T06:17,2023-10-17T17:41,Rainy,1,23.1,74.67,16.1,26.57142857,57.92714286,3.385714286,143,120,0.52
Multan,30.1575,71.5249,10/18/2023,Wednesday,10,Autumn,0,27.3,17.5,22.2,29.5,17.7,Moderate,0,0,0,No Rain,12.2,7,69.96,1002.53,4.04,0,16.13,2023-10-18T06:17,2023-10-18T17:40,Sunny,0,22.1,72.83,7.5,25.8,59.95142857,3.385714286,38,264,1.71
Multan,30.1575,71.5249,10/19/2023,Thursday,10,Autumn,0,30.4,18.8,24.2,31.5,19.9,Moderate,0,0,0,No Rain,11.9,109,62.58,1000.39,8.46,0,16.18,2023-10-19T06:18,2023-10-19T17:39,Sunny,0,22.2,69.96,0,25.21428571,61.66571429,3.385714286,164,109,1.87
Multan,30.1575,71.5249,10/20/2023,Friday,10,Autumn,0,29.7,20.1,24.8,31.7,20.7,Moderate,0.9,0.9,0,Light Rain,12.9,127,64.62,1000.55,16.62,0,17.55,2023-10-20T06:19,2023-10-20T17:38,Rainy,1,24.2,62.58,0,24.54285714,64.43857143,3.514285714,95,49,0.55
Multan,30.1575,71.5249,10/21/2023,Saturday,10,Autumn,1,28,20.6,23.6,31.7,21.5,Moderate,20.5,20.5,0,Heavy Rain,23.9,91,69.46,1000.98,38.38,0,17.57,2023-10-21T06:19,2023-10-21T17:37,Rainy,1,24.8,64.62,0.9,23.72857143,67.88571429,6.442857143,30,41,1.32
Multan,30.1575,71.5249,10/22/2023,Sunday,10,Autumn,1,28,19.2,23,31.1,20.8,Moderate,3.4,3.4,0,Light Rain,24.9,44,74.96,1001.87,21.92,0,18.14,2023-10-22T06:20,2023-10-22T17:36,Rainy,1,23.6,69.46,20.5,23.28571429,69.86857143,6.914285714,150,160,1.48
Multan,30.1575,71.5249,10/23/2023,Monday,10,Autumn,0,30.7,19.4,24.5,32.9,20.9,Moderate,0,0,0,No Rain,9.7,334,67.04,1000.54,11.83,0,17.35,2023-10-23T06:21,2023-10-23T17:35,Sunny,0,23,74.96,3.4,23.48571429,68.77857143,4.614285714,137,130,1.43
Multan,30.1575,71.5249,10/24/2023,Tuesday,10,Autumn,0,31.1,19.2,24.7,32.5,20.7,Moderate,0.1,0.1,0,Light Rain,12.3,110,61.38,999.43,10.42,0,16.11,2023-10-24T06:21,2023-10-24T17:34,Rainy,1,24.5,67.04,0,23.85714286,67.14285714,3.557142857,120,156,1.95
Multan,30.1575,71.5249,10/25/2023,Wednesday,10,Autumn,0,31.6,19,24.8,33.3,20.2,Moderate,0,0,0,No Rain,8.6,98,61.5,1000.84,0.33,0,16.14,2023-10-25T06:22,2023-10-25T17:33,Sunny,0,24.7,61.38,0.1,24.22857143,65.93428571,3.557142857,112,40,1.97
Multan,30.1575,71.5249,10/26/2023,Thursday,10,Autumn,0,32.6,19.8,25.2,33,21.2,Hot,0,0,0,No Rain,11.2,169,60.58,999.35,0,0,16.22,2023-10-26T06:23,2023-10-26T17:32,Sunny,0,24.8,61.5,0,24.37142857,65.64857143,3.557142857,68,80,0.45
Multan,30.1575,71.5249,10/27/2023,Friday,10,Autumn,0,32,18.8,25,32.4,18.7,Moderate,0,0,0,No Rain,8,171,55.17,997.72,47.38,0,14.8,2023-10-27T06:24,2023-10-27T17:31,Moderate,3,25.2,60.58,0,24.4,64.29857143,3.428571429,178,238,1.33
Multan,30.1575,71.5249,10/28/2023,Saturday,10,Autumn,1,32.2,20.9,25.8,33,22,Hot,0,0,0,No Rain,11.5,340,55.5,998.11,80.75,0,15.62,2023-10-28T06:24,2023-10-28T17:30,Cloudy,2,25,55.17,0,24.71428571,62.30428571,0.5,190,32,0.52
Multan,30.1575,71.5249,10/29/2023,Sunday,10,Autumn,1,32.8,19.6,25.5,34.6,20.4,Hot,0,0,0,No Rain,8.8,60,55.58,998.5,0.5,0,15.28,2023-10-29T06:25,2023-10-29T17:30,Sunny,0,25.8,55.5,0,25.07142857,59.53571429,0.014285714,162,37,1.91
Multan,30.1575,71.5249,10/30/2023,Monday,10,Autumn,0,33.5,19.9,25.9,34.3,20.7,Hot,0,0,0,No Rain,12.2,159,57.58,999.17,14.5,0,16.22,2023-10-30T06:26,2023-10-30T17:29,Sunny,0,25.5,55.58,0,25.27142857,58.18428571,0.014285714,179,89,1.01
Multan,30.1575,71.5249,10/31/2023,Tuesday,10,Autumn,0,32.9,19.7,25.1,33.7,20.6,Hot,0.3,0.3,0,Light Rain,10.3,114,59.42,1000.56,4.75,0,15.93,2023-10-31T06:27,2023-10-31T17:28,Rainy,1,25.9,57.58,0,25.32857143,57.90428571,0.042857143,25,72,1.99
Multan,30.1575,71.5249,11/1/2023,Wednesday,11,Autumn,0,32,19.3,24.5,34,20.8,Moderate,0.6,0.6,0,Light Rain,15.7,65,62.25,1001.69,11.54,0,16.24,2023-11-01T06:27,2023-11-01T17:27,Rainy,1,25.1,59.42,0.3,25.28571429,58.01142857,0.128571429,195,108,1.96
Multan,30.1575,71.5249,11/2/2023,Thursday,11,Autumn,0,31.2,18.4,24.4,31.8,20.3,Moderate,0,0,0,No Rain,10.8,293,66.29,1000.17,10.21,0,17.03,2023-11-02T06:28,2023-11-02T17:26,Sunny,0,24.5,62.25,0.6,25.17142857,58.82714286,0.128571429,114,243,1.45
Multan,30.1575,71.5249,11/3/2023,Friday,11,Autumn,0,30.1,19.5,24.1,32.1,18.3,Moderate,0,0,0,No Rain,20.8,46,61.29,997.88,4.5,0,15.72,2023-11-03T06:29,2023-11-03T17:25,Sunny,0,24.4,66.29,0,25.04285714,59.70142857,0.128571429,159,276,1.98
Multan,30.1575,71.5249,11/4/2023,Saturday,11,Autumn,1,31.7,17.1,24,32.5,17.3,Moderate,0,0,0,No Rain,9.3,86,59.5,997.84,40.79,0,14.91,2023-11-04T06:30,2023-11-04T17:25,Moderate,3,24.1,61.29,0,24.78571429,60.27285714,0.128571429,104,47,1.17
Multan,30.1575,71.5249,11/5/2023,Sunday,11,Autumn,1,31.5,17.8,24.5,31.9,18.9,Moderate,0,0,0,No Rain,9.2,70,58.42,999.22,6.21,0,14.75,2023-11-05T06:30,2023-11-05T17:24,Sunny,0,24,59.5,0,24.64285714,60.67857143,0.128571429,94,253,0.41
Multan,30.1575,71.5249,11/6/2023,Monday,11,Autumn,0,30.5,18.1,23.7,30.8,17.6,Moderate,0,0,0,No Rain,9.1,68,53.25,1000.37,44.04,0,13.15,2023-11-06T06:31,2023-11-06T17:23,Moderate,3,24.5,58.42,0,24.32857143,60.06,0.128571429,49,45,0.65
Multan,30.1575,71.5249,11/7/2023,Tuesday,11,Autumn,0,28.5,18.4,22.4,29.7,19.3,Moderate,0.3,0.3,0,Light Rain,17.1,2,70.88,1000.65,45.75,0,16.53,2023-11-07T06:32,2023-11-07T17:22,Rainy,1,23.7,53.25,0,23.94285714,61.69714286,0.128571429,199,225,0.88
Multan,30.1575,71.5249,11/8/2023,Wednesday,11,Autumn,0,29.1,17.1,22.9,30.2,17.5,Moderate,0.1,0.1,0,Light Rain,9.8,344,66.96,999.64,9.04,0,15.9,2023-11-08T06:33,2023-11-08T17:22,Rainy,1,22.4,70.88,0.3,23.71428571,62.37,0.057142857,112,240,1.82
Multan,30.1575,71.5249,11/9/2023,Thursday,11,Autumn,0,28.9,17.6,22.7,29.9,19.1,Moderate,2.3,2.3,0,Light Rain,14.3,189,68.42,998.63,6.88,0,16.26,2023-11-09T06:34,2023-11-09T17:21,Rainy,1,22.9,66.96,0.1,23.47142857,62.67428571,0.385714286,79,202,1.28
Multan,30.1575,71.5249,11/10/2023,Friday,11,Autumn,0,25.2,16.8,20.6,23.8,16.4,Moderate,0.1,0.1,0,Light Rain,19.5,355,69.79,1001.56,16.62,0,14.5,2023-11-10T06:34,2023-11-10T17:20,Rainy,1,22.7,68.42,2.3,22.97142857,63.88857143,0.4,106,207,0.14
Multan,30.1575,71.5249,11/11/2023,Saturday,11,Autumn,1,25.7,14.3,19,25.2,14.3,Moderate,0,0,0,No Rain,8.4,6,75.04,1004.79,0,0,13.83,2023-11-11T06:35,2023-11-11T17:20,Sunny,0,20.6,69.79,0.1,22.25714286,66.10857143,0.4,179,280,0.9
Multan,30.1575,71.5249,11/12/2023,Sunday,11,Autumn,1,27,14.4,20,26.9,14.5,Moderate,0,0,0,No Rain,8.4,160,71.29,1003.85,0.21,0,14.04,2023-11-12T06:36,2023-11-12T17:19,Sunny,0,19,75.04,0,21.61428571,67.94714286,0.4,173,242,1.81
Multan,30.1575,71.5249,11/13/2023,Monday,11,Autumn,0,27,14.6,20.5,26.7,15,Moderate,0,0,0,No Rain,9.2,176,65.33,1003.35,34.5,0,13,2023-11-13T06:37,2023-11-13T17:19,Moderate,3,20,71.29,0,21.15714286,69.67285714,0.4,103,141,1.06
Multan,30.1575,71.5249,11/14/2023,Tuesday,11,Autumn,0,27.3,14.3,20.5,27.5,14.4,Moderate,0,0,0,No Rain,9.7,356,67.58,1003.5,2.83,0,13.71,2023-11-14T06:38,2023-11-14T17:18,Sunny,0,20.5,65.33,0,20.88571429,69.20142857,0.357142857,82,192,0.98
Multan,30.1575,71.5249,11/15/2023,Wednesday,11,Autumn,0,27.8,14.1,20.1,26.8,14.5,Moderate,0,0,0,No Rain,10.4,20,67.92,1003.3,15.33,0,12.9,2023-11-15T06:38,2023-11-15T17:18,Sunny,0,20.5,67.58,0,20.48571429,69.33857143,0.342857143,34,154,1.09
Multan,30.1575,71.5249,11/16/2023,Thursday,11,Autumn,0,28,13.6,20.1,27.2,13.3,Moderate,0,0,0,No Rain,9.1,137,62.58,1003.55,23.71,0,11.66,2023-11-16T06:39,2023-11-16T17:17,Sunny,0,20.1,67.92,0,20.11428571,68.50428571,0.014285714,152,89,0.15
Multan,30.1575,71.5249,11/17/2023,Friday,11,Autumn,0,26.7,13.5,19.5,26.1,13.5,Moderate,0,0,0,No Rain,9.8,360,64.21,1004.2,44.71,0,11.63,2023-11-17T06:40,2023-11-17T17:17,Moderate,3,20.1,62.58,0,19.95714286,67.70714286,0,57,228,1.14
Multan,30.1575,71.5249,11/18/2023,Saturday,11,Autumn,1,26.8,13.7,20.4,25.9,13.4,Moderate,0,0,0,No Rain,8.9,81,58.79,1001.86,53.08,0,11.15,2023-11-18T06:41,2023-11-18T17:16,Moderate,3,19.5,64.21,0,20.15714286,65.38571429,0,154,258,1.06
Multan,30.1575,71.5249,11/19/2023,Sunday,11,Autumn,1,27.1,14.9,20.5,26.3,14.6,Moderate,0,0,0,No Rain,8.8,80,57.29,1002.47,5.58,0,11,2023-11-19T06:42,2023-11-19T17:16,Sunny,0,20.4,58.79,0,20.22857143,63.38571429,0,148,248,0.21
Multan,30.1575,71.5249,11/20/2023,Monday,11,Autumn,0,26,13.7,19,25.3,13.7,Moderate,0,0,0,No Rain,8.8,350,64.25,1003.72,0.5,0,11.4,2023-11-20T06:43,2023-11-20T17:15,Sunny,0,20.5,57.29,0,20.01428571,63.23142857,0,38,216,0.94
Multan,30.1575,71.5249,11/21/2023,Tuesday,11,Autumn,0,25.5,12.1,18.8,24.2,11.3,Moderate,0,0,0,No Rain,9.4,5,61.75,1002.88,27.08,0,10.33,2023-11-21T06:43,2023-11-21T17:15,Sunny,0,19,64.25,0,19.77142857,62.39857143,0,32,158,1.95
Multan,30.1575,71.5249,11/22/2023,Wednesday,11,Autumn,0,26.9,12.2,19.3,26,11.2,Moderate,0,0,0,No Rain,12,173,64.92,999.01,0,0,12.02,2023-11-22T06:44,2023-11-22T17:15,Sunny,0,18.8,61.75,0,19.65714286,61.97,0,64,63,0.68
Multan,30.1575,71.5249,11/23/2023,Thursday,11,Autumn,0,26.5,14.3,19.6,26.1,14.1,Moderate,0,0,0,No Rain,12.2,151,66.17,997.39,0.04,0,12.47,2023-11-23T06:45,2023-11-23T17:14,Sunny,0,19.3,64.92,0,19.58571429,62.48285714,0,102,140,1.17
Multan,30.1575,71.5249,11/24/2023,Friday,11,Autumn,0,26.5,13.8,19.5,25.3,13,Moderate,0,0,0,No Rain,10.7,14,66.83,1002.22,49.33,0,12.5,2023-11-24T06:46,2023-11-24T17:14,Moderate,3,19.6,66.17,0,19.58571429,62.85714286,0,55,253,0.59
Multan,30.1575,71.5249,11/25/2023,Saturday,11,Autumn,1,26,14.8,19.9,26.4,14.9,Moderate,0,0,0,No Rain,8.1,22,69.96,1002.58,91.12,0,13.64,2023-11-25T06:47,2023-11-25T17:14,Cloudy,2,19.5,66.83,0,19.51428571,64.45285714,0,39,139,0.29
Multan,30.1575,71.5249,11/26/2023,Sunday,11,Autumn,1,24.6,14.8,19.5,24.5,15,Moderate,0,0,0,No Rain,9.4,44,66.58,1002.54,100,0,12.53,2023-11-26T06:48,2023-11-26T17:14,Cloudy,2,19.9,69.96,0,19.37142857,65.78,0,92,246,0.35
Multan,30.1575,71.5249,11/27/2023,Monday,11,Autumn,0,24.4,15.8,19.1,23.4,15.6,Moderate,0,0,0,No Rain,14.3,11,69.58,1001.57,64.33,0,13.12,2023-11-27T06:49,2023-11-27T17:14,Moderate,3,19.5,66.58,0,19.38571429,66.54142857,0,162,154,0.71
Multan,30.1575,71.5249,11/28/2023,Tuesday,11,Autumn,0,25.2,14.1,18.6,23.6,13.8,Moderate,0.1,0.1,0,Light Rain,16.4,16,70.92,1001.15,12.67,0,12.58,2023-11-28T06:49,2023-11-28T17:13,Rainy,1,19.1,69.58,0,19.35714286,67.85142857,0.014285714,200,120,1.65
Multan,30.1575,71.5249,11/29/2023,Wednesday,11,Autumn,0,26,13.6,19.1,26,13.5,Moderate,0,0,0,No Rain,8.2,74,69.29,1000.93,4.46,0,12.64,2023-11-29T06:50,2023-11-29T17:13,Sunny,0,18.6,70.92,0.1,19.32857143,68.47571429,0.014285714,114,91,0.91
Multan,30.1575,71.5249,11/30/2023,Thursday,11,Autumn,0,25,13.7,19.2,25.4,13.6,Moderate,0.1,0.1,0,Light Rain,11.2,69,65.83,1001.57,5.92,0,12.03,2023-11-30T06:51,2023-11-30T17:13,Rainy,1,19.1,69.29,0,19.27142857,68.42714286,0.028571429,74,71,0.43
Multan,30.1575,71.5249,12/1/2023,Friday,12,Winter,0,23.8,13.5,17.7,22.8,12.6,Moderate,0,0,0,No Rain,12.6,9,72.17,1004.07,0,0,12.28,2023-12-01T06:52,2023-12-01T17:13,Sunny,0,19.2,65.83,0.1,19.01428571,69.19,0.028571429,55,130,0.22
Multan,30.1575,71.5249,12/2/2023,Saturday,12,Winter,1,25,12.2,17.8,23.7,11.4,Moderate,0,0,0,No Rain,9,354,68.67,1003.7,0,0,11.12,2023-12-02T06:53,2023-12-02T17:13,Sunny,0,17.7,72.17,0,18.71428571,69.00571429,0.028571429,149,296,0.26
Multan,30.1575,71.5249,12/3/2023,Sunday,12,Winter,1,24.6,11.6,17.5,23.9,10.7,Moderate,0,0,0,No Rain,10.4,352,67.88,1003.35,0.46,0,10.82,2023-12-03T06:53,2023-12-03T17:13,Sunny,0,17.8,68.67,0,18.42857143,69.19142857,0.028571429,33,131,0.81
Multan,30.1575,71.5249,12/4/2023,Monday,12,Winter,0,25.2,11.9,17.7,23.6,10.9,Moderate,0,0,0,No Rain,10,360,65.21,1002.28,0,0,10.2,2023-12-04T06:54,2023-12-04T17:13,Sunny,0,17.5,67.88,0,18.22857143,68.56714286,0.028571429,22,271,1.99
Multan,30.1575,71.5249,12/5/2023,Tuesday,12,Winter,0,24.6,10.4,16.7,23.4,8.7,Moderate,0,0,0,No Rain,10.1,161,66.12,1002.02,0,0,9.47,2023-12-05T06:55,2023-12-05T17:13,Sunny,0,17.7,65.21,0,17.95714286,67.88142857,0.014285714,53,208,1.31
Multan,30.1575,71.5249,12/6/2023,Wednesday,12,Winter,0,24,10.4,16.9,23.1,9.1,Moderate,0,0,0,No Rain,10.4,292,64.08,1002.83,0,0,9.47,2023-12-06T06:56,2023-12-06T17:13,Sunny,0,16.7,66.12,0,17.64285714,67.13714286,0.014285714,129,96,1.96
Multan,30.1575,71.5249,12/7/2023,Thursday,12,Winter,0,24.5,10.6,16.9,23.3,9.1,Moderate,0,0,0,No Rain,9.7,288,64.54,1002.1,0,0,9.41,2023-12-07T06:56,2023-12-07T17:13,Sunny,0,16.9,64.08,0,17.31428571,66.95285714,0,64,170,1.34
Multan,30.1575,71.5249,12/8/2023,Friday,12,Winter,0,25,10.8,16.5,22.1,9.2,Moderate,0,0,0,No Rain,14.6,186,64.04,1000.15,0,0,8.63,2023-12-08T06:57,2023-12-08T17:13,Sunny,0,16.9,64.54,0,17.14285714,65.79142857,0,90,285,1.64
Multan,30.1575,71.5249,12/9/2023,Saturday,12,Winter,1,22.7,10.1,15.3,22.1,9.2,Moderate,0,0,0,No Rain,8,333,76.62,1001.72,10.38,0,10.63,2023-12-09T06:58,2023-12-09T17:13,Sunny,0,16.5,64.04,0,16.78571429,66.92714286,0,40,216,1.68
Multan,30.1575,71.5249,12/10/2023,Sunday,12,Winter,1,23.4,9.4,16.1,23,7.8,Moderate,0,0,0,No Rain,9.2,344,72.79,1000.39,21.33,0,10.43,2023-12-10T06:58,2023-12-10T17:14,Sunny,0,15.3,76.62,0,16.58571429,67.62857143,0,140,159,1.3
Multan,30.1575,71.5249,12/11/2023,Monday,12,Winter,0,23.3,10.9,16,22.6,9.6,Moderate,0,0,0,No Rain,10.7,147,71.54,998.93,3.25,0,10.32,2023-12-11T06:59,2023-12-11T17:14,Sunny,0,16.1,72.79,0,16.34285714,68.53285714,0,75,204,0.69
Multan,30.1575,71.5249,12/12/2023,Tuesday,12,Winter,0,22.6,9.3,15.3,20.3,8,Moderate,0,0,0,No Rain,14.6,3,72.71,999.14,12.29,0,9.79,2023-12-12T07:00,2023-12-12T17:14,Sunny,0,16,71.54,0,16.14285714,69.47428571,0,122,239,1.01
Multan,30.1575,71.5249,12/13/2023,Wednesday,12,Winter,0,23.1,9.1,15.4,22.2,7.3,Moderate,0,0,0,No Rain,8.3,30,71.88,1001.76,50.04,0,9.59,2023-12-13T07:01,2023-12-13T17:14,Moderate,3,15.3,72.71,0,15.92857143,70.58857143,0,108,123,0.56
Multan,30.1575,71.5249,12/14/2023,Thursday,12,Winter,0,22.4,10.1,15.9,22.1,9.3,Moderate,0,0,0,No Rain,6.6,359,73.92,1002.83,97.92,0,10.73,2023-12-14T07:01,2023-12-14T17:15,Cloudy,2,15.4,71.88,0,15.78571429,71.92857143,0,136,67,0.88
Multan,30.1575,71.5249,12/15/2023,Friday,12,Winter,0,23,9.4,15.3,21.1,8,Moderate,0,0,0,No Rain,9.7,98,70.88,1003.05,53.67,0,9.24,2023-12-15T07:02,2023-12-15T17:15,Moderate,3,15.9,73.92,0,15.61428571,72.90571429,0,115,160,1.67
Multan,30.1575,71.5249,12/16/2023,Saturday,12,Winter,1,22.5,9.4,15.2,21.7,8.1,Moderate,0,0,0,No Rain,8.7,59,71.67,1002.05,4.58,0,9.5,2023-12-16T07:02,2023-12-16T17:15,Sunny,0,15.3,70.88,0,15.6,72.19857143,0,41,294,1.05
Multan,30.1575,71.5249,12/17/2023,Sunday,12,Winter,1,21.5,9.6,14.7,19.5,8.3,Cold,0,0,0,No Rain,13.7,11,73.75,1004.14,3.38,0,9.61,2023-12-17T07:03,2023-12-17T17:16,Sunny,0,15.2,71.67,0,15.4,72.33571429,0,164,186,1.22
Multan,30.1575,71.5249,12/18/2023,Monday,12,Winter,0,21.6,8.5,14.1,20.4,6.5,Cold,0,0,0,No Rain,10.8,317,74.67,1006.76,0,0,9.1,2023-12-18T07:04,2023-12-18T17:16,Sunny,0,14.7,73.75,0,15.12857143,72.78285714,0,75,218,1.97
Multan,30.1575,71.5249,12/19/2023,Tuesday,12,Winter,0,22.7,8.5,14.4,20.8,6.4,Cold,0,0,0,No Rain,10.8,221,71.42,1005.98,0,0,8.47,2023-12-19T07:04,2023-12-19T17:17,Sunny,0,14.1,74.67,0,15,72.59857143,0,186,137,1.95
Multan,30.1575,71.5249,12/20/2023,Wednesday,12,Winter,0,22.1,6.9,13.8,19.8,4.5,Cold,0,0,0,No Rain,11,213,67.04,1004.88,0,0,6.92,2023-12-20T07:05,2023-12-20T17:17,Sunny,0,14.4,71.42,0,14.77142857,71.90714286,0,158,46,0.23
Multan,30.1575,71.5249,12/21/2023,Thursday,12,Winter,0,22.3,6.9,14.5,21.4,4.8,Cold,0,0,0,No Rain,10.9,211,66.25,1003.25,39.12,0,7.57,2023-12-21T07:05,2023-12-21T17:17,Moderate,3,13.8,67.04,0,14.57142857,70.81142857,0,198,42,0.82
Multan,30.1575,71.5249,12/22/2023,Friday,12,Winter,0,20.1,7.8,13.9,18.6,5.7,Cold,0.1,0.1,0,Light Rain,10.5,145,72,1002.59,88.42,0,8.56,2023-12-22T07:06,2023-12-22T17:18,Rainy,1,14.5,66.25,0,14.37142857,70.97142857,0.014285714,65,170,0.24
Multan,30.1575,71.5249,12/23/2023,Saturday,12,Winter,1,22.6,9.9,15.5,21,8.3,Moderate,0,0,0,No Rain,13.6,1,77.75,1005.22,10.5,0,11.15,2023-12-23T07:06,2023-12-23T17:18,Sunny,0,13.9,72,0.1,14.41428571,71.84,0.014285714,38,37,0.38
Multan,30.1575,71.5249,12/24/2023,Sunday,12,Winter,1,23.7,10,15.8,22.9,8.5,Moderate,0,0,0,No Rain,10.5,18,78.17,1006.96,33.04,0,11.56,2023-12-24T07:07,2023-12-24T17:19,Moderate,3,15.5,77.75,0,14.57142857,72.47142857,0.014285714,62,248,1.75
Multan,30.1575,71.5249,12/25/2023,Monday,12,Winter,0,24.1,10.2,15.8,23.9,9,Moderate,0,0,0,No Rain,10.4,228,80.92,1004.78,23.83,0,12.04,2023-12-25T07:07,2023-12-25T17:19,Sunny,0,15.8,78.17,0,14.81428571,73.36428571,0.014285714,134,67,1.4
Multan,30.1575,71.5249,12/26/2023,Tuesday,12,Winter,0,23.5,10.2,16.1,22.9,9.1,Moderate,0,0,0,No Rain,9.7,145,71.58,1003.6,67,0,10.4,2023-12-26T07:08,2023-12-26T17:20,Moderate,3,15.8,80.92,0,15.05714286,73.38714286,0.014285714,27,207,0.79
Multan,30.1575,71.5249,12/27/2023,Wednesday,12,Winter,0,23.1,9.1,15.2,22.5,7.7,Moderate,0,0,0,No Rain,9.1,6,76.67,1006.14,0,0,10.58,2023-12-27T07:08,2023-12-27T17:21,Sunny,0,16.1,71.58,0,15.25714286,74.76285714,0.014285714,41,99,0.21
Multan,30.1575,71.5249,12/28/2023,Thursday,12,Winter,0,23.3,10.2,15.5,22.4,9.6,Moderate,0,0,0,No Rain,9.7,192,78.58,1003.74,7.88,0,11.18,2023-12-28T07:08,2023-12-28T17:21,Sunny,0,15.2,76.67,0,15.4,76.52428571,0.014285714,164,83,1.93
Multan,30.1575,71.5249,12/29/2023,Friday,12,Winter,0,21.8,9,14,21.1,7.3,Cold,0,0,0,No Rain,9.4,87,78.88,1004.42,17.17,0,9.97,2023-12-29T07:09,2023-12-29T17:22,Sunny,0,15.5,78.58,0,15.41428571,77.50714286,0,187,143,0.74
Multan,30.1575,71.5249,12/30/2023,Saturday,12,Winter,1,19.3,7.8,12.3,19,6.3,Cold,0,0,0,No Rain,9.3,54,87.71,1004.4,43.71,0,10.02,2023-12-30T07:09,2023-12-30T17:23,Moderate,3,14,78.88,0,14.95714286,78.93,0,143,104,1.43
Multan,30.1575,71.5249,12/31/2023,Sunday,12,Winter,1,18.4,7.9,11.8,18.1,7.1,Cold,0,0,0,No Rain,6.1,53,88.62,1004.12,46.92,0,9.75,2023-12-31T07:09,2023-12-31T17:23,Moderate,3,12.3,87.71,0,14.38571429,80.42285714,0,168,247,1.25
Peshawar,34.0151,71.5249,1/1/2023,Sunday,1,Winter,1,16.9,4,9,14.4,1.8,Cold,0,0,0,No Rain,10,168,60.12,978.87,3.08,0,1.12,2023-01-01T07:19,2023-01-01T17:14,Sunny,0,,,,,,,58,136,1.63
Peshawar,34.0151,71.5249,1/2/2023,Monday,1,Winter,0,16.7,5.2,9.8,14,2.4,Cold,0,0,0,No Rain,6.5,208,53.42,980.35,0,0,0.13,2023-01-02T07:19,2023-01-02T17:15,Sunny,0,9,60.12,0,,,,155,151,1.24
Peshawar,34.0151,71.5249,1/3/2023,Tuesday,1,Winter,0,16.2,2.5,9.2,13.5,-0.2,Cold,0,0,0,No Rain,7.8,231,51.17,981.94,0.33,0,-1.19,2023-01-03T07:19,2023-01-03T17:16,Sunny,0,9.8,53.42,0,,,,103,100,1.58
Peshawar,34.0151,71.5249,1/4/2023,Wednesday,1,Winter,0,16.9,4.8,9.3,14.3,1.7,Cold,0,0,0,No Rain,7.1,334,47.29,981.73,0,0,-1.85,2023-01-04T07:19,2023-01-04T17:17,Sunny,0,9.2,51.17,0,,,,84,179,1.31
Peshawar,34.0151,71.5249,1/5/2023,Thursday,1,Winter,0,16.6,3,8.5,14.5,0.6,Cold,0,0,0,No Rain,8,40,64.83,982.15,3.04,0,1.66,2023-01-05T07:19,2023-01-05T17:17,Sunny,0,9.3,47.29,0,,,,128,205,0.7
Peshawar,34.0151,71.5249,1/6/2023,Friday,1,Winter,0,15,1.2,7.9,13.2,-1.3,Cold,0,0,0,No Rain,7.6,41,78.25,982.39,94.04,0,3.93,2023-01-06T07:19,2023-01-06T17:18,Cloudy,2,8.5,64.83,0,,,,91,162,1.07
Peshawar,34.0151,71.5249,1/7/2023,Saturday,1,Winter,1,15.2,5.8,10.1,13.3,3.9,Cold,0,0,0,No Rain,14.8,17,68.88,981.29,94.83,0,4.05,2023-01-07T07:19,2023-01-07T17:19,Cloudy,2,7.9,78.25,0,9.114285714,60.56571429,0,97,71,0.24
Peshawar,34.0151,71.5249,1/8/2023,Sunday,1,Winter,1,14,5.7,10.4,12,2.7,Cold,0.2,0.2,0,Light Rain,13.8,297,62.71,979.4,88.29,0,3.49,2023-01-08T07:19,2023-01-08T17:20,Rainy,1,10.1,68.88,0,9.314285714,60.93571429,0.028571429,114,274,1.8
Peshawar,34.0151,71.5249,1/9/2023,Monday,1,Winter,0,19,4.7,11.3,15.5,2.1,Cold,0,0,0,No Rain,14.5,297,63.29,979.94,19.38,0,3.78,2023-01-09T07:19,2023-01-09T17:21,Sunny,0,10.4,62.71,0.2,9.528571429,62.34571429,0.028571429,187,127,0.42
Peshawar,34.0151,71.5249,1/10/2023,Tuesday,1,Winter,0,20,6.8,13.3,17.9,4.3,Cold,0,0,0,No Rain,5.5,124,54.29,978.6,73.33,0,3.88,2023-01-10T07:19,2023-01-10T17:22,Cloudy,2,11.3,63.29,0,10.11428571,62.79142857,0.028571429,180,159,0.5
Peshawar,34.0151,71.5249,1/11/2023,Wednesday,1,Winter,0,13.1,9.2,10.3,11.5,6.6,Cold,9.3,9.3,0,Light Rain,17.1,321,81.46,973.42,91.88,0,7.12,2023-01-11T07:19,2023-01-11T17:23,Rainy,1,13.3,54.29,0,10.25714286,67.67285714,1.357142857,93,49,1.63
Peshawar,34.0151,71.5249,1/12/2023,Thursday,1,Winter,0,12,6.8,9.2,10.6,5.4,Cold,0.3,0.3,0,Light Rain,6,37,83.58,973.12,82.38,0,6.45,2023-01-12T07:19,2023-01-12T17:24,Rainy,1,10.3,81.46,9.3,10.35714286,70.35142857,1.4,47,116,1.73
Peshawar,34.0151,71.5249,1/13/2023,Friday,1,Winter,0,12.7,2.2,8.1,6.9,-2.2,Cold,0,0,0,No Rain,16.6,329,32.33,974.21,23.08,0,-9.69,2023-01-13T07:19,2023-01-13T17:25,Sunny,0,9.2,83.58,0.3,10.38571429,63.79142857,1.4,190,80,0.59
Peshawar,34.0151,71.5249,1/14/2023,Saturday,1,Winter,1,15,-1.4,6.6,11,-5.8,Cold,0,0,0,No Rain,8.4,261,34.67,977.46,0,0,-8.72,2023-01-14T07:19,2023-01-14T17:25,Sunny,0,8.1,32.33,0,9.885714286,58.90428571,1.4,61,173,1.49
Peshawar,34.0151,71.5249,1/15/2023,Sunday,1,Winter,1,16.2,3.8,9.1,11.6,0,Cold,0,0,0,No Rain,23.2,303,25.71,974.74,0,0,-11.51,2023-01-15T07:19,2023-01-15T17:26,Sunny,0,6.6,34.67,0,9.7,53.61857143,1.371428571,167,243,1.1
Peshawar,34.0151,71.5249,1/16/2023,Monday,1,Winter,0,15.2,0.7,7.5,12,-4,Cold,0,0,0,No Rain,12.4,137,29,976.25,0,0,-10.34,2023-01-16T07:18,2023-01-16T17:27,Sunny,0,9.1,25.71,0,9.157142857,48.72,1.371428571,174,295,0.73
Peshawar,34.0151,71.5249,1/17/2023,Tuesday,1,Winter,0,16.2,2.9,7.9,13.2,-0.7,Cold,0,0,0,No Rain,7.1,145,41.62,976.37,8.42,0,-4.87,2023-01-17T07:18,2023-01-17T17:28,Sunny,0,7.5,29,0,8.385714286,46.91,1.371428571,151,39,0.13
Peshawar,34.0151,71.5249,1/18/2023,Wednesday,1,Winter,0,14.5,3,7.9,11.6,-0.7,Cold,0,0,0,No Rain,7.2,125,45.29,978.28,96.25,0,-3.51,2023-01-18T07:18,2023-01-18T17:29,Cloudy,2,7.9,41.62,0,8.042857143,41.74285714,0.042857143,73,100,0.61
Peshawar,34.0151,71.5249,1/19/2023,Thursday,1,Winter,0,16,2.7,9,13.1,-0.1,Cold,0,0,0,No Rain,7.4,49,54.79,978.61,60.33,0,-0.15,2023-01-19T07:18,2023-01-19T17:30,Moderate,3,7.9,45.29,0,8.014285714,37.63,0,127,187,1.58
Peshawar,34.0151,71.5249,1/20/2023,Friday,1,Winter,0,16.5,5.8,9.8,13.1,2.9,Cold,0,0,0,No Rain,11.5,17,54.62,977.26,37.33,0,0.57,2023-01-20T07:17,2023-01-20T17:31,Moderate,3,9,54.79,0,8.257142857,40.81428571,0,67,54,1.84
Peshawar,34.0151,71.5249,1/21/2023,Saturday,1,Winter,1,15.9,3.3,8.9,12.6,0.9,Cold,0,0,0,No Rain,10.6,354,69.08,978.82,16.25,0,2.75,2023-01-21T07:17,2023-01-21T17:32,Sunny,0,9.8,54.62,0,8.585714286,45.73,0,68,77,1.98
Peshawar,34.0151,71.5249,1/22/2023,Sunday,1,Winter,1,14.1,4,8.6,10.7,0.7,Cold,0,0,0,No Rain,13.8,316,63.5,978.18,23.5,0,1.57,2023-01-22T07:16,2023-01-22T17:33,Sunny,0,8.9,69.08,0,8.514285714,51.12857143,0,127,107,0.63
Peshawar,34.0151,71.5249,1/23/2023,Monday,1,Winter,0,14.9,4.1,8.8,10.2,1.3,Cold,0,0,0,No Rain,16.4,297,52.75,979.3,0,0,-0.96,2023-01-23T07:16,2023-01-23T17:34,Sunny,0,8.6,63.5,0,8.7,54.52142857,0,161,146,1.43
Peshawar,34.0151,71.5249,1/24/2023,Tuesday,1,Winter,0,15.6,1.6,8.3,10.9,-2.1,Cold,0,0,0,No Rain,14.2,22,53.58,975.04,9.38,0,-1.65,2023-01-24T07:15,2023-01-24T17:35,Sunny,0,8.8,52.75,0,8.757142857,56.23,0,135,235,0.58
Peshawar,34.0151,71.5249,1/25/2023,Wednesday,1,Winter,0,15.2,3,8.3,11.1,0.3,Cold,0.1,0.1,0,Light Rain,11.2,301,54.67,976.64,5.54,0,-1.61,2023-01-25T07:15,2023-01-25T17:36,Rainy,1,8.3,53.58,0,8.814285714,57.57,0.014285714,36,69,1.18
Peshawar,34.0151,71.5249,1/26/2023,Thursday,1,Winter,0,17,1.6,9.1,11.4,-2.1,Cold,0,0,0,No Rain,18.7,296,35.29,979.72,0,0,-6.6,2023-01-26T07:14,2023-01-26T17:37,Sunny,0,8.3,54.67,0.1,8.828571429,54.78428571,0.014285714,156,229,0.22
Peshawar,34.0151,71.5249,1/27/2023,Friday,1,Winter,0,19,1.6,10.3,13.8,-2.2,Cold,0,0,0,No Rain,15.8,298,37.79,979.12,32.42,0,-5.09,2023-01-27T07:14,2023-01-27T17:38,Moderate,3,9.1,35.29,0,8.9,52.38,0.014285714,189,46,1.09
Peshawar,34.0151,71.5249,1/28/2023,Saturday,1,Winter,1,16.3,4.2,10,13.7,0.4,Cold,0,0,0,No Rain,14.9,87,44.46,975.5,87,0,-1.88,2023-01-28T07:13,2023-01-28T17:39,Cloudy,2,10.3,37.79,0,9.057142857,48.86285714,0.014285714,66,249,1.35
Peshawar,34.0151,71.5249,1/29/2023,Sunday,1,Winter,1,15.2,8.6,11.7,13.1,4.6,Cold,0.4,0.4,0,Light Rain,14.1,345,53.92,972.35,99.96,0,2.25,2023-01-29T07:13,2023-01-29T17:40,Rainy,1,10,44.46,0,9.5,47.49428571,0.071428571,174,221,1.7
Peshawar,34.0151,71.5249,1/30/2023,Monday,1,Winter,0,16.2,6.9,10.6,13.3,4.6,Cold,0.7,0.7,0,Light Rain,17.1,344,76.62,978.21,33.54,0,6.06,2023-01-30T07:12,2023-01-30T17:41,Rainy,1,11.7,53.92,0.4,9.757142857,50.90428571,0.171428571,51,64,1.13
Peshawar,34.0151,71.5249,1/31/2023,Tuesday,1,Winter,0,18.6,5.6,10.9,14.9,2.9,Cold,0,0,0,No Rain,12.4,301,60.88,981.11,24.75,0,2.2,2023-01-31T07:11,2023-01-31T17:42,Sunny,0,10.6,76.62,0.7,10.12857143,51.94714286,0.171428571,57,148,0.95
Peshawar,34.0151,71.5249,2/1/2023,Wednesday,2,Winter,0,20.4,4.6,12.7,15.8,1.5,Cold,0,0,0,No Rain,14.5,284,39.88,978.79,81.71,0,-1.47,2023-02-01T07:11,2023-02-01T17:43,Cloudy,2,10.9,60.88,0,10.75714286,49.83428571,0.157142857,143,145,1.76
Peshawar,34.0151,71.5249,2/2/2023,Thursday,2,Winter,0,21.5,8.9,14.5,17,5.9,Cold,0,0,0,No Rain,18.1,292,43.12,977.52,80.92,0,1.62,2023-02-02T07:10,2023-02-02T17:44,Cloudy,2,12.7,39.88,0,11.52857143,50.95285714,0.157142857,139,220,1.51
Peshawar,34.0151,71.5249,2/3/2023,Friday,2,Winter,0,17.6,8.9,12.7,16.2,6.7,Cold,0.3,0.3,0,Light Rain,13.5,265,60.58,976.84,72.96,0,5.07,2023-02-03T07:09,2023-02-03T17:45,Rainy,1,14.5,43.12,0,11.87142857,54.20857143,0.2,126,111,0.58
Peshawar,34.0151,71.5249,2/4/2023,Saturday,2,Winter,1,21.6,6.4,13,18.1,4.5,Cold,0,0,0,No Rain,15.5,295,56.96,974.81,2.21,0,3.75,2023-02-04T07:08,2023-02-04T17:46,Sunny,0,12.7,60.58,0.3,12.3,55.99428571,0.2,66,256,1.47
Peshawar,34.0151,71.5249,2/5/2023,Sunday,2,Winter,1,21.6,6.9,13.9,18.8,4.3,Cold,1.4,1.4,0,Light Rain,12.4,306,52.75,972.13,67.25,0,3.6,2023-02-05T07:08,2023-02-05T17:47,Rainy,1,13,56.96,0,12.61428571,55.82714286,0.342857143,48,191,0.72
Peshawar,34.0151,71.5249,2/6/2023,Monday,2,Winter,0,18.6,9,13.1,16.9,7,Cold,4.9,4.9,0,Light Rain,9.7,315,71.25,974.38,33.5,0,7.48,2023-02-06T07:07,2023-02-06T17:48,Rainy,1,13.9,52.75,1.4,12.97142857,55.06,0.942857143,38,202,0.87
Peshawar,34.0151,71.5249,2/7/2023,Tuesday,2,Winter,0,21.6,5.8,13.1,18.2,3.3,Cold,0,0,0,No Rain,6.6,283,52.38,973.29,6.79,0,1.95,2023-02-07T07:06,2023-02-07T17:49,Sunny,0,13.1,71.25,4.9,13.28571429,53.84571429,0.942857143,57,105,1.13
Peshawar,34.0151,71.5249,2/8/2023,Wednesday,2,Winter,0,18.4,6.4,12.4,17.7,3,Cold,0,0,0,No Rain,9,306,50.88,973.92,83.42,0,2.15,2023-02-08T07:05,2023-02-08T17:50,Cloudy,2,13.1,52.38,0,13.24285714,55.41714286,0.942857143,96,110,0.92
Peshawar,34.0151,71.5249,2/9/2023,Thursday,2,Winter,0,13.6,8,10.4,11.2,6.5,Cold,10.2,10.2,0,Heavy Rain,10.1,162,72.29,972.9,85.08,0,5.08,2023-02-09T07:04,2023-02-09T17:51,Rainy,1,12.4,50.88,0,12.65714286,59.58428571,2.4,157,125,1.29
Peshawar,34.0151,71.5249,2/10/2023,Friday,2,Winter,0,16.2,5.8,10.5,14.6,3.8,Cold,1.3,1.3,0,Light Rain,9,62,74.58,972.3,52.12,0,5.76,2023-02-10T07:03,2023-02-10T17:52,Rainy,1,10.4,72.29,10.2,12.34285714,61.58428571,2.542857143,102,228,1.57
Peshawar,34.0151,71.5249,2/11/2023,Saturday,2,Winter,1,17.3,3.8,9.8,11.8,0.7,Cold,0,0,0,No Rain,18.6,300,48,975.37,0.96,0,-3.39,2023-02-11T07:02,2023-02-11T17:53,Sunny,0,10.5,74.58,1.3,11.88571429,60.30428571,2.542857143,51,136,1.75
Peshawar,34.0151,71.5249,2/12/2023,Sunday,2,Winter,1,19.4,4.3,11,15.5,0.3,Cold,0,0,0,No Rain,10.5,15,27.46,979.83,6.79,0,-8.14,2023-02-12T07:01,2023-02-12T17:54,Sunny,0,9.8,48,0,11.47142857,56.69142857,2.342857143,91,299,1.16
Peshawar,34.0151,71.5249,2/13/2023,Monday,2,Winter,0,20.7,3.9,11.1,17.4,0.4,Cold,0,0,0,No Rain,9.7,274,38.54,976.81,44.79,0,-3.87,2023-02-13T07:00,2023-02-13T17:54,Moderate,3,11,27.46,0,11.18571429,52.01857143,1.642857143,107,31,0.77
Peshawar,34.0151,71.5249,2/14/2023,Tuesday,2,Winter,0,23.6,6.8,14.6,21.3,4,Cold,0,0,0,No Rain,8,4,45.29,976.07,53.71,0,1.98,2023-02-14T06:59,2023-02-14T17:55,Moderate,3,11.1,38.54,0,11.4,51.00571429,1.642857143,132,62,1.19
Peshawar,34.0151,71.5249,2/15/2023,Wednesday,2,Winter,0,26.4,9.4,17,23.6,7,Moderate,0,0,0,No Rain,10.5,310,47.88,974.52,91.33,0,4.98,2023-02-15T06:58,2023-02-15T17:56,Cloudy,2,14.6,45.29,0,12.05714286,50.57714286,1.642857143,54,273,1.68
Peshawar,34.0151,71.5249,2/16/2023,Thursday,2,Winter,0,27.4,12.1,18.5,24.9,10.1,Moderate,0,0,0,No Rain,9.6,299,45.96,975.2,97.5,0,5.89,2023-02-16T06:57,2023-02-16T17:57,Cloudy,2,17,47.88,0,13.21428571,46.81571429,0.185714286,26,76,1.05
Peshawar,34.0151,71.5249,2/17/2023,Friday,2,Winter,0,27.7,13,18.7,26.3,11.4,Moderate,0,0,0,No Rain,7.1,17,51.17,976.64,77.38,0,7.46,2023-02-17T06:56,2023-02-17T17:58,Cloudy,2,18.5,45.96,0,14.38571429,43.47142857,0,174,267,0.12
Peshawar,34.0151,71.5249,2/18/2023,Saturday,2,Winter,1,26.6,12.5,18.6,25.3,11.2,Moderate,0,0,0,No Rain,9,3,56.83,975.23,80.62,0,8.89,2023-02-18T06:55,2023-02-18T17:59,Cloudy,2,18.7,51.17,0,15.64285714,44.73285714,0,55,253,0.8
Peshawar,34.0151,71.5249,2/19/2023,Sunday,2,Winter,1,25.4,13.4,18.1,23,12.1,Moderate,0,0,0,No Rain,10.7,344,54.33,973.76,87.04,0,7.88,2023-02-19T06:54,2023-02-19T18:00,Cloudy,2,18.6,56.83,0,16.65714286,48.57142857,0,58,98,1.29
Peshawar,34.0151,71.5249,2/20/2023,Monday,2,Winter,0,22.5,12.4,16.4,20.7,11.4,Moderate,0.1,0.1,0,Light Rain,13,34,62.04,972.67,17.62,0,8.62,2023-02-20T06:53,2023-02-20T18:01,Rainy,1,18.1,54.33,0,17.41428571,51.92857143,0.014285714,154,69,1.32
Peshawar,34.0151,71.5249,2/21/2023,Tuesday,2,Winter,0,25.4,10.8,17.6,22.5,9.8,Moderate,0,0,0,No Rain,12.1,313,51.67,973.8,0.92,0,5.85,2023-02-21T06:52,2023-02-21T18:02,Sunny,0,16.4,62.04,0.1,17.84285714,52.84,0.014285714,141,103,0.12
Peshawar,34.0151,71.5249,2/22/2023,Wednesday,2,Winter,0,25,12.6,17.7,21.9,10.3,Moderate,0,0,0,No Rain,10.7,33,36.08,974.1,27.96,0,1.93,2023-02-22T06:51,2023-02-22T18:03,Sunny,0,17.6,51.67,0,17.94285714,51.15428571,0.014285714,34,222,1.44
Peshawar,34.0151,71.5249,2/23/2023,Thursday,2,Winter,0,26.7,10.1,18.3,22.1,7.4,Moderate,0,0,0,No Rain,17.7,311,32.42,974.88,38.88,0,-0.48,2023-02-23T06:50,2023-02-23T18:04,Moderate,3,17.7,36.08,0,17.91428571,49.22,0.014285714,99,255,0.91
Peshawar,34.0151,71.5249,2/24/2023,Friday,2,Winter,0,27.6,13.9,19.7,24.8,11.4,Moderate,0,0,0,No Rain,9.2,27,27.04,975.34,66.92,0,-0.73,2023-02-24T06:48,2023-02-24T18:05,Moderate,3,18.3,32.42,0,18.05714286,45.77285714,0.014285714,83,138,1.85
Peshawar,34.0151,71.5249,2/25/2023,Saturday,2,Winter,1,23.6,11.9,16.6,19.4,9.8,Moderate,3,3,0,Light Rain,21.3,324,51.75,977.44,60.25,0,5.43,2023-02-25T06:47,2023-02-25T18:05,Rainy,1,19.7,27.04,0,17.77142857,45.04714286,0.442857143,69,30,1.75
Peshawar,34.0151,71.5249,2/26/2023,Sunday,2,Winter,1,25.2,10.1,17.3,23.8,9.7,Moderate,0.1,0.1,0,Light Rain,13.3,46,58.29,979.72,23.12,0,7.52,2023-02-26T06:46,2023-02-26T18:06,Rainy,1,16.6,51.75,3,17.65714286,45.61285714,0.457142857,93,204,0.45
Peshawar,34.0151,71.5249,2/27/2023,Monday,2,Winter,0,26.5,13.2,18.7,24.1,11.8,Moderate,0,0,0,No Rain,8.6,49,44.25,979.15,26.29,0,4.63,2023-02-27T06:45,2023-02-27T18:07,Sunny,0,17.3,58.29,0.1,17.98571429,43.07142857,0.442857143,111,230,1.99
Peshawar,34.0151,71.5249,2/28/2023,Tuesday,2,Winter,0,24.5,13.8,18.3,22.3,11.3,Moderate,0,0,0,No Rain,13.3,42,47.33,979.29,97.5,0,6.24,2023-02-28T06:44,2023-02-28T18:08,Cloudy,2,18.7,44.25,0,18.08571429,42.45142857,0.442857143,67,251,1.44
Peshawar,34.0151,71.5249,3/1/2023,Wednesday,3,Spring,0,23.6,11.4,16.8,20.5,9.9,Moderate,0.6,0.6,0,Light Rain,12.9,30,50.75,981.5,90.38,0,5.58,2023-03-01T06:43,2023-03-01T18:09,Rainy,1,18.3,47.33,0,17.95714286,44.54714286,0.528571429,33,233,0.89
Peshawar,34.0151,71.5249,3/2/2023,Thursday,3,Spring,0,19.9,11.8,15.5,18.1,10.9,Moderate,0,0,0,No Rain,10.4,50,70.25,982.09,68.75,0,9.5,2023-03-02T06:41,2023-03-02T18:10,Moderate,3,16.8,50.75,0.6,17.55714286,49.95142857,0.528571429,182,84,0.7
Peshawar,34.0151,71.5249,3/3/2023,Friday,3,Spring,0,25,11.1,17.6,22.8,10,Moderate,0,0,0,No Rain,11.9,342,58,981.81,78.71,0,7.79,2023-03-03T06:40,2023-03-03T18:11,Cloudy,2,15.5,70.25,0,17.25714286,54.37428571,0.528571429,193,261,1.35
Peshawar,34.0151,71.5249,3/4/2023,Saturday,3,Spring,1,28,13.6,19.8,25.3,12.3,Moderate,0,0,0,No Rain,12.1,17,42.25,979.84,52.54,0,4.99,2023-03-04T06:39,2023-03-04T18:11,Moderate,3,17.6,58,0,17.71428571,53.01714286,0.1,41,265,0.18
Peshawar,34.0151,71.5249,3/5/2023,Sunday,3,Spring,1,28.1,13.1,20.6,25.4,11.3,Moderate,0,0,0,No Rain,14.5,348,35.88,979.6,33.88,0,3.45,2023-03-05T06:37,2023-03-05T18:12,Moderate,3,19.8,42.25,0,18.18571429,49.81571429,0.085714286,60,211,0.61
Peshawar,34.0151,71.5249,3/6/2023,Monday,3,Spring,0,29,14.7,20.8,27,12.6,Moderate,0,0,0,No Rain,10.2,240,31.08,976.52,31.62,0,1.95,2023-03-06T06:36,2023-03-06T18:13,Moderate,3,20.6,35.88,0,18.48571429,47.93428571,0.085714286,39,291,0.44
Peshawar,34.0151,71.5249,3/7/2023,Tuesday,3,Spring,0,29.9,14,21.3,26.5,11.8,Moderate,0,0,0,No Rain,12.1,14,28.38,975.94,0.42,0,0.53,2023-03-07T06:35,2023-03-07T18:14,Sunny,0,20.8,31.08,0,18.91428571,45.22714286,0.085714286,184,244,0.36
Peshawar,34.0151,71.5249,3/8/2023,Wednesday,3,Spring,0,30,14.8,21.5,26.4,12,Moderate,0,0,0,No Rain,12.2,32,23.79,976.48,0,0,-1.45,2023-03-08T06:34,2023-03-08T18:15,Sunny,0,21.3,28.38,0,19.58571429,41.37571429,0,92,207,0.89
Peshawar,34.0151,71.5249,3/9/2023,Thursday,3,Spring,0,29,11.2,20,27.2,10,Moderate,0,0,0,No Rain,9.7,40,44.42,976.9,4.17,0,6.23,2023-03-09T06:32,2023-03-09T18:16,Sunny,0,21.5,23.79,0,20.22857143,37.68571429,0,125,106,0.25
Peshawar,34.0151,71.5249,3/10/2023,Friday,3,Spring,0,30.3,14.1,21.6,28.2,13.9,Moderate,0,0,0,No Rain,13.4,53,47.83,975.61,55.17,0,8.08,2023-03-10T06:31,2023-03-10T18:16,Moderate,3,20,44.42,0,20.8,36.23285714,0,145,137,1.44
Peshawar,34.0151,71.5249,3/11/2023,Saturday,3,Spring,1,31.7,15.1,22.5,30.1,14.5,Moderate,0,0,0,No Rain,11.2,57,46.38,974.95,45.83,0,8.55,2023-03-11T06:30,2023-03-11T18:17,Moderate,3,21.6,47.83,0,21.18571429,36.82285714,0,170,272,1.91
Peshawar,34.0151,71.5249,3/12/2023,Sunday,3,Spring,1,25.2,16.8,20.5,23.6,15.7,Moderate,2.2,2.2,0,Light Rain,14.1,5,54.75,976.95,61.17,0,10.77,2023-03-12T06:28,2023-03-12T18:18,Rainy,1,22.5,46.38,0,21.17142857,39.51857143,0.314285714,150,224,0.1
Peshawar,34.0151,71.5249,3/13/2023,Monday,3,Spring,0,30.8,14.4,22.3,28.7,14.1,Moderate,0,0,0,No Rain,14.5,324,43.58,974.9,8.12,0,7.08,2023-03-13T06:27,2023-03-13T18:19,Sunny,0,20.5,54.75,2.2,21.38571429,41.30428571,0.314285714,173,169,1.68
Peshawar,34.0151,71.5249,3/14/2023,Tuesday,3,Spring,0,31.5,16.4,23.1,29.1,14.9,Moderate,0,0,0,No Rain,10.4,37,33.38,971.48,36,0,4.87,2023-03-14T06:26,2023-03-14T18:20,Moderate,3,22.3,43.58,0,21.64285714,42.01857143,0.314285714,21,187,1.63
Peshawar,34.0151,71.5249,3/15/2023,Wednesday,3,Spring,0,31.2,14.4,22.7,29.4,13.5,Moderate,0,0,0,No Rain,11.6,32,40,969.29,81.04,0,6.96,2023-03-15T06:24,2023-03-15T18:20,Cloudy,2,23.1,33.38,0,21.81428571,44.33428571,0.314285714,157,144,1.42
Peshawar,34.0151,71.5249,3/16/2023,Thursday,3,Spring,0,26.4,15.4,20,26.6,14.9,Moderate,0,0,0,No Rain,13.8,28,61.25,971.83,92.71,0,11.7,2023-03-16T06:23,2023-03-16T18:21,Cloudy,2,22.7,40,0,21.81428571,46.73857143,0.314285714,109,142,1.31
Peshawar,34.0151,71.5249,3/17/2023,Friday,3,Spring,0,23,13.9,17.5,22.8,14.4,Moderate,7.1,7.1,0,Light Rain,19.1,83,78.08,974.23,86.96,0,13.36,2023-03-17T06:22,2023-03-17T18:22,Rainy,1,20,61.25,0,21.22857143,51.06,1.328571429,76,210,0.66
Peshawar,34.0151,71.5249,3/18/2023,Saturday,3,Spring,1,26.5,11.1,18.2,26.8,10.4,Moderate,0.7,0.7,0,Light Rain,6.6,191,69.71,972.46,43.54,0,11.47,2023-03-18T06:20,2023-03-18T18:23,Rainy,1,17.5,78.08,7.1,20.61428571,54.39285714,1.428571429,165,146,0.19
Peshawar,34.0151,71.5249,3/19/2023,Sunday,3,Spring,1,26,14.1,19.5,25.6,14.3,Moderate,0,0,0,No Rain,9,37,61.5,970.29,75.12,0,10.93,2023-03-19T06:19,2023-03-19T18:23,Cloudy,2,18.2,69.71,0.7,20.47142857,55.35714286,1.114285714,67,242,1.58
Peshawar,34.0151,71.5249,3/20/2023,Monday,3,Spring,0,25.8,13.1,19.2,25.5,12.6,Moderate,0.2,0.2,0,Light Rain,8.6,346,59.75,968.25,30.46,0,10.44,2023-03-20T06:18,2023-03-20T18:24,Rainy,1,19.5,61.5,0,20.02857143,57.66714286,1.142857143,144,260,1.74
Peshawar,34.0151,71.5249,3/21/2023,Tuesday,3,Spring,0,24.2,13.1,18.3,24.5,12.5,Moderate,1.7,1.7,0,Light Rain,12,29,67.71,969.41,45.25,0,11.52,2023-03-21T06:16,2023-03-21T18:25,Rainy,1,19.2,59.75,0.2,19.34285714,62.57142857,1.385714286,72,76,0.7
Peshawar,34.0151,71.5249,3/22/2023,Wednesday,3,Spring,0,25.5,12.5,18.1,25.6,12.1,Moderate,3.8,3.8,0,Light Rain,19.5,51,70.67,971.15,71.58,0,11.98,2023-03-22T06:15,2023-03-22T18:26,Rainy,1,18.3,67.71,1.7,18.68571429,66.95285714,1.928571429,185,65,0.16
Peshawar,34.0151,71.5249,3/23/2023,Thursday,3,Spring,0,22.4,14.6,17.5,20.8,13.5,Moderate,5.2,5.2,0,Light Rain,10,349,69.42,971.38,81.29,0,11.18,2023-03-23T06:13,2023-03-23T18:27,Rainy,1,18.1,70.67,3.8,18.32857143,68.12,2.671428571,20,146,0.16
Peshawar,34.0151,71.5249,3/24/2023,Friday,3,Spring,0,22,12.9,16,21.3,12.1,Moderate,16.8,16.8,0,Heavy Rain,14.4,14,74.62,969.1,100,0,11.03,2023-03-24T06:12,2023-03-24T18:27,Rainy,1,17.5,69.42,5.2,18.11428571,67.62571429,4.057142857,157,170,1.5
Peshawar,34.0151,71.5249,3/25/2023,Saturday,3,Spring,1,19.9,12.9,15.4,19.6,11.7,Moderate,13.3,13.3,0,Heavy Rain,11.5,311,74.33,973.63,77.25,0,10.67,2023-03-25T06:11,2023-03-25T18:28,Rainy,1,16,74.62,16.8,17.71428571,68.28571429,5.857142857,78,237,1.56
Peshawar,34.0151,71.5249,3/26/2023,Sunday,3,Spring,1,25,9.5,17.3,24.7,8.2,Moderate,0,0,0,No Rain,9,247,59.88,973.72,3.92,0,8.58,2023-03-26T06:09,2023-03-26T18:29,Sunny,0,15.4,74.33,13.3,17.4,68.05428571,5.857142857,154,201,1.62
Peshawar,34.0151,71.5249,3/27/2023,Monday,3,Spring,0,26.6,13.1,19.2,27.8,12.2,Moderate,0,0,0,No Rain,8.8,54,57.33,970.83,25.46,0,10.05,2023-03-27T06:08,2023-03-27T18:30,Sunny,0,17.3,59.88,0,17.4,67.70857143,5.828571429,89,242,1.05
Peshawar,34.0151,71.5249,3/28/2023,Tuesday,3,Spring,0,26.7,14.9,20,27.5,14.4,Moderate,0.1,0.1,0,Light Rain,7.7,271,58.67,970.75,95.71,0,11.03,2023-03-28T06:07,2023-03-28T18:30,Rainy,1,19.2,57.33,0,17.64285714,66.41714286,5.6,114,196,1.31
Peshawar,34.0151,71.5249,3/29/2023,Wednesday,3,Spring,0,24,15.8,18.6,23.6,15.2,Moderate,6.4,6.4,0,Light Rain,9.4,275,70.42,973.15,99.88,0,12.72,2023-03-29T06:05,2023-03-29T18:31,Rainy,1,20,58.67,0.1,17.71428571,66.38142857,5.971428571,200,169,1.11
Peshawar,34.0151,71.5249,3/30/2023,Thursday,3,Spring,0,21.2,16,18,19.7,14.4,Moderate,17.8,17.8,0,Heavy Rain,19.1,305,68.71,972.06,99.5,0,12.1,2023-03-30T06:04,2023-03-30T18:32,Rainy,1,18.6,70.42,6.4,17.78571429,66.28,7.771428571,136,215,0.85
Peshawar,34.0151,71.5249,3/31/2023,Friday,3,Spring,0,22.6,15.1,18.5,22.4,14.3,Moderate,2.1,2.1,0,Light Rain,11.4,51,65.71,968.96,96.04,0,11.65,2023-03-31T06:02,2023-03-31T18:33,Rainy,1,18,68.71,17.8,18.14285714,65.00714286,5.671428571,105,208,0.46
Peshawar,34.0151,71.5249,4/1/2023,Saturday,4,Spring,1,22.3,14.2,17.4,23.9,14.8,Moderate,7.8,7.8,0,Light Rain,13,19,81.29,970.35,61.21,0,13.83,2023-04-01T06:01,2023-04-01T18:33,Rainy,1,18.5,65.71,2.1,18.42857143,66.00142857,4.885714286,197,188,0.58
Peshawar,34.0151,71.5249,4/2/2023,Sunday,4,Spring,1,22,14.3,17.7,23.3,14.4,Moderate,4.5,4.5,0,Light Rain,8,222,80.75,970.36,68.67,0,14.12,2023-04-02T06:00,2023-04-02T18:34,Rainy,1,17.4,81.29,7.8,18.48571429,68.98285714,5.528571429,187,195,1.06
Peshawar,34.0151,71.5249,4/3/2023,Monday,4,Spring,0,20.1,14.2,16.7,20,14.7,Moderate,4.6,4.6,0,Light Rain,17.7,16,82.62,969.1,92.96,0,13.57,2023-04-03T05:58,2023-04-03T18:35,Rainy,1,17.7,80.75,4.5,18.12857143,72.59571429,6.185714286,41,233,0.95
Peshawar,34.0151,71.5249,4/4/2023,Tuesday,4,Spring,0,22.1,12.9,17.2,23.4,13.6,Moderate,1.4,1.4,0,Light Rain,11.5,65,76.92,972.26,35.71,0,12.74,2023-04-04T05:57,2023-04-04T18:36,Rainy,1,16.7,82.62,4.6,17.72857143,75.20285714,6.371428571,85,233,0.31
Peshawar,34.0151,71.5249,4/5/2023,Wednesday,4,Spring,0,22.6,13.4,17.7,21.1,12.7,Moderate,8.5,8.5,0,Light Rain,19.1,308,66.62,972.5,52.04,0,10.97,2023-04-05T05:56,2023-04-05T18:36,Rainy,1,17.2,76.92,1.4,17.6,74.66,6.671428571,93,271,1.02
Peshawar,34.0151,71.5249,4/6/2023,Thursday,4,Spring,0,23.9,12.1,17.6,24.3,11.7,Moderate,0.4,0.4,0,Light Rain,8.3,292,65.17,975.69,27.17,0,10.2,2023-04-06T05:54,2023-04-06T18:37,Rainy,1,17.7,66.62,8.5,17.54285714,74.15428571,4.185714286,61,245,1.37
Peshawar,34.0151,71.5249,4/7/2023,Friday,4,Spring,0,28,12.2,19.6,27.1,11.1,Moderate,0,0,0,No Rain,15.3,300,54.33,976.23,6.88,0,8.81,2023-04-07T05:53,2023-04-07T18:38,Sunny,0,17.6,65.17,0.4,17.7,72.52857143,3.885714286,86,211,0.81
Peshawar,34.0151,71.5249,4/8/2023,Saturday,4,Spring,1,30.8,15.7,22.4,31.3,14.5,Moderate,0,0,0,No Rain,11.5,316,44.96,975.28,5.79,0,8.69,2023-04-08T05:52,2023-04-08T18:39,Sunny,0,19.6,54.33,0,18.41428571,67.33857143,2.771428571,40,76,0.29
Peshawar,34.0151,71.5249,4/9/2023,Sunday,4,Spring,1,31.3,15.6,23,32.5,13.8,Moderate,0,0,0,No Rain,7.2,279,42.58,975.28,37.62,0,8.62,2023-04-09T05:50,2023-04-09T18:40,Moderate,3,22.4,44.96,0,19.17142857,61.88571429,2.128571429,181,150,0.28
Peshawar,34.0151,71.5249,4/10/2023,Monday,4,Spring,0,32.1,15.9,23.9,32.3,15.2,Moderate,0,0,0,No Rain,9,300,44.42,973.6,6.46,0,9.88,2023-04-10T05:49,2023-04-10T18:40,Sunny,0,23,42.58,0,20.2,56.42857143,1.471428571,118,188,1.9
Peshawar,34.0151,71.5249,4/11/2023,Tuesday,4,Spring,0,32.3,18.5,24.6,33.2,17.5,Moderate,0,0,0,No Rain,11.3,76,40.33,973.39,14.58,0,9.36,2023-04-11T05:48,2023-04-11T18:41,Sunny,0,23.9,44.42,0,21.25714286,51.20142857,1.271428571,200,278,1.99
Peshawar,34.0151,71.5249,4/12/2023,Wednesday,4,Spring,0,33.8,17.1,25.4,34.1,16.2,Hot,0,0,0,No Rain,10.5,53,41.62,972.81,0.29,0,10.19,2023-04-12T05:47,2023-04-12T18:42,Sunny,0,24.6,40.33,0,22.35714286,47.63,0.057142857,150,60,1.16
Peshawar,34.0151,71.5249,4/13/2023,Thursday,4,Spring,0,35.8,19,26.8,35.5,18,Hot,0,0,0,No Rain,10.9,29,35.58,970.93,28.58,0,8.89,2023-04-13T05:45,2023-04-13T18:43,Sunny,0,25.4,41.62,0,23.67142857,43.40285714,0,116,243,0.85
Peshawar,34.0151,71.5249,4/14/2023,Friday,4,Spring,0,36,17.5,26.9,35.5,17,Hot,0,0,0,No Rain,11.9,59,37.58,969.6,0.04,0,9.49,2023-04-14T05:44,2023-04-14T18:43,Sunny,0,26.8,35.58,0,24.71428571,41.01,0,174,218,1.83
Peshawar,34.0151,71.5249,4/15/2023,Saturday,4,Spring,1,35.8,17.8,27,36.6,17.6,Hot,0,0,0,No Rain,15,32,40,969.25,53.88,0,10.86,2023-04-15T05:43,2023-04-15T18:44,Moderate,3,26.9,37.58,0,25.37142857,40.30142857,0,70,233,1.65
Peshawar,34.0151,71.5249,4/16/2023,Sunday,4,Spring,1,29.6,22,25.4,29.7,20.9,Hot,0.1,0.1,0,Light Rain,19.6,343,46,971.71,85.62,0,12.7,2023-04-16T05:42,2023-04-16T18:45,Rainy,1,27,40,0,25.71428571,40.79,0.014285714,167,209,1.39
Peshawar,34.0151,71.5249,4/17/2023,Monday,4,Spring,0,32.7,21.3,25.9,32.3,20.6,Hot,2.1,2.1,0,Light Rain,18.9,316,45.17,970.75,93.79,0,12.15,2023-04-17T05:40,2023-04-17T18:46,Rainy,1,25.4,46,0.1,26,40.89714286,0.314285714,164,285,0.7
Peshawar,34.0151,71.5249,4/18/2023,Tuesday,4,Spring,0,26.9,18.6,21.6,29.2,20.5,Moderate,3.1,3.1,0,Light Rain,15.7,359,73.54,971.85,99.67,0,16.38,2023-04-18T05:39,2023-04-18T18:46,Rainy,1,25.9,45.17,2.1,25.57142857,45.64142857,0.757142857,61,107,1.83
Peshawar,34.0151,71.5249,4/19/2023,Wednesday,4,Spring,0,25.1,15.6,20,27,16.2,Moderate,6.6,6.6,0,Light Rain,14,11,77,969.16,76.04,0,15.62,2023-04-19T05:38,2023-04-19T18:47,Rainy,1,21.6,73.54,3.1,24.8,50.69571429,1.7,96,203,0.3
Peshawar,34.0151,71.5249,4/20/2023,Thursday,4,Spring,0,23.7,14.5,18.3,24.4,15,Moderate,3.7,3.7,0,Light Rain,9.2,347,76.75,966.55,56.42,0,13.77,2023-04-20T05:37,2023-04-20T18:48,Rainy,1,20,77,6.6,23.58571429,56.57714286,2.228571429,58,97,1.9
Peshawar,34.0151,71.5249,4/21/2023,Friday,4,Spring,0,25.7,13.3,19.8,25.8,13.2,Moderate,0.1,0.1,0,Light Rain,12.4,17,60.54,967.96,16.21,0,11.22,2023-04-21T05:35,2023-04-21T18:49,Rainy,1,18.3,76.75,3.7,22.57142857,59.85714286,2.242857143,168,196,0.44
Peshawar,34.0151,71.5249,4/22/2023,Saturday,4,Spring,1,28.8,14.6,21.4,28.3,13.8,Moderate,0,0,0,No Rain,10.7,27,47.21,968.73,10.38,0,8.43,2023-04-22T05:34,2023-04-22T18:50,Sunny,0,19.8,60.54,0.1,21.77142857,60.88714286,2.242857143,97,180,1.68
Peshawar,34.0151,71.5249,4/23/2023,Sunday,4,Spring,1,32.4,15,23.2,32.4,14.8,Moderate,0,0,0,No Rain,8.9,35,43.96,968.71,0.04,0,8.85,2023-04-23T05:33,2023-04-23T18:50,Sunny,0,21.4,47.21,0,21.45714286,60.59571429,2.228571429,127,87,1.8
Peshawar,34.0151,71.5249,4/24/2023,Monday,4,Spring,0,33.2,15.7,24.7,34.6,15.8,Moderate,0,0,0,No Rain,10,38,47.79,970.32,20.17,0,11.58,2023-04-24T05:32,2023-04-24T18:51,Sunny,0,23.2,43.96,0,21.28571429,60.97,1.928571429,122,146,1.33
Peshawar,34.0151,71.5249,4/25/2023,Tuesday,4,Spring,0,32.4,18.3,25.1,34.7,18.8,Hot,0.2,0.2,0,Light Rain,12.6,39,48.46,971.38,49.17,0,12.65,2023-04-25T05:31,2023-04-25T18:52,Rainy,1,24.7,47.79,0,21.78571429,57.38714286,1.514285714,71,165,0.11
Peshawar,34.0151,71.5249,4/26/2023,Wednesday,4,Spring,0,31.8,18.5,25.1,32.1,18.1,Hot,0,0,0,No Rain,16.1,90,44.67,969.27,58.42,0,11.35,2023-04-26T05:30,2023-04-26T18:53,Moderate,3,25.1,48.46,0.2,22.51428571,52.76857143,0.571428571,176,89,0.3
Peshawar,34.0151,71.5249,4/27/2023,Thursday,4,Spring,0,30.5,17,23.9,31,17.4,Moderate,0.3,0.3,0,Light Rain,18.7,9,48.96,970.63,47.29,0,11.43,2023-04-27T05:29,2023-04-27T18:53,Rainy,1,25.1,44.67,0,23.31428571,48.79857143,0.085714286,58,278,1.47
Peshawar,34.0151,71.5249,4/28/2023,Friday,4,Spring,0,30.9,18.5,24.4,31.7,18.6,Moderate,0.6,0.6,0,Light Rain,11.7,324,46.62,972.57,68.83,0,11.28,2023-04-28T05:28,2023-04-28T18:54,Rainy,1,23.9,48.96,0.3,23.97142857,46.81,0.157142857,77,200,1.7
Peshawar,34.0151,71.5249,4/29/2023,Saturday,4,Spring,1,33.7,17.7,26.3,33.2,17.2,Hot,0,0,0,No Rain,10.8,330,39.71,968.74,65.5,0,9.92,2023-04-29T05:27,2023-04-29T18:55,Moderate,3,24.4,46.62,0.6,24.67142857,45.73857143,0.157142857,98,277,0.28
Peshawar,34.0151,71.5249,4/30/2023,Sunday,4,Spring,1,34.1,20.2,26.9,34.3,19.4,Hot,0,0,0,No Rain,21.5,37,36.21,966.27,38,0,9.9,2023-04-30T05:25,2023-04-30T18:56,Moderate,3,26.3,39.71,0,25.2,44.63142857,0.157142857,30,89,0.78
Peshawar,34.0151,71.5249,5/1/2023,Monday,5,Spring,0,27.2,18.1,22.1,28,18.3,Moderate,9.2,9.2,0,Light Rain,14.9,39,64.67,967.23,68.62,0,14.88,2023-05-01T05:24,2023-05-01T18:57,Rainy,1,26.9,36.21,0,24.82857143,47.04285714,1.471428571,196,181,1.52
Peshawar,34.0151,71.5249,5/2/2023,Tuesday,5,Spring,0,24.3,17.2,20.3,26.2,18.8,Moderate,21.9,21.9,0,Heavy Rain,9,77,80.17,970.33,97.38,0,16.5,2023-05-02T05:23,2023-05-02T18:57,Rainy,1,22.1,64.67,9.2,24.14285714,51.57285714,4.571428571,121,154,1.99
Peshawar,34.0151,71.5249,5/3/2023,Wednesday,5,Spring,0,27,16.1,21.6,30,17.7,Moderate,2.1,2.1,0,Light Rain,10.2,80,73.08,971.26,26.96,0,16.02,2023-05-03T05:22,2023-05-03T18:58,Rainy,1,20.3,80.17,21.9,23.64285714,55.63142857,4.871428571,52,265,0.33
Peshawar,34.0151,71.5249,5/4/2023,Thursday,5,Spring,0,25,16.2,20.5,26.6,17.2,Moderate,4,4,0,Light Rain,16.1,27,75.33,971.67,62.83,0,15.77,2023-05-04T05:21,2023-05-04T18:59,Rainy,1,21.6,73.08,2.1,23.15714286,59.39857143,5.4,90,187,0.9
Peshawar,34.0151,71.5249,5/5/2023,Friday,5,Spring,0,29,15.9,23.2,30.6,17.1,Moderate,2.7,2.7,0,Light Rain,7.6,217,63.62,970.02,76.54,0,15.03,2023-05-05T05:21,2023-05-05T19:00,Rainy,1,20.5,75.33,4,22.98571429,61.82714286,5.7,123,51,0.93
Peshawar,34.0151,71.5249,5/6/2023,Saturday,5,Spring,1,26.2,17.9,22.2,27.6,18.2,Moderate,8.7,8.7,0,Light Rain,13.7,356,63.58,968.37,68.04,0,14.76,2023-05-06T05:20,2023-05-06T19:00,Rainy,1,23.2,63.62,2.7,22.4,65.23714286,6.942857143,100,41,1.2
Peshawar,34.0151,71.5249,5/7/2023,Sunday,5,Spring,1,24.4,16.6,20.2,25.4,16.5,Moderate,5.1,5.1,0,Light Rain,11.2,86,70.83,968.26,53.96,0,14.5,2023-05-07T05:19,2023-05-07T19:01,Rainy,1,22.2,63.58,8.7,21.44285714,70.18285714,7.671428571,149,182,1.21
Peshawar,34.0151,71.5249,5/8/2023,Monday,5,Spring,0,28.1,14.9,21.6,29,12.8,Moderate,1.5,1.5,0,Light Rain,20.1,40,59.71,968.37,16.04,0,12.26,2023-05-08T05:18,2023-05-08T19:02,Rainy,1,20.2,70.83,5.1,21.37142857,69.47428571,6.571428571,88,262,1.68
Peshawar,34.0151,71.5249,5/9/2023,Tuesday,5,Spring,0,31.1,16.2,23.2,30.4,16.5,Moderate,0,0,0,No Rain,10.1,344,47.75,970.9,0.83,0,9.94,2023-05-09T05:17,2023-05-09T19:03,Sunny,0,21.6,59.71,1.5,21.78571429,64.84285714,3.442857143,96,295,1.43
Peshawar,34.0151,71.5249,5/10/2023,Wednesday,5,Spring,0,35,17.5,25.8,38.9,16,Hot,0,0,0,No Rain,9.4,278,36.58,968.66,1.92,0,7.75,2023-05-10T05:16,2023-05-10T19:04,Sunny,0,23.2,47.75,0,22.38571429,59.62857143,3.142857143,197,145,1.17
Peshawar,34.0151,71.5249,5/11/2023,Thursday,5,Spring,0,35.3,19.4,27.7,36,17.7,Hot,0,0,0,No Rain,8.2,153,33.08,968.6,70.5,0,9.2,2023-05-11T05:15,2023-05-11T19:04,Cloudy,2,25.8,36.58,0,23.41428571,53.59285714,2.571428571,115,269,0.67
Peshawar,34.0151,71.5249,5/12/2023,Friday,5,Spring,0,37.2,19.7,29.2,38.4,19.2,Hot,0,0,0,No Rain,12.4,52,36.12,967.28,61.75,0,11.59,2023-05-12T05:14,2023-05-12T19:05,Moderate,3,27.7,33.08,0,24.27142857,49.66428571,2.185714286,68,272,1.09
Peshawar,34.0151,71.5249,5/13/2023,Saturday,5,Spring,1,35.2,21.2,27.9,35.6,20.9,Hot,0,0,0,No Rain,20.9,214,38.58,968.1,59.54,0,11.37,2023-05-13T05:13,2023-05-13T19:06,Moderate,3,29.2,36.12,0,25.08571429,46.09285714,0.942857143,139,256,1.27
Peshawar,34.0151,71.5249,5/14/2023,Sunday,5,Spring,1,35.2,20.5,28.1,35.6,19.8,Hot,0,0,0,No Rain,20,151,34.29,965.87,31.25,0,9.91,2023-05-14T05:13,2023-05-14T19:07,Moderate,3,27.9,38.58,0,26.21428571,40.87285714,0.214285714,121,298,1.23
Peshawar,34.0151,71.5249,5/15/2023,Monday,5,Spring,0,36.8,21.8,29.1,37.2,21,Hot,0,0,0,No Rain,11.8,121,32.04,964.31,30.58,0,9.81,2023-05-15T05:12,2023-05-15T19:07,Moderate,3,28.1,34.29,0,27.28571429,36.92,0,47,220,1.94
Peshawar,34.0151,71.5249,5/16/2023,Tuesday,5,Spring,0,34.2,23.7,29.6,34.5,21.4,Hot,0,0,0,No Rain,17.4,349,32.17,966.5,65.71,0,10.6,2023-05-16T05:11,2023-05-16T19:08,Moderate,3,29.1,32.04,0,28.2,34.69428571,0,181,122,1.38
Peshawar,34.0151,71.5249,5/17/2023,Wednesday,5,Spring,0,36.2,22,29.2,38.7,22.8,Hot,0,0,0,No Rain,15.3,10,40.33,967.07,63.46,0,13.08,2023-05-17T05:11,2023-05-17T19:09,Moderate,3,29.6,32.17,0,28.68571429,35.23,0,84,130,1.82
Peshawar,34.0151,71.5249,5/18/2023,Thursday,5,Spring,0,31.5,23.3,27.5,32.6,21.7,Hot,0,0,0,No Rain,20.2,7,40.08,971.9,35.33,0,12.47,2023-05-18T05:10,2023-05-18T19:10,Moderate,3,29.2,40.33,0,28.65714286,36.23,0,190,189,1.16
Peshawar,34.0151,71.5249,5/19/2023,Friday,5,Spring,0,38.2,21.1,29.1,38,21.2,Hot,0,0,0,No Rain,20.4,98,38.21,967.71,5.62,0,12.12,2023-05-19T05:09,2023-05-19T19:10,Sunny,0,27.5,40.08,0,28.64285714,36.52857143,0,92,39,1.17
Peshawar,34.0151,71.5249,5/20/2023,Saturday,5,Spring,1,40.7,20,31,38.2,20.1,Hot,0,0,0,No Rain,22.1,23,29.46,965.3,10.38,0,6.62,2023-05-20T05:09,2023-05-20T19:11,Sunny,0,29.1,38.21,0,29.08571429,35.22571429,0,32,41,1.38
Peshawar,34.0151,71.5249,5/21/2023,Sunday,5,Spring,1,41.5,22.9,32.9,39.5,21.1,Hot,0,0,0,No Rain,19.7,100,20.71,965.78,64,0,5.45,2023-05-21T05:08,2023-05-21T19:12,Moderate,3,31,29.46,0,29.77142857,33.28571429,0,51,80,0.21
Peshawar,34.0151,71.5249,5/22/2023,Monday,5,Spring,0,41.8,26,33.9,41.2,26.2,Hot,0,0,0,No Rain,13.5,75,23.33,966.03,88.12,0,8.7,2023-05-22T05:07,2023-05-22T19:12,Cloudy,2,32.9,20.71,0,30.45714286,32.04142857,0,21,56,1.27
Peshawar,34.0151,71.5249,5/23/2023,Tuesday,5,Spring,0,37.4,24.9,30.7,36.4,25.3,Hot,1.8,1.8,0,Light Rain,24.3,330,36.5,968.24,96,0,12.99,2023-05-23T05:07,2023-05-23T19:13,Rainy,1,33.9,23.33,0,30.61428571,32.66,0.257142857,66,196,0.9
Peshawar,34.0151,71.5249,5/24/2023,Wednesday,5,Spring,0,36.3,22.8,28.9,38,25.2,Hot,0,0,0,No Rain,27.5,76,48.29,965.68,37.33,0,15.59,2023-05-24T05:06,2023-05-24T19:14,Moderate,3,30.7,36.5,1.8,30.57142857,33.79714286,0.257142857,110,69,0.7
Peshawar,34.0151,71.5249,5/25/2023,Thursday,5,Spring,0,34.9,22.2,28.6,35.7,23.6,Hot,0,0,0,No Rain,25.2,66,45.25,965.19,12.42,0,14.73,2023-05-25T05:06,2023-05-25T19:15,Sunny,0,28.9,48.29,0,30.72857143,34.53571429,0.257142857,132,200,0.97
Peshawar,34.0151,71.5249,5/26/2023,Friday,5,Spring,0,29.5,20.7,25,31.3,20.3,Moderate,0.1,0.1,0,Light Rain,19.5,67,54.04,967.43,19.29,0,14.85,2023-05-26T05:05,2023-05-26T19:15,Rainy,1,28.6,45.25,0,30.14285714,36.79714286,0.271428571,171,115,0.29
Peshawar,34.0151,71.5249,5/27/2023,Saturday,5,Spring,1,35.2,20.3,27.8,35.2,21.6,Hot,0,0,0,No Rain,16.1,58,41.46,966.89,1.62,0,11.37,2023-05-27T05:05,2023-05-27T19:16,Sunny,0,25,54.04,0.1,29.68571429,38.51142857,0.271428571,131,207,1.45
Peshawar,34.0151,71.5249,5/28/2023,Sunday,5,Spring,1,36.5,21,29.2,36.5,21,Hot,0,0,0,No Rain,17.6,122,35.54,967.51,49.67,0,11.43,2023-05-28T05:05,2023-05-28T19:17,Moderate,3,27.8,41.46,0,29.15714286,40.63,0.271428571,160,138,0.87
Peshawar,34.0151,71.5249,5/29/2023,Monday,5,Spring,0,33.2,24,27.9,33.2,24.4,Hot,0.2,0.2,0,Light Rain,15.1,323,40.38,970.02,99.67,0,12.78,2023-05-29T05:04,2023-05-29T19:17,Rainy,1,29.2,35.54,0,28.3,43.06571429,0.3,142,75,1.55
Peshawar,34.0151,71.5249,5/30/2023,Tuesday,5,Spring,0,30.3,20,24.4,31.7,21.4,Moderate,7.3,7.3,0,Light Rain,7.7,204,58.71,971.45,99.17,0,15.14,2023-05-30T05:04,2023-05-30T19:18,Rainy,1,27.9,40.38,0.2,27.4,46.23857143,1.085714286,185,164,1.39
Peshawar,34.0151,71.5249,5/31/2023,Wednesday,5,Spring,0,28.4,20,23.7,27.7,21.9,Moderate,3.7,3.7,0,Light Rain,20.2,69,61.54,968.63,99.96,0,15.31,2023-05-31T05:03,2023-05-31T19:19,Rainy,1,24.4,58.71,7.3,26.65714286,48.13142857,1.614285714,55,115,0.36
Peshawar,34.0151,71.5249,6/1/2023,Thursday,6,Summer,0,24.5,19,20.8,26.4,20.8,Moderate,5.8,5.8,0,Light Rain,10.9,70,81.62,969.19,87.92,0,17.4,2023-06-01T05:03,2023-06-01T19:19,Rainy,1,23.7,61.54,3.7,25.54285714,53.32714286,2.442857143,168,192,1.59
Peshawar,34.0151,71.5249,6/2/2023,Friday,6,Summer,0,33.8,17.3,25.3,34,18.9,Hot,0,0,0,No Rain,13.8,158,57.42,967.25,6.71,0,14.5,2023-06-02T05:03,2023-06-02T19:20,Sunny,0,20.8,81.62,5.8,25.58571429,53.81,2.428571429,152,291,1.8
Peshawar,34.0151,71.5249,6/3/2023,Saturday,6,Summer,1,34.3,19.9,27.2,36,21.4,Hot,0,0,0,No Rain,17.7,52,51.67,967.49,6.42,0,15.24,2023-06-03T05:03,2023-06-03T19:20,Sunny,0,25.3,57.42,0,25.5,55.26857143,2.428571429,172,206,0.58
Peshawar,34.0151,71.5249,6/4/2023,Sunday,6,Summer,1,35,23.4,29.4,36.6,25,Hot,0,0,0,No Rain,13,196,42.62,967.75,33.29,0,14.48,2023-06-04T05:02,2023-06-04T19:21,Moderate,3,27.2,51.67,0,25.52857143,56.28,2.428571429,200,283,1.17
Peshawar,34.0151,71.5249,6/5/2023,Monday,6,Summer,0,37.6,21.5,29.2,38.3,21.7,Hot,0,0,0,No Rain,28.5,66,40.79,965.3,19.25,0,13.26,2023-06-05T05:02,2023-06-05T19:21,Sunny,0,29.4,42.62,0,25.71428571,56.33857143,2.4,184,37,0.69
Peshawar,34.0151,71.5249,6/6/2023,Tuesday,6,Summer,0,37.6,23,29.9,38.3,24.3,Hot,0,0,0,No Rain,20,68,39,964.96,13.17,0,12.96,2023-06-06T05:02,2023-06-06T19:22,Sunny,0,29.2,40.79,0,26.5,53.52285714,1.357142857,118,43,0.66
Peshawar,34.0151,71.5249,6/7/2023,Wednesday,6,Summer,0,38.3,22.9,30.3,39.5,22.6,Hot,0,0,0,No Rain,23.5,56,42.12,964.94,7.88,0,15.12,2023-06-07T05:02,2023-06-07T19:22,Sunny,0,29.9,39,0,27.44285714,50.74857143,0.828571429,197,284,1.83
Peshawar,34.0151,71.5249,6/8/2023,Thursday,6,Summer,0,40.2,24.1,31.8,41.8,26.3,Hot,0,0,0,No Rain,18.8,57,43.5,964.59,4.21,0,16.64,2023-06-08T05:02,2023-06-08T19:23,Sunny,0,30.3,42.12,0,29.01428571,45.30285714,0,164,245,0.19
Peshawar,34.0151,71.5249,6/9/2023,Friday,6,Summer,0,41.3,25.8,33.3,42.9,28.5,Hot,0,0,0,No Rain,15.5,57,41.29,961.05,10.38,0,17.2,2023-06-09T05:01,2023-06-09T19:23,Sunny,0,31.8,43.5,0,30.15714286,42.99857143,0,164,113,0.65
Peshawar,34.0151,71.5249,6/10/2023,Saturday,6,Summer,1,41.7,25.5,33.3,43,27.9,Hot,0,0,0,No Rain,24.2,48,39.54,959.62,41.71,0,16.33,2023-06-10T05:01,2023-06-10T19:24,Moderate,3,33.3,41.29,0,31.02857143,41.26571429,0,67,209,0.42
Peshawar,34.0151,71.5249,6/11/2023,Sunday,6,Summer,1,39.8,24.7,32.6,41.3,27.4,Hot,0,0,0,No Rain,12.7,58,42.29,960.65,41.12,0,16.96,2023-06-11T05:01,2023-06-11T19:24,Moderate,3,33.3,39.54,0,31.48571429,41.21857143,0,117,155,1.36
Peshawar,34.0151,71.5249,6/12/2023,Monday,6,Summer,0,39,26.1,32.7,40.9,28.2,Hot,0,0,0,No Rain,18.7,70,40.92,959.81,29.29,0,16.93,2023-06-12T05:01,2023-06-12T19:25,Sunny,0,32.6,42.29,0,31.98571429,41.23714286,0,152,215,0.76
Peshawar,34.0151,71.5249,6/13/2023,Tuesday,6,Summer,0,40.5,27.1,33.9,41.5,30,Hot,0,0,0,No Rain,14.5,104,37,960.1,26.58,0,15.45,2023-06-13T05:01,2023-06-13T19:25,Sunny,0,32.7,40.92,0,32.55714286,40.95142857,0,85,207,1.72
Peshawar,34.0151,71.5249,6/14/2023,Wednesday,6,Summer,0,40.8,26.4,33.6,41.7,27.8,Hot,0,0,0,No Rain,19,69,37.88,959.6,16.46,0,16.17,2023-06-14T05:01,2023-06-14T19:26,Sunny,0,33.9,37,0,33.02857143,40.34571429,0,125,182,1.25
Peshawar,34.0151,71.5249,6/15/2023,Thursday,6,Summer,0,37.2,26.8,31.5,39.6,28.7,Hot,0.1,0.1,0,Light Rain,18.2,69,44.33,961.54,15.71,0,17.53,2023-06-15T05:01,2023-06-15T19:26,Rainy,1,33.6,37.88,0,32.98571429,40.46428571,0.014285714,92,55,0.75
Peshawar,34.0151,71.5249,6/16/2023,Friday,6,Summer,0,38.7,24.9,31.7,41.3,29.2,Hot,0,0,0,No Rain,9.8,63,49.79,961.63,5.67,0,19.01,2023-06-16T05:02,2023-06-16T19:26,Sunny,0,31.5,44.33,0.1,32.75714286,41.67857143,0.014285714,52,39,0.44
Peshawar,34.0151,71.5249,6/17/2023,Saturday,6,Summer,1,40.3,26.9,33.4,42.7,30.3,Hot,0,0,0,No Rain,13.5,82,44.29,961.5,7.42,0,18.59,2023-06-17T05:02,2023-06-17T19:27,Sunny,0,31.7,49.79,0,32.77142857,42.35714286,0.014285714,73,222,1.79
Peshawar,34.0151,71.5249,6/18/2023,Sunday,6,Summer,1,39.3,27.1,33.5,43.8,30.5,Hot,1.4,1.4,0,Light Rain,12.3,63,43.88,961.39,14.42,0,18.71,2023-06-18T05:02,2023-06-18T19:27,Rainy,1,33.4,44.29,0,32.9,42.58428571,0.214285714,190,253,0.4
Peshawar,34.0151,71.5249,6/19/2023,Monday,6,Summer,0,40.5,26,33,45.3,29.7,Hot,0,0,0,No Rain,16.5,38,50,961.14,2.88,0,20.62,2023-06-19T05:02,2023-06-19T19:27,Sunny,0,33.5,43.88,1.4,32.94285714,43.88142857,0.214285714,176,219,0.28
Peshawar,34.0151,71.5249,6/20/2023,Tuesday,6,Summer,0,41.9,27.8,34.5,45.7,32.2,Hot,0,0,0,No Rain,13,45,47.12,959.57,1.08,0,20.65,2023-06-20T05:02,2023-06-20T19:28,Sunny,0,33,50,0,33.02857143,45.32714286,0.214285714,36,147,1.64
Peshawar,34.0151,71.5249,6/21/2023,Wednesday,6,Summer,0,42.7,28.2,35,45.7,31.9,Hot,0,0,0,No Rain,15.2,28,45.5,959.59,1.46,0,20.45,2023-06-21T05:02,2023-06-21T19:28,Sunny,0,34.5,47.12,0,33.22857143,46.41571429,0.214285714,31,297,1.24
Peshawar,34.0151,71.5249,6/22/2023,Thursday,6,Summer,0,43.7,28.5,35.9,47.6,31.9,Very Hot,0,0,0,No Rain,16.5,41,45.75,959.3,0.38,0,21.66,2023-06-22T05:03,2023-06-22T19:28,Sunny,0,35,45.5,0,33.85714286,46.61857143,0.2,76,102,0.43
Peshawar,34.0151,71.5249,6/23/2023,Friday,6,Summer,0,43.9,29.8,36.7,49.2,33.7,Very Hot,0,0,0,No Rain,16.5,41,47.33,958.56,1.58,0,22.99,2023-06-23T05:03,2023-06-23T19:28,Sunny,0,35.9,45.75,0,34.57142857,46.26714286,0.2,186,104,0.81
Peshawar,34.0151,71.5249,6/24/2023,Saturday,6,Summer,1,43.2,31.5,36.6,47.8,35.8,Very Hot,0,0,0,No Rain,19.6,32,46.88,958.3,2.83,0,22.62,2023-06-24T05:03,2023-06-24T19:28,Sunny,0,36.7,47.33,0,35.02857143,46.63714286,0.2,131,117,1.77
Peshawar,34.0151,71.5249,6/25/2023,Sunday,6,Summer,1,42,29.4,35.5,46.3,33.6,Very Hot,0,0,0,No Rain,18.3,51,48.54,958.64,9.54,0,22.21,2023-06-25T05:03,2023-06-25T19:29,Sunny,0,36.6,46.88,0,35.31428571,47.30285714,0,29,235,0.65
Peshawar,34.0151,71.5249,6/26/2023,Monday,6,Summer,0,31,24.7,27.8,35.6,28.7,Hot,11,11,0,Heavy Rain,24.3,60,75.71,963.69,73.92,0,22.98,2023-06-26T05:04,2023-06-26T19:29,Rainy,1,35.5,48.54,0,34.57142857,50.97571429,1.571428571,56,54,1.26
Peshawar,34.0151,71.5249,6/27/2023,Tuesday,6,Summer,0,35.6,24.3,30.5,41.6,28.9,Hot,3.3,3.3,0,Light Rain,14.8,197,63.33,962.49,42.25,0,22.2,2023-06-27T05:04,2023-06-27T19:29,Rainy,1,27.8,75.71,11,34,53.29142857,2.042857143,196,267,1.74
Peshawar,34.0151,71.5249,6/28/2023,Wednesday,6,Summer,0,35.5,23.7,29,40.8,27.6,Hot,5.6,5.6,0,Light Rain,23.8,18,66.71,964.39,35.12,0,21.6,2023-06-28T05:04,2023-06-28T19:29,Rainy,1,30.5,63.33,3.3,33.14285714,56.32142857,2.842857143,78,180,0.75
Peshawar,34.0151,71.5249,6/29/2023,Thursday,6,Summer,0,36.8,25.6,31,41.1,29.7,Hot,0,0,0,No Rain,16.7,57,59.58,961.89,1.29,0,21.6,2023-06-29T05:05,2023-06-29T19:29,Sunny,0,29,66.71,5.6,32.44285714,58.29714286,2.842857143,146,246,1.84
Peshawar,34.0151,71.5249,6/30/2023,Friday,6,Summer,0,35.8,22.5,29.7,40.8,26,Hot,1.5,1.5,0,Light Rain,15.5,47,64,960.97,11.88,0,21.73,2023-06-30T05:05,2023-06-30T19:29,Rainy,1,31,59.58,0,31.44285714,60.67857143,3.057142857,170,246,0.95
Peshawar,34.0151,71.5249,7/1/2023,Saturday,7,Summer,1,36.3,24,30.6,40.9,26.7,Hot,3.8,3.8,0,Light Rain,15.1,69,62.58,961.3,7.17,0,21.97,2023-07-01T05:05,2023-07-01T19:29,Rainy,1,29.7,64,1.5,30.58571429,62.92142857,3.6,99,86,1.26
Peshawar,34.0151,71.5249,7/2/2023,Sunday,7,Summer,1,38.9,27.1,32.5,43.9,31.2,Hot,0.3,0.3,0,Light Rain,12.6,45,58.04,961.32,3.71,0,22.54,2023-07-02T05:06,2023-07-02T19:29,Rainy,1,30.6,62.58,3.8,30.15714286,64.27857143,3.642857143,36,184,0.67
Peshawar,34.0151,71.5249,7/3/2023,Monday,7,Summer,0,40.1,27.5,34.1,46.3,32.6,Hot,0,0,0,No Rain,17.1,45,56.79,960.11,1.92,0,23.84,2023-07-03T05:06,2023-07-03T19:29,Sunny,0,32.5,58.04,0.3,31.05714286,61.57571429,2.071428571,99,228,1.86
Peshawar,34.0151,71.5249,7/4/2023,Tuesday,7,Summer,0,36.2,25.8,30.4,41.1,28.4,Hot,2.3,2.3,0,Light Rain,23.6,68,64.38,959.78,37.62,0,22.71,2023-07-04T05:07,2023-07-04T19:29,Rainy,1,34.1,56.79,0,31.04285714,61.72571429,1.928571429,36,233,0.81
Peshawar,34.0151,71.5249,7/5/2023,Wednesday,7,Summer,0,35.5,24,29.3,38.3,28,Hot,1.1,1.1,0,Light Rain,17,82,64.33,960.25,22.67,0,21.26,2023-07-05T05:07,2023-07-05T19:28,Rainy,1,30.4,64.38,2.3,31.08571429,61.38571429,1.285714286,67,190,0.87
Peshawar,34.0151,71.5249,7/6/2023,Thursday,7,Summer,0,34.7,23.9,29.2,36.8,27.2,Hot,0,0,0,No Rain,13.2,74,61.88,963.47,56.25,0,20.61,2023-07-06T05:08,2023-07-06T19:28,Moderate,3,29.3,64.33,1.1,30.82857143,61.71428571,1.285714286,85,282,0.26
Peshawar,34.0151,71.5249,7/7/2023,Friday,7,Summer,0,32,22.5,27.8,35.6,26,Hot,12.1,12.1,0,Heavy Rain,10.9,90,67.54,964.55,63.58,0,20.81,2023-07-07T05:08,2023-07-07T19:28,Rainy,1,29.2,61.88,0,30.55714286,62.22,2.8,178,171,0.47
Peshawar,34.0151,71.5249,7/8/2023,Saturday,7,Summer,1,36,23.8,29.8,39.3,24.6,Hot,2.2,2.2,0,Light Rain,18.1,70,56.92,964.18,29.62,0,19.48,2023-07-08T05:09,2023-07-08T19:28,Rainy,1,27.8,67.54,12.1,30.44285714,61.41142857,2.571428571,118,173,1.15
Peshawar,34.0151,71.5249,7/9/2023,Sunday,7,Summer,1,37.2,24.4,30.4,40.3,28.4,Hot,0,0,0,No Rain,13.7,101,58.04,962.56,10.12,0,20.18,2023-07-09T05:09,2023-07-09T19:28,Sunny,0,29.8,56.92,2.2,30.14285714,61.41142857,2.528571429,51,298,0.82
Peshawar,34.0151,71.5249,7/10/2023,Monday,7,Summer,0,36.8,23.1,29.7,39.8,26.6,Hot,3.9,3.9,0,Light Rain,15.5,51,59,963.52,21.5,0,19.89,2023-07-10T05:10,2023-07-10T19:27,Rainy,1,30.4,58.04,0,29.51428571,61.72714286,3.085714286,200,159,0.53
Peshawar,34.0151,71.5249,7/11/2023,Tuesday,7,Summer,0,39.8,25,31.9,42.5,28.9,Hot,0,0,0,No Rain,14.8,56,51.21,962.42,0.21,0,19.33,2023-07-11T05:10,2023-07-11T19:27,Sunny,0,29.7,59,3.9,29.72857143,59.84571429,2.757142857,119,106,0.34
Peshawar,34.0151,71.5249,7/12/2023,Wednesday,7,Summer,0,40.4,26.6,33.3,44.4,29.5,Hot,0,0,0,No Rain,14,53,50.83,960.77,0.25,0,21.07,2023-07-12T05:11,2023-07-12T19:27,Sunny,0,31.9,51.21,0,30.3,57.91714286,2.6,157,236,0.19
Peshawar,34.0151,71.5249,7/13/2023,Thursday,7,Summer,0,39.3,27.5,33,43.9,30.6,Hot,0,0,0,No Rain,19,42,56.88,961.35,3.38,0,22.8,2023-07-13T05:12,2023-07-13T19:26,Sunny,0,33.3,50.83,0,30.84285714,57.20285714,2.6,25,81,1.31
Peshawar,34.0151,71.5249,7/14/2023,Friday,7,Summer,0,38,25,31.5,41.9,28,Hot,2.4,2.4,0,Light Rain,18.3,44,62.92,962.54,40.25,0,23.04,2023-07-14T05:12,2023-07-14T19:26,Rainy,1,33,56.88,0,31.37142857,56.54285714,1.214285714,34,159,1.44
Peshawar,34.0151,71.5249,7/15/2023,Saturday,7,Summer,1,36.8,25,30.2,41.2,29.1,Hot,5.9,5.9,0,Light Rain,17.1,71,67.83,962.08,63.96,0,23.23,2023-07-15T05:13,2023-07-15T19:26,Rainy,1,31.5,62.92,2.4,31.42857143,58.10142857,1.742857143,188,205,1.01
Peshawar,34.0151,71.5249,7/16/2023,Sunday,7,Summer,1,36,27.5,30.6,41.5,32.4,Hot,10.4,10.4,0,Heavy Rain,13.6,88,68.88,962.34,47.83,0,23.97,2023-07-16T05:13,2023-07-16T19:25,Rainy,1,30.2,67.83,5.9,31.45714286,59.65,3.228571429,20,64,1.74
Peshawar,34.0151,71.5249,7/17/2023,Monday,7,Summer,0,37.5,23.6,31.2,42.7,27.9,Hot,5.6,5.6,0,Light Rain,9.2,92,67.58,961.56,13.92,0,23.76,2023-07-17T05:14,2023-07-17T19:25,Rainy,1,30.6,68.88,10.4,31.67142857,60.87571429,3.471428571,173,31,1.65
Peshawar,34.0151,71.5249,7/18/2023,Tuesday,7,Summer,0,39.2,28.3,33.5,44.6,33.6,Hot,0.1,0.1,0,Light Rain,12.6,83,59.83,959.85,13.04,0,24.15,2023-07-18T05:15,2023-07-18T19:24,Rainy,1,31.2,67.58,5.6,31.9,62.10714286,3.485714286,193,176,1.1
Peshawar,34.0151,71.5249,7/19/2023,Wednesday,7,Summer,0,33.3,26.2,29.1,39.5,29.7,Hot,3.3,3.3,0,Light Rain,21.4,61,77.08,961.65,91.79,0,24.56,2023-07-19T05:15,2023-07-19T19:24,Rainy,1,33.5,59.83,0.1,31.3,65.85714286,3.957142857,48,30,0.12
Peshawar,34.0151,71.5249,7/20/2023,Thursday,7,Summer,0,35.3,24.5,29.8,41,29.8,Hot,9.8,9.8,0,Light Rain,9.9,119,71.88,962.62,47.79,0,23.66,2023-07-20T05:16,2023-07-20T19:23,Rainy,1,29.1,77.08,3.3,30.84285714,68,5.357142857,31,220,0.45
Peshawar,34.0151,71.5249,7/21/2023,Friday,7,Summer,0,36.5,27,31.4,42.3,32.8,Hot,0.1,0.1,0,Light Rain,11.5,83,68.62,963.19,11.46,0,24.54,2023-07-21T05:17,2023-07-21T19:23,Rainy,1,29.8,71.88,9.8,30.82857143,68.81428571,5.028571429,27,265,1.29
Peshawar,34.0151,71.5249,7/22/2023,Saturday,7,Summer,1,34.1,25.4,29,40.6,30.6,Hot,22,22,0,Heavy Rain,14.1,41,78.62,966.23,50.38,0,24.72,2023-07-22T05:17,2023-07-22T19:22,Rainy,1,31.4,68.62,0.1,30.65714286,70.35571429,7.328571429,33,278,0.52
Peshawar,34.0151,71.5249,7/23/2023,Sunday,7,Summer,1,33.3,24.2,28.2,39,29.2,Hot,10.9,10.9,0,Heavy Rain,8.6,152,78,967.55,36.38,0,23.62,2023-07-23T05:18,2023-07-23T19:22,Rainy,1,29,78.62,22,30.31428571,71.65857143,7.4,170,257,1.75
Peshawar,34.0151,71.5249,7/24/2023,Monday,7,Summer,0,35.1,25.6,30.4,39.9,31,Hot,0.4,0.4,0,Light Rain,9.2,123,67.75,964.03,35.75,0,23.3,2023-07-24T05:19,2023-07-24T19:21,Rainy,1,28.2,78,10.9,30.2,71.68285714,6.657142857,193,76,0.66
Peshawar,34.0151,71.5249,7/25/2023,Tuesday,7,Summer,0,34.2,24.8,29.6,40.3,29.6,Hot,9.8,9.8,0,Light Rain,12.5,55,75.04,963.85,59.96,0,24.45,2023-07-25T05:19,2023-07-25T19:20,Rainy,1,30.4,67.75,0.4,29.64285714,73.85571429,8.042857143,144,193,1.33
Peshawar,34.0151,71.5249,7/26/2023,Wednesday,7,Summer,0,34.8,24.9,29.9,41.6,30.2,Hot,12.9,12.9,0,Heavy Rain,11.5,84,76.21,963.97,39.54,0,24.95,2023-07-26T05:20,2023-07-26T19:20,Rainy,1,29.6,75.04,9.8,29.75714286,73.73142857,9.414285714,194,53,1.51
Peshawar,34.0151,71.5249,7/27/2023,Thursday,7,Summer,0,33.2,24.8,28.9,39.3,29.3,Hot,12.4,12.4,0,Heavy Rain,13.9,41,76.58,963.8,54.33,0,24.12,2023-07-27T05:21,2023-07-27T19:19,Rainy,1,29.9,76.21,12.9,29.62857143,74.40285714,9.785714286,176,202,0.56
Peshawar,34.0151,71.5249,7/28/2023,Friday,7,Summer,0,31.9,24.1,27.5,36.8,29,Hot,17.5,17.5,0,Heavy Rain,11.9,41,80.29,961.71,66.62,0,23.56,2023-07-28T05:22,2023-07-28T19:18,Rainy,1,28.9,76.58,12.4,29.07142857,76.07,12.27142857,200,42,1.65
Peshawar,34.0151,71.5249,7/29/2023,Saturday,7,Summer,1,32.5,22.8,27.3,37.8,26.8,Hot,13.1,13.1,0,Heavy Rain,10.8,39,79.25,961.48,61.92,0,23.13,2023-07-29T05:22,2023-07-29T19:17,Rainy,1,27.5,80.29,17.5,28.82857143,76.16,11,140,49,1.38
Peshawar,34.0151,71.5249,7/30/2023,Sunday,7,Summer,1,35.2,25.6,30.2,40,30.6,Hot,0,0,0,No Rain,8.7,95,69,960.52,7.92,0,23.33,2023-07-30T05:23,2023-07-30T19:17,Sunny,0,27.3,79.25,13.1,29.11428571,74.87428571,9.442857143,39,185,1.43
Peshawar,34.0151,71.5249,7/31/2023,Monday,7,Summer,0,34.2,25.3,29.3,41.3,28.9,Hot,10.1,10.1,0,Heavy Rain,15.2,6,74.46,959.85,18.21,0,24.1,2023-07-31T05:24,2023-07-31T19:16,Rainy,1,30.2,69,0,28.95714286,75.83285714,10.82857143,136,43,1.42
Peshawar,34.0151,71.5249,8/1/2023,Tuesday,8,Summer,0,36.5,26,31.3,42.1,32.3,Hot,0,0,0,No Rain,10.1,93,68.54,958.45,10.21,0,24.41,2023-08-01T05:24,2023-08-01T19:15,Sunny,0,29.3,74.46,10.1,29.2,74.90428571,9.428571429,134,239,1.28
Peshawar,34.0151,71.5249,8/2/2023,Wednesday,8,Summer,0,37.8,27.8,32.5,44,32.7,Hot,0,0,0,No Rain,20.7,66,66.46,957.99,12.54,0,25.03,2023-08-02T05:25,2023-08-02T19:14,Sunny,0,31.3,68.54,0,29.57142857,73.51142857,7.585714286,30,220,0.4
Peshawar,34.0151,71.5249,8/3/2023,Thursday,8,Summer,0,35.7,25.2,30.4,41.9,27.9,Hot,1.7,1.7,0,Light Rain,19.5,52,66.96,959.81,23.62,0,23.28,2023-08-03T05:26,2023-08-03T19:13,Rainy,1,32.5,66.46,0,29.78571429,72.13714286,6.057142857,27,227,0.16
Peshawar,34.0151,71.5249,8/4/2023,Friday,8,Summer,0,36,25.1,30.7,41.7,29.5,Hot,15.5,15.5,0,Heavy Rain,14.7,72,71.38,960.88,26.71,0,24.55,2023-08-04T05:27,2023-08-04T19:12,Rainy,1,30.4,66.96,1.7,30.24285714,70.86428571,5.771428571,144,66,1.56
Peshawar,34.0151,71.5249,8/5/2023,Saturday,8,Summer,1,35,24,29.8,41,28.6,Hot,9.7,9.7,0,Light Rain,13.6,52,74.67,963.21,45.88,0,24.33,2023-08-05T05:27,2023-08-05T19:11,Rainy,1,30.7,71.38,15.5,30.6,70.21,5.285714286,106,216,0.13
Peshawar,34.0151,71.5249,8/6/2023,Sunday,8,Summer,1,35.7,24.9,30.1,41.9,28.5,Hot,3.3,3.3,0,Light Rain,18.3,69,74.46,959.52,24.79,0,24.52,2023-08-06T05:28,2023-08-06T19:11,Rainy,1,29.8,74.67,9.7,30.58571429,70.99,5.757142857,136,153,1.38
Peshawar,34.0151,71.5249,8/7/2023,Monday,8,Summer,0,32.9,23.9,28.3,37.8,27.4,Hot,2.5,2.5,0,Light Rain,11.3,70,75.21,958.3,63.46,0,23.23,2023-08-07T05:29,2023-08-07T19:10,Rainy,1,30.1,74.46,3.3,30.44285714,71.09714286,4.671428571,175,267,0.9
Peshawar,34.0151,71.5249,8/8/2023,Tuesday,8,Summer,0,36.1,23.9,29.7,41.9,28.3,Hot,0.8,0.8,0,Light Rain,14.4,65,68.04,958.75,7.71,0,22.61,2023-08-08T05:29,2023-08-08T19:09,Rainy,1,28.3,75.21,2.5,30.21428571,71.02571429,4.785714286,34,37,1.64
Peshawar,34.0151,71.5249,8/9/2023,Wednesday,8,Summer,0,37.2,26.5,31.6,43.2,31,Hot,0.6,0.6,0,Light Rain,12.1,54,64.83,961.59,16.29,0,23.88,2023-08-09T05:30,2023-08-09T19:08,Rainy,1,29.7,68.04,0.8,30.08571429,70.79285714,4.871428571,140,270,1.42
Peshawar,34.0151,71.5249,8/10/2023,Thursday,8,Summer,0,37,28.1,31.7,42.9,32.7,Hot,1.9,1.9,0,Light Rain,15.3,50,66.17,963.16,37.79,0,24.28,2023-08-10T05:31,2023-08-10T19:07,Rainy,1,31.6,64.83,0.6,30.27142857,70.68,4.9,184,104,0.72
Peshawar,34.0151,71.5249,8/11/2023,Friday,8,Summer,0,36.3,25.6,30.8,42,29.9,Hot,0.4,0.4,0,Light Rain,14.6,62,69.17,964.07,32.67,0,24.03,2023-08-11T05:32,2023-08-11T19:06,Rainy,1,31.7,66.17,1.9,30.28571429,70.36428571,2.742857143,20,76,0.74
Peshawar,34.0151,71.5249,8/12/2023,Saturday,8,Summer,1,37.8,27.9,32.4,43.9,32.6,Hot,0.4,0.4,0,Light Rain,15.3,43,63.71,960.94,10.58,0,24.37,2023-08-12T05:32,2023-08-12T19:04,Rainy,1,30.8,69.17,0.4,30.65714286,68.79857143,1.414285714,156,43,1.41
Peshawar,34.0151,71.5249,8/13/2023,Sunday,8,Summer,1,39.5,28.8,33.5,44.9,33.2,Hot,0,0,0,No Rain,20.3,45,58.29,957.62,3.04,0,23.69,2023-08-13T05:33,2023-08-13T19:03,Sunny,0,32.4,63.71,0.4,31.14285714,66.48857143,0.942857143,176,70,1.25
Peshawar,34.0151,71.5249,8/14/2023,Monday,8,Summer,0,34.3,23.9,29.3,38.9,27.6,Hot,9.2,9.2,0,Light Rain,20.7,47,72.17,962.66,47.04,0,23.56,2023-08-14T05:34,2023-08-14T19:02,Rainy,1,33.5,58.29,0,31.28571429,66.05428571,1.9,27,69,0.47
Peshawar,34.0151,71.5249,8/15/2023,Tuesday,8,Summer,0,34.6,23.6,28.5,39.5,27.9,Hot,6.5,6.5,0,Light Rain,15.5,49,72.17,965.41,48.08,0,22.46,2023-08-15T05:35,2023-08-15T19:01,Rainy,1,29.3,72.17,9.2,31.11428571,66.64428571,2.714285714,93,168,1.41
Peshawar,34.0151,71.5249,8/16/2023,Wednesday,8,Summer,0,36,26.1,30.6,41.7,30.5,Hot,0.6,0.6,0,Light Rain,14,49,67.38,964.49,19.08,0,23.51,2023-08-16T05:35,2023-08-16T19:00,Rainy,1,28.5,72.17,6.5,30.97142857,67.00857143,2.714285714,58,273,0.4
Peshawar,34.0151,71.5249,8/17/2023,Thursday,8,Summer,0,36.2,26.5,31,41.6,30.3,Hot,0.6,0.6,0,Light Rain,12.2,45,65.92,963.71,20.83,0,23.5,2023-08-17T05:36,2023-08-17T18:59,Rainy,1,30.6,67.38,0.6,30.87142857,66.97285714,2.528571429,96,208,0.79
Peshawar,34.0151,71.5249,8/18/2023,Friday,8,Summer,0,36,25.4,31.2,41.4,30.6,Hot,0.4,0.4,0,Light Rain,14,71,66.29,964.07,16.79,0,23.77,2023-08-18T05:37,2023-08-18T18:58,Rainy,1,31,65.92,0.6,30.92857143,66.56142857,2.528571429,191,243,1.95
Peshawar,34.0151,71.5249,8/19/2023,Saturday,8,Summer,1,37.5,25.6,31.5,42.4,30.3,Hot,4.1,4.1,0,Light Rain,9.8,53,65.29,965.2,16.54,0,23.62,2023-08-19T05:37,2023-08-19T18:57,Rainy,1,31.2,66.29,0.4,30.8,66.78714286,3.057142857,89,132,1.98
Peshawar,34.0151,71.5249,8/20/2023,Sunday,8,Summer,1,38.8,27.5,32.3,44.2,32.8,Hot,0,0,0,No Rain,13,26,63.96,965.29,11.54,0,23.97,2023-08-20T05:38,2023-08-20T18:55,Sunny,0,31.5,65.29,4.1,30.62857143,67.59714286,3.057142857,24,214,0.5
Peshawar,34.0151,71.5249,8/21/2023,Monday,8,Summer,0,39.2,28,33.1,44.8,34.1,Hot,0,0,0,No Rain,14.2,48,62.92,962.93,7.62,0,24.47,2023-08-21T05:39,2023-08-21T18:54,Sunny,0,32.3,63.96,0,31.17142857,66.27571429,1.742857143,155,146,1.81
Peshawar,34.0151,71.5249,8/22/2023,Tuesday,8,Summer,0,39.7,28.5,33.7,45.4,33.7,Hot,0,0,0,No Rain,14.2,44,58.92,960.42,5.17,0,24.03,2023-08-22T05:40,2023-08-22T18:53,Sunny,0,33.1,62.92,0,31.91428571,64.38285714,0.814285714,41,78,1.52
Peshawar,34.0151,71.5249,8/23/2023,Wednesday,8,Summer,0,39,27,32.9,44.4,29.2,Hot,0,0,0,No Rain,29.8,68,58.62,958.58,15.92,0,23.28,2023-08-23T05:40,2023-08-23T18:52,Sunny,0,33.7,58.92,0,32.24285714,63.13142857,0.728571429,135,286,1.53
Peshawar,34.0151,71.5249,8/24/2023,Thursday,8,Summer,0,35,25,29.6,39,28.4,Hot,0.3,0.3,0,Light Rain,17.4,68,63.08,959.73,48.54,0,21.48,2023-08-24T05:41,2023-08-24T18:51,Rainy,1,32.9,58.62,0,32.04285714,62.72571429,0.685714286,23,211,0.2
Peshawar,34.0151,71.5249,8/25/2023,Friday,8,Summer,0,34.3,23.6,29,39,26.6,Hot,3.4,3.4,0,Light Rain,12.9,59,66.33,960.35,19.83,0,21.72,2023-08-25T05:42,2023-08-25T18:49,Rainy,1,29.6,63.08,0.3,31.72857143,62.73142857,1.114285714,200,71,1.44
Peshawar,34.0151,71.5249,8/26/2023,Saturday,8,Summer,1,35,22.9,29.2,37.9,27.1,Hot,4.7,4.7,0,Light Rain,14.7,66,62.96,962.43,26.33,0,20.72,2023-08-26T05:42,2023-08-26T18:48,Rainy,1,29,66.33,3.4,31.4,62.39857143,1.2,127,228,1.08
Peshawar,34.0151,71.5249,8/27/2023,Sunday,8,Summer,1,37.1,25.4,30.5,39.7,29.6,Hot,0,0,0,No Rain,17.4,58,57.92,961.82,11.42,0,20.34,2023-08-27T05:43,2023-08-27T18:47,Sunny,0,29.2,62.96,4.7,31.14285714,61.53571429,1.2,182,189,2
Peshawar,34.0151,71.5249,8/28/2023,Monday,8,Summer,0,36.3,24.6,29.8,39.1,26.6,Hot,0,0,0,No Rain,19.4,47,54.5,961.6,14.54,0,19.06,2023-08-28T05:44,2023-08-28T18:46,Sunny,0,30.5,57.92,0,30.67142857,60.33285714,1.2,39,196,0.6
Peshawar,34.0151,71.5249,8/29/2023,Tuesday,8,Summer,0,35.6,24.1,29.4,38.8,25.9,Hot,1.8,1.8,0,Light Rain,15,44,59.04,964.93,24.33,0,19.92,2023-08-29T05:45,2023-08-29T18:44,Rainy,1,29.8,54.5,0,30.05714286,60.35,1.457142857,147,42,0.25
Peshawar,34.0151,71.5249,8/30/2023,Wednesday,8,Summer,0,38.7,24.4,30.9,40.8,28,Hot,0,0,0,No Rain,19.7,64,55.71,965.55,2.04,0,20.02,2023-08-30T05:45,2023-08-30T18:43,Sunny,0,29.4,59.04,1.8,29.77142857,59.93428571,1.457142857,94,235,0.18
Peshawar,34.0151,71.5249,8/31/2023,Thursday,8,Summer,0,38.6,25.4,31.8,42.1,28.3,Hot,0,0,0,No Rain,18,57,53.83,966.19,3.29,0,20.8,2023-08-31T05:46,2023-08-31T18:42,Sunny,0,30.9,55.71,0,30.08571429,58.61285714,1.414285714,125,86,1.8
Peshawar,34.0151,71.5249,9/1/2023,Friday,9,Autumn,0,39,27.5,32.9,43.3,32.1,Hot,0.4,0.4,0,Light Rain,12.4,45,56.79,965.78,18.83,0,22.69,2023-09-01T05:47,2023-09-01T18:40,Rainy,1,31.8,53.83,0,30.64285714,57.25,0.985714286,184,150,1.86
Peshawar,34.0151,71.5249,9/2/2023,Saturday,9,Autumn,1,37.8,27.9,31.7,42.2,31.9,Hot,3,3,0,Light Rain,13.4,43,58.96,965.05,20.67,0,22.43,2023-09-02T05:47,2023-09-02T18:39,Rainy,1,32.9,56.79,0.4,31,56.67857143,0.742857143,58,148,0.99
Peshawar,34.0151,71.5249,9/3/2023,Sunday,9,Autumn,1,37,26.5,31.4,40.3,30.5,Hot,0.9,0.9,0,Light Rain,12.4,80,56.54,964.27,18.67,0,21.15,2023-09-03T05:48,2023-09-03T18:38,Rainy,1,31.7,58.96,3,31.12857143,56.48142857,0.871428571,175,122,1.29
Peshawar,34.0151,71.5249,9/4/2023,Monday,9,Autumn,0,39,26.9,32.3,41.8,31.4,Hot,0,0,0,No Rain,14.8,81,52.21,963.33,13.42,0,20.41,2023-09-04T05:49,2023-09-04T18:36,Sunny,0,31.4,56.54,0.9,31.48571429,56.15428571,0.871428571,94,66,1.51
Peshawar,34.0151,71.5249,9/5/2023,Tuesday,9,Autumn,0,36.2,25,30.5,39.1,27.7,Hot,0,0,0,No Rain,12,47,55.33,966,8.58,0,20.09,2023-09-05T05:49,2023-09-05T18:35,Sunny,0,32.3,52.21,0,31.64285714,55.62428571,0.614285714,98,216,1.37
Peshawar,34.0151,71.5249,9/6/2023,Wednesday,9,Autumn,0,36.7,25.5,30.9,40.1,29.6,Hot,0,0,0,No Rain,13,99,52.88,966.9,12.42,0,19.47,2023-09-06T05:50,2023-09-06T18:34,Sunny,0,30.5,55.33,0,31.64285714,55.22,0.614285714,158,139,0.48
Peshawar,34.0151,71.5249,9/7/2023,Thursday,9,Autumn,0,39,26.1,32,41.1,29.5,Hot,0,0,0,No Rain,12.1,73,47.08,966.05,15.04,0,18.22,2023-09-07T05:51,2023-09-07T18:32,Sunny,0,30.9,52.88,0,31.67142857,54.25571429,0.614285714,148,195,0.68
Peshawar,34.0151,71.5249,9/8/2023,Friday,9,Autumn,0,39.8,25.5,32.1,42,28.9,Hot,0,0,0,No Rain,10,60,48.83,964.9,8.58,0,18.81,2023-09-08T05:51,2023-09-08T18:31,Sunny,0,32,47.08,0,31.55714286,53.11857143,0.557142857,181,284,1.84
Peshawar,34.0151,71.5249,9/9/2023,Saturday,9,Autumn,1,39.2,25.9,31.9,41.7,29.3,Hot,0,0,0,No Rain,11.2,28,53.46,963.82,0.92,0,20.35,2023-09-09T05:52,2023-09-09T18:29,Sunny,0,32.1,48.83,0,31.58571429,52.33285714,0.128571429,197,234,1.56
Peshawar,34.0151,71.5249,9/10/2023,Sunday,9,Autumn,1,39.5,26.1,31.9,43.2,29.7,Hot,0,0,0,No Rain,12.3,22,56.38,961.68,0,0,21.33,2023-09-10T05:53,2023-09-10T18:28,Sunny,0,31.9,53.46,0,31.65714286,52.31,0,152,147,1.63
Peshawar,34.0151,71.5249,9/11/2023,Monday,9,Autumn,0,38.8,26.6,32.2,43.2,30.5,Hot,0,0,0,No Rain,13.8,33,57.38,962.27,0.12,0,22.07,2023-09-11T05:53,2023-09-11T18:27,Sunny,0,31.9,56.38,0,31.64285714,53.04857143,0,170,85,1.6
Peshawar,34.0151,71.5249,9/12/2023,Tuesday,9,Autumn,0,39.5,27.5,32.5,43.8,31.7,Hot,0,0,0,No Rain,15,20,57.79,962.55,0.25,0,22.4,2023-09-12T05:54,2023-09-12T18:25,Sunny,0,32.2,57.38,0,31.92857143,53.4,0,122,124,0.33
Peshawar,34.0151,71.5249,9/13/2023,Wednesday,9,Autumn,0,39.7,28,32.9,43.3,33.1,Hot,0,0,0,No Rain,10.9,29,56.96,962.73,4.46,0,22.55,2023-09-13T05:55,2023-09-13T18:24,Sunny,0,32.5,57.79,0,32.21428571,53.98285714,0,78,244,1.81
Peshawar,34.0151,71.5249,9/14/2023,Thursday,9,Autumn,0,39.1,27.9,32.8,42.9,32.5,Hot,0,0,0,No Rain,13,37,55.71,963.97,4.42,0,22.08,2023-09-14T05:56,2023-09-14T18:22,Sunny,0,32.9,56.96,0,32.32857143,55.21571429,0,94,30,1.91
Peshawar,34.0151,71.5249,9/15/2023,Friday,9,Autumn,0,37.8,27.5,32.1,42.7,30.4,Hot,0.6,0.6,0,Light Rain,23.6,43,57.79,964.86,11.83,0,22.29,2023-09-15T05:56,2023-09-15T18:21,Rainy,1,32.8,55.71,0,32.32857143,56.49571429,0.085714286,88,106,1.68
Peshawar,34.0151,71.5249,9/16/2023,Saturday,9,Autumn,1,35.2,25,29.1,38.8,27.7,Hot,2.4,2.4,0,Light Rain,18.4,43,66.5,966.65,37.79,0,21.74,2023-09-16T05:57,2023-09-16T18:20,Rainy,1,32.1,57.79,0.6,31.92857143,58.35857143,0.428571429,20,243,1.81
Peshawar,34.0151,71.5249,9/17/2023,Sunday,9,Autumn,1,34.7,23,28.3,39.5,27.1,Hot,9.4,9.4,0,Light Rain,13.4,39,71,965.6,35.04,0,21.95,2023-09-17T05:58,2023-09-17T18:18,Rainy,1,29.1,66.5,2.4,31.41428571,60.44714286,1.771428571,68,134,0.71
Peshawar,34.0151,71.5249,9/18/2023,Monday,9,Autumn,0,32.7,22.8,27.4,37.3,26.3,Hot,6.1,6.1,0,Light Rain,12.6,58,73.5,966.2,25,0,21.87,2023-09-18T05:58,2023-09-18T18:17,Rainy,1,28.3,71,9.4,30.72857143,62.75,2.642857143,61,47,0.45
Peshawar,34.0151,71.5249,9/19/2023,Tuesday,9,Autumn,0,35.4,24.5,29.6,38.9,29.5,Hot,0,0,0,No Rain,13.7,105,63.62,968.02,3.75,0,21.25,2023-09-19T05:59,2023-09-19T18:16,Sunny,0,27.4,73.5,6.1,30.31428571,63.58285714,2.642857143,190,282,0.35
Peshawar,34.0151,71.5249,9/20/2023,Wednesday,9,Autumn,0,35.9,25.2,30,39.9,29,Hot,0,0,0,No Rain,12.6,39,61.25,967.61,4.54,0,21.18,2023-09-20T06:00,2023-09-20T18:14,Sunny,0,29.6,63.62,0,29.9,64.19571429,2.642857143,172,39,1.22
Peshawar,34.0151,71.5249,9/21/2023,Thursday,9,Autumn,0,33.8,23.6,28.5,37.3,25.9,Hot,3.5,3.5,0,Light Rain,14.2,50,64.12,966.92,11.54,0,20.72,2023-09-21T06:00,2023-09-21T18:13,Rainy,1,30,61.25,0,29.28571429,65.39714286,3.142857143,91,32,1.95
Peshawar,34.0151,71.5249,9/22/2023,Friday,9,Autumn,0,32.7,23.5,28.1,36.1,26.9,Hot,4.7,4.7,0,Light Rain,13.3,40,66.92,966.98,20.96,0,21.01,2023-09-22T06:01,2023-09-22T18:11,Rainy,1,28.5,64.12,3.5,28.71428571,66.70142857,3.728571429,75,235,1.47
Peshawar,34.0151,71.5249,9/23/2023,Saturday,9,Autumn,1,33.2,23.5,27.3,36.1,27.7,Hot,0.8,0.8,0,Light Rain,10.9,35,69.04,968.16,27.92,0,20.49,2023-09-23T06:02,2023-09-23T18:10,Rainy,1,28.1,66.92,4.7,28.45714286,67.06428571,3.5,71,227,1.89
Peshawar,34.0151,71.5249,9/24/2023,Sunday,9,Autumn,1,33.5,21,27.1,34.6,21.2,Hot,5.3,5.3,0,Light Rain,22.3,272,58.79,967.48,29.38,0,17.57,2023-09-24T06:03,2023-09-24T18:08,Rainy,1,27.3,69.04,0.8,28.28571429,65.32,2.914285714,94,149,1.16
Peshawar,34.0151,71.5249,9/25/2023,Monday,9,Autumn,0,31.8,19.6,25.6,32.7,20.6,Hot,0,0,0,No Rain,11.6,26,54.54,969.12,6.96,0,15.07,2023-09-25T06:03,2023-09-25T18:07,Sunny,0,27.1,58.79,5.3,28.02857143,62.61142857,2.042857143,127,145,1.71
Peshawar,34.0151,71.5249,9/26/2023,Tuesday,9,Autumn,0,35,18.8,26.8,34.6,19.5,Hot,0,0,0,No Rain,8.7,358,42.54,969.44,1.62,0,11.44,2023-09-26T06:04,2023-09-26T18:06,Sunny,0,25.6,54.54,0,27.62857143,59.6,2.042857143,23,163,1.89
Peshawar,34.0151,71.5249,9/27/2023,Wednesday,9,Autumn,0,34.9,20.5,26.7,34.6,21.2,Hot,0,0,0,No Rain,7.8,60,46.21,968.96,0.75,0,13.03,2023-09-27T06:05,2023-09-27T18:04,Sunny,0,26.8,42.54,0,27.15714286,57.45142857,2.042857143,185,273,1.83
Peshawar,34.0151,71.5249,9/28/2023,Thursday,9,Autumn,0,34.6,20.3,26.6,35.1,22.1,Hot,1,1,0,Light Rain,12.2,67,53.79,967.98,17.71,0,15.6,2023-09-28T06:05,2023-09-28T18:03,Rainy,1,26.7,46.21,0,26.88571429,55.97571429,1.685714286,200,253,0.74
Peshawar,34.0151,71.5249,9/29/2023,Friday,9,Autumn,0,29.4,20,23.7,28.7,20.3,Moderate,0.7,0.7,0,Light Rain,18.4,92,53.62,971,42.29,0,13.19,2023-09-29T06:06,2023-09-29T18:01,Rainy,1,26.6,53.79,1,26.25714286,54.07571429,1.114285714,89,105,0.85
Peshawar,34.0151,71.5249,9/30/2023,Saturday,9,Autumn,1,33.3,19.4,25.9,31.7,18.5,Hot,0,0,0,No Rain,17.3,295,36,970.2,0.25,0,8.3,2023-09-30T06:07,2023-09-30T18:00,Sunny,0,23.7,53.62,0.7,26.05714286,49.35571429,1,82,36,0.87
Peshawar,34.0151,71.5249,10/1/2023,Sunday,10,Autumn,1,35.2,17.4,25.4,34.1,15.6,Hot,0,0,0,No Rain,9.7,32,32,967.5,0.04,0,5.8,2023-10-01T06:07,2023-10-01T17:59,Sunny,0,25.9,36,0,25.81428571,45.52857143,0.242857143,66,218,1.7
Peshawar,34.0151,71.5249,10/2/2023,Monday,10,Autumn,0,33.8,18.5,25.9,33.5,18.2,Hot,0,0,0,No Rain,11.3,68,39.5,968.35,3.29,0,10.13,2023-10-02T06:08,2023-10-02T17:57,Sunny,0,25.4,32,0,25.85714286,43.38,0.242857143,62,93,1.24
Peshawar,34.0151,71.5249,10/3/2023,Tuesday,10,Autumn,0,34.8,19.5,26.5,34.4,18.2,Hot,0,0,0,No Rain,9.7,63,36.62,969.4,0,0,9.33,2023-10-03T06:09,2023-10-03T17:56,Sunny,0,25.9,39.5,0,25.81428571,42.53428571,0.242857143,195,221,0.78
Peshawar,34.0151,71.5249,10/4/2023,Wednesday,10,Autumn,0,35,19.4,26.3,33.4,18.6,Hot,0,0,0,No Rain,7.4,19,37.88,969.46,0,0,9.1,2023-10-04T06:10,2023-10-04T17:55,Sunny,0,26.5,36.62,0,25.75714286,41.34428571,0.242857143,85,186,0.93
Peshawar,34.0151,71.5249,10/5/2023,Thursday,10,Autumn,0,36.6,18.1,26.4,34.9,16.2,Hot,0,0,0,No Rain,9.2,12,37.38,968.04,0,0,8.27,2023-10-05T06:10,2023-10-05T17:53,Sunny,0,26.3,37.88,0,25.72857143,39,0.1,122,148,1
Peshawar,34.0151,71.5249,10/6/2023,Friday,10,Autumn,0,34.6,18.7,26.5,35,20,Hot,0,0,0,No Rain,7.6,63,50.21,966.43,5.42,0,14.25,2023-10-06T06:11,2023-10-06T17:52,Sunny,0,26.4,37.38,0,26.12857143,38.51285714,0,134,178,0.34
Peshawar,34.0151,71.5249,10/7/2023,Saturday,10,Autumn,1,34.8,20,27,34.9,22,Hot,0,0,0,No Rain,9.6,44,54.12,967.95,14.29,0,15.75,2023-10-07T06:12,2023-10-07T17:51,Sunny,0,26.5,50.21,0,26.28571429,41.10142857,0,48,33,0.35
Peshawar,34.0151,71.5249,10/8/2023,Sunday,10,Autumn,1,35,21,27.5,34.5,21.6,Hot,0,0,0,No Rain,11.3,350,44.96,969.5,11.54,0,13.1,2023-10-08T06:13,2023-10-08T17:49,Sunny,0,27,54.12,0,26.58571429,42.95285714,0,55,254,1.79
Peshawar,34.0151,71.5249,10/9/2023,Monday,10,Autumn,0,30.2,20.9,25.2,29.3,21.7,Hot,1,1,0,Light Rain,20.3,346,48.04,970.38,23.04,0,12.73,2023-10-09T06:13,2023-10-09T17:48,Rainy,1,27.5,44.96,0,26.48571429,44.17285714,0.142857143,93,288,1.4
Peshawar,34.0151,71.5249,10/10/2023,Tuesday,10,Autumn,0,31.2,17.6,23.5,30.9,18.2,Moderate,0,0,0,No Rain,10.3,14,53.38,973.1,0,0,12.52,2023-10-10T06:14,2023-10-10T17:47,Sunny,0,25.2,48.04,1,26.05714286,46.56714286,0.142857143,55,197,0.58
Peshawar,34.0151,71.5249,10/11/2023,Wednesday,10,Autumn,0,33.8,15.4,24.2,32.7,15.1,Moderate,0,0,0,No Rain,11.3,342,47.42,971.36,0,0,10.62,2023-10-11T06:15,2023-10-11T17:45,Sunny,0,23.5,53.38,0,25.75714286,47.93,0.142857143,181,75,1.34
Peshawar,34.0151,71.5249,10/12/2023,Thursday,10,Autumn,0,33.2,18.8,25.1,33.5,19.5,Hot,0,0,0,No Rain,12.8,41,53.92,972.09,0,0,14.3,2023-10-12T06:16,2023-10-12T17:44,Sunny,0,24.2,47.42,0,25.57142857,50.29285714,0.142857143,192,118,1.93
Peshawar,34.0151,71.5249,10/13/2023,Friday,10,Autumn,0,32.8,18.7,25,33.8,19.9,Moderate,6.9,6.9,0,Light Rain,25,39,60.5,973.04,45.38,0,15.91,2023-10-13T06:17,2023-10-13T17:43,Rainy,1,25.1,53.92,0,25.35714286,51.76285714,1.128571429,144,122,1.99
Peshawar,34.0151,71.5249,10/14/2023,Saturday,10,Autumn,1,25.2,19.1,21.8,26.6,21.6,Moderate,1.8,1.8,0,Light Rain,9.1,137,77.5,974.53,48.58,0,17.34,2023-10-14T06:17,2023-10-14T17:41,Rainy,1,25,60.5,6.9,24.61428571,55.10285714,1.385714286,141,209,0.45
Peshawar,34.0151,71.5249,10/15/2023,Sunday,10,Autumn,1,28,17.6,21.9,28.7,19,Moderate,10.1,10.1,0,Heavy Rain,14.3,335,68.5,971.88,48.38,0,15.14,2023-10-15T06:18,2023-10-15T17:40,Rainy,1,21.8,77.5,1.8,23.81428571,58.46571429,2.828571429,78,264,0.54
Peshawar,34.0151,71.5249,10/16/2023,Monday,10,Autumn,0,23.9,15.9,18.9,23,15.7,Moderate,22.1,22.1,0,Heavy Rain,10.9,13,78.21,973.35,86.25,0,14.58,2023-10-16T06:19,2023-10-16T17:39,Rainy,1,21.9,68.5,10.1,22.91428571,62.77571429,5.842857143,29,53,0.11
Peshawar,34.0151,71.5249,10/17/2023,Tuesday,10,Autumn,0,21.6,14.3,17.4,21.1,14.4,Moderate,11.8,11.8,0,Heavy Rain,11.3,356,80.17,978.18,55.54,0,13.67,2023-10-17T06:20,2023-10-17T17:38,Rainy,1,18.9,78.21,22.1,22.04285714,66.60285714,7.528571429,61,126,0.55
Peshawar,34.0151,71.5249,10/18/2023,Wednesday,10,Autumn,0,25.9,12.9,18.8,25.4,12.7,Moderate,0,0,0,No Rain,6.1,273,65.92,977.41,1.04,0,11.45,2023-10-18T06:21,2023-10-18T17:36,Sunny,0,17.4,80.17,11.8,21.27142857,69.24571429,7.528571429,117,217,1.38
Peshawar,34.0151,71.5249,10/19/2023,Thursday,10,Autumn,0,27.5,13.9,20.2,27.7,13.5,Moderate,0,0,0,No Rain,6.5,1,60.96,975.39,0.29,0,11.94,2023-10-19T06:21,2023-10-19T17:35,Sunny,0,18.8,65.92,0,20.57142857,70.25142857,7.528571429,53,184,1.19
Peshawar,34.0151,71.5249,10/20/2023,Friday,10,Autumn,0,28.2,14.6,21.1,28.6,14.2,Moderate,0,0,0,No Rain,7.1,333,58.62,976.08,8.04,0,12.16,2023-10-20T06:22,2023-10-20T17:34,Sunny,0,20.2,60.96,0,20.01428571,69.98285714,6.542857143,39,259,1.89
Peshawar,34.0151,71.5249,10/21/2023,Saturday,10,Autumn,1,28.1,14.9,21.5,28.5,14.4,Moderate,0,0,0,No Rain,7.3,353,58.96,975.98,42.92,0,12.75,2023-10-21T06:23,2023-10-21T17:33,Moderate,3,21.1,58.62,0,19.97142857,67.33428571,6.285714286,33,98,1.31
Peshawar,34.0151,71.5249,10/22/2023,Sunday,10,Autumn,1,26.4,16.2,20.3,26,15.7,Moderate,0.4,0.4,0,Light Rain,10.9,341,64.29,978.04,32.71,0,12.78,2023-10-22T06:24,2023-10-22T17:32,Rainy,1,21.5,58.96,0,19.74285714,66.73285714,4.9,63,114,0.79
Peshawar,34.0151,71.5249,10/23/2023,Monday,10,Autumn,0,28.5,13.6,20.7,27.6,13,Moderate,0,0,0,No Rain,6.6,305,55.5,975.9,5.12,0,10.54,2023-10-23T06:25,2023-10-23T17:31,Sunny,0,20.3,64.29,0.4,20,63.48857143,1.742857143,156,99,1.8
Peshawar,34.0151,71.5249,10/24/2023,Tuesday,10,Autumn,0,28.5,14.8,21.1,28,14.5,Moderate,0,0,0,No Rain,8.7,17,56.71,975.4,0.96,0,11.53,2023-10-24T06:26,2023-10-24T17:30,Sunny,0,20.7,55.5,0,20.52857143,60.13714286,0.057142857,98,35,1.99
Peshawar,34.0151,71.5249,10/25/2023,Wednesday,10,Autumn,0,29.8,14.1,21.3,28.6,13.5,Moderate,0,0,0,No Rain,8.7,288,53.88,976.05,3.67,0,10.53,2023-10-25T06:26,2023-10-25T17:28,Sunny,0,21.1,56.71,0,20.88571429,58.41714286,0.057142857,162,68,1.49
Peshawar,34.0151,71.5249,10/26/2023,Thursday,10,Autumn,0,28.6,14.6,21.1,28.4,13.9,Moderate,0,0,0,No Rain,8.8,30,55.04,975.05,6.58,0,11.23,2023-10-26T06:27,2023-10-26T17:27,Sunny,0,21.3,53.88,0,21.01428571,57.57142857,0.057142857,36,69,1.09
Peshawar,34.0151,71.5249,10/27/2023,Friday,10,Autumn,0,29,15.8,21.4,29.1,15.7,Moderate,0,0,0,No Rain,9.2,31,59.08,973.91,5.42,0,12.44,2023-10-27T06:28,2023-10-27T17:26,Sunny,0,21.1,55.04,0,21.05714286,57.63714286,0.057142857,44,264,0.14
Peshawar,34.0151,71.5249,10/28/2023,Saturday,10,Autumn,1,29.5,15.9,21.7,29.4,15.9,Moderate,0,0,0,No Rain,7.7,69,59.29,974.25,3.54,0,12.72,2023-10-28T06:29,2023-10-28T17:25,Sunny,0,21.4,59.08,0,21.08571429,57.68428571,0.057142857,108,223,0.86
Peshawar,34.0151,71.5249,10/29/2023,Sunday,10,Autumn,1,29,17.5,21.9,29.3,18.1,Moderate,0,0,0,No Rain,8.9,48,63.12,974.59,37.08,0,14.05,2023-10-29T06:30,2023-10-29T17:24,Moderate,3,21.7,59.29,0,21.31428571,57.51714286,0,94,295,1.5
Peshawar,34.0151,71.5249,10/30/2023,Monday,10,Autumn,0,29,17,22.2,29.8,18.2,Moderate,0,0,0,No Rain,7.9,47,67.75,975.41,0.25,0,15.39,2023-10-30T06:31,2023-10-30T17:23,Sunny,0,21.9,63.12,0,21.52857143,59.26714286,0,81,96,1.14
Peshawar,34.0151,71.5249,10/31/2023,Tuesday,10,Autumn,0,29.1,17.4,22.4,30.4,18.8,Moderate,0,0,0,No Rain,7.6,55,70.38,976.73,11.5,0,16.15,2023-10-31T06:32,2023-10-31T17:22,Sunny,0,22.2,67.75,0,21.71428571,61.22,0,118,238,0.33
Peshawar,34.0151,71.5249,11/1/2023,Wednesday,11,Autumn,0,26.2,17.2,21.5,27.3,17.6,Moderate,5.9,5.9,0,Light Rain,14.8,198,67.54,978.4,63.17,0,14.86,2023-11-01T06:33,2023-11-01T17:21,Rainy,1,22.4,70.38,0,21.74285714,63.17142857,0.842857143,128,195,1.67
Peshawar,34.0151,71.5249,11/2/2023,Thursday,11,Autumn,0,28.6,15.6,21.4,27.4,16.1,Moderate,0,0,0,No Rain,7.9,347,56,975.99,5.17,0,11.3,2023-11-02T06:34,2023-11-02T17:20,Sunny,0,21.5,67.54,5.9,21.78571429,63.30857143,0.842857143,78,120,0.38
Peshawar,34.0151,71.5249,11/3/2023,Friday,11,Autumn,0,29.2,13.6,20.5,27.5,12.8,Moderate,0,0,0,No Rain,9.4,252,51.17,973.05,0,0,9.07,2023-11-03T06:34,2023-11-03T17:19,Sunny,0,21.4,56,0,21.65714286,62.17857143,0.842857143,94,71,1.76
Peshawar,34.0151,71.5249,11/4/2023,Saturday,11,Autumn,1,27.9,15.3,20.7,26.7,14.2,Moderate,0,0,0,No Rain,7.4,75,48.67,973.78,0.04,0,8.94,2023-11-04T06:35,2023-11-04T17:18,Sunny,0,20.5,51.17,0,21.51428571,60.66142857,0.842857143,109,179,1.47
Peshawar,34.0151,71.5249,11/5/2023,Sunday,11,Autumn,1,27.9,15.1,20.2,27.1,14.5,Moderate,0,0,0,No Rain,8.2,65,56.58,974.78,23.12,0,10.62,2023-11-05T06:36,2023-11-05T17:18,Sunny,0,20.7,48.67,0,21.27142857,59.72714286,0.842857143,100,49,1.78
Peshawar,34.0151,71.5249,11/6/2023,Monday,11,Autumn,0,26.7,14.1,19.8,27,14.4,Moderate,0,0,0,No Rain,8.4,92,69.58,976.28,71.5,0,13.46,2023-11-06T06:37,2023-11-06T17:17,Cloudy,2,20.2,56.58,0,20.92857143,59.98857143,0.842857143,160,114,1.19
Peshawar,34.0151,71.5249,11/7/2023,Tuesday,11,Autumn,0,26.7,15.5,19.7,26.5,16.2,Moderate,0,0,0,No Rain,16.4,156,72.46,976.01,89.38,0,14.09,2023-11-07T06:38,2023-11-07T17:16,Cloudy,2,19.8,69.58,0,20.54285714,60.28571429,0.842857143,137,146,0.27
Peshawar,34.0151,71.5249,11/8/2023,Wednesday,11,Autumn,0,26.1,13.9,19.2,26.6,14.7,Moderate,0,0,0,No Rain,8.3,60,76.42,974.85,64.08,0,14.26,2023-11-08T06:39,2023-11-08T17:15,Moderate,3,19.7,72.46,0,20.21428571,61.55428571,0,191,38,0.31
Peshawar,34.0151,71.5249,11/9/2023,Thursday,11,Autumn,0,23.5,15.1,18.3,22.9,15,Moderate,14.8,14.8,0,Heavy Rain,15.2,29,74.67,975.1,61.04,0,13.19,2023-11-09T06:40,2023-11-09T17:14,Rainy,1,19.2,76.42,0,19.77142857,64.22142857,2.114285714,115,115,1.56
Peshawar,34.0151,71.5249,11/10/2023,Friday,11,Autumn,0,23.3,12.5,16.9,22.4,12.5,Moderate,0,0,0,No Rain,7.7,171,74.88,977.85,29.04,0,11.76,2023-11-10T06:41,2023-11-10T17:13,Sunny,0,18.3,74.67,14.8,19.25714286,67.60857143,2.114285714,155,75,0.52
Peshawar,34.0151,71.5249,11/11/2023,Saturday,11,Autumn,1,23.9,11.2,16.8,23,10.6,Moderate,0,0,0,No Rain,8.6,110,67.88,979.16,0,0,10.23,2023-11-11T06:42,2023-11-11T17:13,Sunny,0,16.9,74.88,0,18.7,70.35285714,2.114285714,149,250,0.51
Peshawar,34.0151,71.5249,11/12/2023,Sunday,11,Autumn,1,24.3,12.2,17.2,23.8,11.7,Moderate,0,0,0,No Rain,8.2,65,66.67,978.26,7.62,0,10.4,2023-11-12T06:43,2023-11-12T17:12,Sunny,0,16.8,67.88,0,18.27142857,71.79428571,2.114285714,127,69,1.65
Peshawar,34.0151,71.5249,11/13/2023,Monday,11,Autumn,0,24.7,11.6,17.2,24.2,11.2,Moderate,0,0,0,No Rain,8.3,76,70.75,978.17,5.12,0,11.23,2023-11-13T06:44,2023-11-13T17:11,Sunny,0,17.2,66.67,0,17.9,71.96142857,2.114285714,159,162,1.51
Peshawar,34.0151,71.5249,11/14/2023,Tuesday,11,Autumn,0,25.3,13.4,17.8,24.3,12.8,Moderate,0,0,0,No Rain,9.4,226,63.29,978.44,0.79,0,9.96,2023-11-14T06:45,2023-11-14T17:11,Sunny,0,17.2,70.75,0,17.62857143,70.65142857,2.114285714,95,172,1.81
Peshawar,34.0151,71.5249,11/15/2023,Wednesday,11,Autumn,0,26.8,9.1,17.6,23.4,6.6,Moderate,0,0,0,No Rain,7.8,279,40.71,977.95,14.71,0,2.92,2023-11-15T06:46,2023-11-15T17:10,Sunny,0,17.8,63.29,0,17.4,65.55,2.114285714,165,138,1.27
Peshawar,34.0151,71.5249,11/16/2023,Thursday,11,Autumn,0,25.1,10.2,17.4,23.2,7.8,Moderate,0,0,0,No Rain,4.9,36,42.42,978.59,2.75,0,3.88,2023-11-16T06:46,2023-11-16T17:09,Sunny,0,17.6,40.71,0,17.27142857,60.94285714,0,104,188,0.79
Peshawar,34.0151,71.5249,11/17/2023,Friday,11,Autumn,0,24.8,11.2,17.2,23.3,9.3,Moderate,0,0,0,No Rain,7.2,99,53.67,979.13,50.96,0,7.25,2023-11-17T06:47,2023-11-17T17:09,Moderate,3,17.4,42.42,0,17.31428571,57.91285714,0,53,286,1.3
Peshawar,34.0151,71.5249,11/18/2023,Saturday,11,Autumn,1,21.8,11.2,15.7,20.7,10.6,Moderate,0,0,0,No Rain,9,88,65.79,976.59,86.42,0,8.93,2023-11-18T06:48,2023-11-18T17:08,Cloudy,2,17.2,53.67,0,17.15714286,57.61428571,0,127,107,0.46
Peshawar,34.0151,71.5249,11/19/2023,Sunday,11,Autumn,1,22.7,11.6,16,21.8,10.5,Moderate,0,0,0,No Rain,8.2,63,66.33,977.64,70.42,0,9.25,2023-11-19T06:49,2023-11-19T17:08,Cloudy,2,15.7,65.79,0,16.98571429,57.56571429,0,57,162,0.51
Peshawar,34.0151,71.5249,11/20/2023,Monday,11,Autumn,0,23.4,11.1,16.6,22.5,10.2,Moderate,0,0,0,No Rain,5.9,53,57.92,978.25,0.21,0,7.79,2023-11-20T06:50,2023-11-20T17:07,Sunny,0,16,66.33,0,16.9,55.73285714,0,31,251,0.95
Peshawar,34.0151,71.5249,11/21/2023,Tuesday,11,Autumn,0,23.5,11.1,16.3,22.1,10.3,Moderate,0,0,0,No Rain,5.5,127,61.38,977.03,0.38,0,8.18,2023-11-21T06:51,2023-11-21T17:07,Sunny,0,16.6,57.92,0,16.68571429,55.46,0,46,137,1.25
Peshawar,34.0151,71.5249,11/22/2023,Wednesday,11,Autumn,0,24,11,15.8,22.5,9.6,Moderate,0,0,0,No Rain,9.9,31,62.21,973.3,0,0,7.89,2023-11-22T06:52,2023-11-22T17:07,Sunny,0,16.3,61.38,0,16.42857143,58.53142857,0,125,274,1.13
Peshawar,34.0151,71.5249,11/23/2023,Thursday,11,Autumn,0,21.5,9.5,14.6,20.5,8.6,Cold,0,0,0,No Rain,9.3,13,79.79,973.91,21.71,0,10.77,2023-11-23T06:53,2023-11-23T17:06,Sunny,0,15.8,62.21,0,16.02857143,63.87,0,22,42,1.6
Peshawar,34.0151,71.5249,11/24/2023,Friday,11,Autumn,0,24.4,8.1,15.8,22.2,6.6,Moderate,0,0,0,No Rain,7.1,278,61.58,977.6,29.38,0,7.58,2023-11-24T06:54,2023-11-24T17:06,Sunny,0,14.6,79.79,0,15.82857143,65,0,66,123,0.84
Peshawar,34.0151,71.5249,11/25/2023,Saturday,11,Autumn,1,23.8,9.5,16.3,22.5,7.4,Moderate,0,0,0,No Rain,8,220,49.12,977.05,99.08,0,5.2,2023-11-25T06:55,2023-11-25T17:05,Cloudy,2,15.8,61.58,0,15.91428571,62.61857143,0,56,126,1.48
Peshawar,34.0151,71.5249,11/26/2023,Sunday,11,Autumn,1,21,9.9,14.7,19.7,8,Cold,0,0,0,No Rain,9.5,54,61.38,978.2,98.33,0,6.87,2023-11-26T06:56,2023-11-26T17:05,Cloudy,2,16.3,49.12,0,15.72857143,61.91142857,0,24,194,1.88
Peshawar,34.0151,71.5249,11/27/2023,Monday,11,Autumn,0,19.5,10.2,14,18,7.9,Cold,0,0,0,No Rain,9.8,334,65,976.65,74.58,0,7.16,2023-11-27T06:57,2023-11-27T17:05,Cloudy,2,14.7,61.38,0,15.35714286,62.92285714,0,92,284,0.53
Peshawar,34.0151,71.5249,11/28/2023,Tuesday,11,Autumn,0,24,9.4,15.5,22.8,7.4,Moderate,0,0,0,No Rain,10.2,223,59.79,976.3,8,0,6.92,2023-11-28T06:58,2023-11-28T17:05,Sunny,0,14,65,0,15.24285714,62.69571429,0,185,184,0.47
Peshawar,34.0151,71.5249,11/29/2023,Wednesday,11,Autumn,0,23.5,11.4,16.3,22.5,9.7,Moderate,0,0,0,No Rain,12.2,3,63.88,976.12,95.29,0,8.75,2023-11-29T06:59,2023-11-29T17:04,Cloudy,2,15.5,59.79,0,15.31428571,62.93428571,0,71,294,1.59
Peshawar,34.0151,71.5249,11/30/2023,Thursday,11,Autumn,0,20.2,11.9,15.1,19.5,11.4,Moderate,3.2,3.2,0,Light Rain,11.1,357,77.33,977.56,72.08,0,10.9,2023-11-30T07:00,2023-11-30T17:04,Rainy,1,16.3,63.88,0,15.38571429,62.58285714,0.457142857,107,233,1.05
Peshawar,34.0151,71.5249,12/1/2023,Friday,12,Winter,0,21.1,9.9,14.8,19.4,8.6,Cold,0,0,0,No Rain,10.5,278,74.21,979.58,27.58,0,9.64,2023-12-01T07:00,2023-12-01T17:04,Sunny,0,15.1,77.33,3.2,15.24285714,64.38714286,0.457142857,115,53,1.64
Peshawar,34.0151,71.5249,12/2/2023,Saturday,12,Winter,1,23.4,8.3,14.9,20.4,6.9,Cold,0,0,0,No Rain,9.4,283,60.75,978.24,36.5,0,6.23,2023-12-02T07:01,2023-12-02T17:04,Moderate,3,14.8,74.21,0,15.04285714,66.04857143,0.457142857,103,129,0.45
Peshawar,34.0151,71.5249,12/3/2023,Sunday,12,Winter,1,21.7,9.9,14.9,19.8,8.2,Cold,0,0,0,No Rain,6.8,286,54.08,977.62,79.5,0,5.32,2023-12-03T07:02,2023-12-03T17:04,Cloudy,2,14.9,60.75,0,15.07142857,65.00571429,0.457142857,199,149,0.71
Peshawar,34.0151,71.5249,12/4/2023,Monday,12,Winter,0,21.7,8.9,14.2,20.1,7.4,Cold,0,0,0,No Rain,7.5,28,54.83,976.62,0,0,4.86,2023-12-04T07:03,2023-12-04T17:04,Sunny,0,14.9,54.08,0,15.1,63.55285714,0.457142857,113,180,1.08
Peshawar,34.0151,71.5249,12/5/2023,Tuesday,12,Winter,0,19.4,8.1,12.9,18.3,6.6,Cold,0,0,0,No Rain,6.9,16,69.29,976.73,0.29,0,7,2023-12-05T07:04,2023-12-05T17:04,Sunny,0,14.2,54.83,0,14.72857143,64.91,0.457142857,139,98,0.88
Peshawar,34.0151,71.5249,12/6/2023,Wednesday,12,Winter,0,20.6,8.8,13.7,19.6,7.5,Cold,0,0,0,No Rain,7.4,322,64.83,977.41,0.04,0,6.8,2023-12-06T07:04,2023-12-06T17:04,Sunny,0,12.9,69.29,0,14.35714286,65.04571429,0.457142857,96,211,1.58
Peshawar,34.0151,71.5249,12/7/2023,Thursday,12,Winter,0,21.4,9.1,13.7,19.8,7.3,Cold,0,0,0,No Rain,7,49,58.83,976.18,28,0,5.24,2023-12-07T07:05,2023-12-07T17:04,Sunny,0,13.7,64.83,0,14.15714286,62.40285714,0,55,255,0.55
Peshawar,34.0151,71.5249,12/8/2023,Friday,12,Winter,0,19.7,7.2,13,18.3,5.8,Cold,0,0,0,No Rain,7.2,38,69.25,975.02,34.88,0,7.09,2023-12-08T07:06,2023-12-08T17:04,Moderate,3,13.7,58.83,0,13.9,61.69428571,0,129,182,1.4
Peshawar,34.0151,71.5249,12/9/2023,Saturday,12,Winter,1,20.6,8.5,13.2,19.1,6.6,Cold,0,0,0,No Rain,7.6,342,61.08,976.36,0,0,5.39,2023-12-09T07:07,2023-12-09T17:04,Sunny,0,13,69.25,0,13.65714286,61.74142857,0,198,104,1.67
Peshawar,34.0151,71.5249,12/10/2023,Sunday,12,Winter,1,20.3,6.2,12.9,18.4,3.9,Cold,0,0,0,No Rain,8,276,54.08,974.4,41,0,3.13,2023-12-10T07:08,2023-12-10T17:04,Moderate,3,13.2,61.08,0,13.37142857,61.74142857,0,191,124,1.47
Peshawar,34.0151,71.5249,12/11/2023,Monday,12,Winter,0,18.4,5.8,11.2,16.5,3.9,Cold,0,0,0,No Rain,8.4,48,65.75,974.06,9.83,0,4.55,2023-12-11T07:08,2023-12-11T17:04,Sunny,0,12.9,54.08,0,12.94285714,63.30142857,0,53,230,1.12
Peshawar,34.0151,71.5249,12/12/2023,Tuesday,12,Winter,0,18.8,4.9,11.5,17.3,3,Cold,0,0,0,No Rain,9.4,322,66,974.54,0.42,0,4.91,2023-12-12T07:09,2023-12-12T17:04,Sunny,0,11.2,65.75,0,12.74285714,62.83142857,0,55,31,1.95
Peshawar,34.0151,71.5249,12/13/2023,Wednesday,12,Winter,0,18.8,7.8,12,17,5.5,Cold,0,0,0,No Rain,6.7,273,63.42,976.65,20.92,0,4.96,2023-12-13T07:10,2023-12-13T17:05,Sunny,0,11.5,66,0,12.5,62.63,0,25,279,0.89
Peshawar,34.0151,71.5249,12/14/2023,Thursday,12,Winter,0,19.6,4.7,11.9,18.2,2.6,Cold,0,0,0,No Rain,5.8,284,64.04,977,29.88,0,4.76,2023-12-14T07:11,2023-12-14T17:05,Sunny,0,12,63.42,0,12.24285714,63.37428571,0,62,204,1.17
Peshawar,34.0151,71.5249,12/15/2023,Friday,12,Winter,0,17.5,6.6,11,15.2,4.7,Cold,0,0,0,No Rain,7.4,52,65.92,977.77,45.33,0,4.39,2023-12-15T07:11,2023-12-15T17:05,Moderate,3,11.9,64.04,0,11.95714286,62.89857143,0,76,103,1.42
Peshawar,34.0151,71.5249,12/16/2023,Saturday,12,Winter,1,17.6,6.2,11.3,15.8,3.9,Cold,0,0,0,No Rain,8.4,229,68.04,976.68,22.54,0,5.22,2023-12-16T07:12,2023-12-16T17:06,Sunny,0,11,65.92,0,11.68571429,63.89285714,0,127,108,0.34
Peshawar,34.0151,71.5249,12/17/2023,Sunday,12,Winter,1,18.9,5.9,11.1,15.9,3.3,Cold,0,0,0,No Rain,10,287,66.83,978.92,0,0,4.51,2023-12-17T07:12,2023-12-17T17:06,Sunny,0,11.3,68.04,0,11.42857143,65.71428571,0,59,198,1.71
Peshawar,34.0151,71.5249,12/18/2023,Monday,12,Winter,0,19.7,4,10.6,17.3,1.2,Cold,0,0,0,No Rain,7.4,269,55.12,980.14,0,0,1.35,2023-12-18T07:13,2023-12-18T17:06,Sunny,0,11.1,66.83,0,11.34285714,64.19571429,0,116,37,0.14
Peshawar,34.0151,71.5249,12/19/2023,Tuesday,12,Winter,0,19.5,5,11.7,17.3,2.1,Cold,0,0,0,No Rain,8.3,237,47.58,979.4,16.75,0,0.57,2023-12-19T07:14,2023-12-19T17:07,Sunny,0,10.6,55.12,0,11.37142857,61.56428571,0,195,224,1.04
Peshawar,34.0151,71.5249,12/20/2023,Wednesday,12,Winter,0,20.5,6.8,13.4,18.2,3.8,Cold,0,0,0,No Rain,7.2,227,43.58,978.4,88.62,0,0.98,2023-12-20T07:14,2023-12-20T17:07,Cloudy,2,11.7,47.58,0,11.57142857,58.73,0,61,251,0.6
Peshawar,34.0151,71.5249,12/21/2023,Thursday,12,Winter,0,20.2,6,12.9,18,3.4,Cold,0,0,0,No Rain,7.9,78,48.29,976.89,41.42,0,1.65,2023-12-21T07:15,2023-12-21T17:08,Moderate,3,13.4,43.58,0,11.71428571,56.48,0,178,268,0.48
Peshawar,34.0151,71.5249,12/22/2023,Friday,12,Winter,0,19.1,5.6,11.9,17.1,3.4,Cold,0.1,0.1,0,Light Rain,12.9,75,63.21,976.59,94.33,0,4.58,2023-12-22T07:15,2023-12-22T17:08,Rainy,1,12.9,48.29,0,11.84285714,56.09285714,0.014285714,154,107,1.88
Peshawar,34.0151,71.5249,12/23/2023,Saturday,12,Winter,1,21.3,8.2,13.7,20.2,6.3,Cold,0.2,0.2,0,Light Rain,9.3,238,69.58,980.51,27.17,0,7.8,2023-12-23T07:16,2023-12-23T17:09,Rainy,1,11.9,63.21,0.1,12.18571429,56.31285714,0.042857143,178,187,0.83
Peshawar,34.0151,71.5249,12/24/2023,Sunday,12,Winter,1,19,8.1,12.8,17.8,6.2,Cold,0,0,0,No Rain,7.9,253,64.96,981.61,65.71,0,6.14,2023-12-24T07:16,2023-12-24T17:09,Moderate,3,13.7,69.58,0.2,12.42857143,56.04571429,0.042857143,46,153,1.01
Peshawar,34.0151,71.5249,12/25/2023,Monday,12,Winter,0,21.9,7.5,13.6,20.5,5.6,Cold,0,0,0,No Rain,8.6,147,59.5,978.35,0,0,5.26,2023-12-25T07:17,2023-12-25T17:10,Sunny,0,12.8,64.96,0,12.85714286,56.67142857,0.042857143,127,54,0.94
Peshawar,34.0151,71.5249,12/26/2023,Tuesday,12,Winter,0,20.5,9.1,13.4,19.1,7.9,Cold,0,0,0,No Rain,6.4,68,65.38,978.2,8.17,0,6.58,2023-12-26T07:17,2023-12-26T17:10,Sunny,0,13.6,59.5,0,13.1,59.21428571,0.042857143,147,243,1.93
Peshawar,34.0151,71.5249,12/27/2023,Wednesday,12,Winter,0,22.2,8.1,14.2,20.7,6.2,Cold,0,0,0,No Rain,9.8,254,61.25,980.36,0.12,0,6.25,2023-12-27T07:17,2023-12-27T17:11,Sunny,0,13.4,65.38,0,13.21428571,61.73857143,0.042857143,133,241,0.83
Peshawar,34.0151,71.5249,12/28/2023,Thursday,12,Winter,0,22.1,6.1,13,20.3,3.7,Cold,0,0,0,No Rain,10.1,23,56.38,977.14,0,0,3.6,2023-12-28T07:18,2023-12-28T17:11,Sunny,0,14.2,61.25,0,13.22857143,62.89428571,0.042857143,83,84,0.32
Peshawar,34.0151,71.5249,12/29/2023,Friday,12,Winter,0,17.9,5.4,11.3,16.8,3.1,Cold,0,0,0,No Rain,8,28,79.92,979.1,52.12,0,7.7,2023-12-29T07:18,2023-12-29T17:12,Moderate,3,13,56.38,0,13.14285714,65.28142857,0.028571429,171,235,1.98
Peshawar,34.0151,71.5249,12/30/2023,Saturday,12,Winter,1,19.4,6.4,12.5,18.1,4.4,Cold,0,0,0,No Rain,8.7,51,75.25,978.14,43,0,7.75,2023-12-30T07:18,2023-12-30T17:13,Moderate,3,11.3,79.92,0,12.97142857,66.09142857,0,164,159,1.87
Peshawar,34.0151,71.5249,12/31/2023,Sunday,12,Winter,1,19.4,6.3,11.3,17.3,4.6,Cold,0,0,0,No Rain,7.6,52,74.17,977.44,6,0,6.01,2023-12-31T07:18,2023-12-31T17:13,Sunny,0,12.5,75.25,0,12.75714286,67.40714286,0,180,143,1.45
Quetta,30.1798,66.975,1/1/2023,Sunday,1,Winter,1,7.9,1.7,4.3,4.1,-0.9,Cold,0,0,0,No Rain,12,304,64.71,840.86,28.08,0,-1.97,2023-01-01T07:28,2023-01-01T17:42,Sunny,0,,,,,,,39,39,0.24
Quetta,30.1798,66.975,1/2/2023,Monday,1,Winter,0,6.8,1.1,3.5,3,-2.2,Cold,0,0,0,No Rain,10.5,287,61.79,841.25,5.25,0,-3.32,2023-01-02T07:28,2023-01-02T17:43,Sunny,0,4.3,64.71,0,,,,126,71,0.72
Quetta,30.1798,66.975,1/3/2023,Tuesday,1,Winter,0,7,0.5,3,3.4,-2.5,Cold,0,0,0,No Rain,8.9,295,62.33,842.92,2.92,0,-3.72,2023-01-03T07:28,2023-01-03T17:43,Sunny,0,3.5,61.79,0,,,,163,276,0.29
Quetta,30.1798,66.975,1/4/2023,Wednesday,1,Winter,0,7.8,0.1,3.2,4.9,-3.2,Cold,0,0,0,No Rain,6.5,223,61.38,841.81,0,0,-3.64,2023-01-04T07:28,2023-01-04T17:44,Sunny,0,3,62.33,0,,,,73,121,0.34
Quetta,30.1798,66.975,1/5/2023,Thursday,1,Winter,0,13.9,0.1,5.6,9.9,-4.3,Cold,0,0,0,No Rain,9.8,166,42.12,839.88,22,0,-7.3,2023-01-05T07:29,2023-01-05T17:45,Sunny,0,3.2,61.38,0,,,,118,267,1.42
Quetta,30.1798,66.975,1/6/2023,Friday,1,Winter,0,13.4,2,7,8.8,-2.3,Cold,0,0,0,No Rain,9,162,40.38,840.06,73.58,0,-6.3,2023-01-06T07:29,2023-01-06T17:46,Cloudy,2,5.6,42.12,0,,,,161,203,1.2
Quetta,30.1798,66.975,1/7/2023,Saturday,1,Winter,1,14.6,2.7,8.2,12.1,-1.5,Cold,0.2,0.2,0,Light Rain,10.7,167,52.42,839.82,66.25,0,-1.16,2023-01-07T07:29,2023-01-07T17:47,Rainy,1,7,40.38,0,4.971428571,55.01857143,0.028571429,58,216,1.81
Quetta,30.1798,66.975,1/8/2023,Sunday,1,Winter,1,11.6,4.4,7.6,9.1,1.2,Cold,6.5,5.7,0.56,Light Rain,12,170,72.62,838.14,74.58,0,2.94,2023-01-08T07:29,2023-01-08T17:47,Rainy,1,8.2,52.42,0.2,5.442857143,56.14857143,0.842857143,153,203,0.55
Quetta,30.1798,66.975,1/9/2023,Monday,1,Winter,0,12.8,1.8,7.9,10.1,-1.3,Cold,0.2,0.2,0,Light Rain,7.2,169,71,839.7,38,0,2.43,2023-01-09T07:29,2023-01-09T17:48,Rainy,1,7.6,72.62,5.7,6.071428571,57.46428571,0.871428571,89,41,1.58
Quetta,30.1798,66.975,1/10/2023,Tuesday,1,Winter,0,14.4,1.9,7.9,10.5,-1.6,Cold,0.3,0.3,0,Light Rain,13.1,156,60.88,838.15,44.12,0,0.29,2023-01-10T07:29,2023-01-10T17:49,Rainy,1,7.9,71,0.2,6.771428571,57.25714286,0.914285714,191,169,0.21
Quetta,30.1798,66.975,1/11/2023,Wednesday,1,Winter,0,8.1,-2.3,4.3,5.5,-6,Cold,19.5,19.5,0,Heavy Rain,16.2,287,84.25,836.12,75,0,1.88,2023-01-11T07:29,2023-01-11T17:50,Rainy,1,7.9,60.88,0.3,6.928571429,60.52428571,3.7,92,52,1.08
Quetta,30.1798,66.975,1/12/2023,Thursday,1,Winter,0,0.8,-7,-3,-3.6,-11.3,Cold,0,0,0,No Rain,13,292,78.83,837.4,33.21,0,-6.29,2023-01-12T07:29,2023-01-12T17:51,Moderate,3,4.3,84.25,19.5,5.7,65.76857143,3.7,152,48,0.19
Quetta,30.1798,66.975,1/13/2023,Friday,1,Winter,0,-1,-9,-5.5,-5.2,-13.5,Cold,0,0,0,No Rain,11.5,295,67.58,837.95,0.08,0,-10.7,2023-01-13T07:29,2023-01-13T17:51,Sunny,0,-3,78.83,0,3.914285714,69.65428571,3.7,69,90,0.84
Quetta,30.1798,66.975,1/14/2023,Saturday,1,Winter,1,3.7,-6.2,-1.7,-0.3,-9.6,Cold,0,0,0,No Rain,9.2,312,59.54,839.04,0,0,-8.96,2023-01-14T07:29,2023-01-14T17:52,Sunny,0,-5.5,67.58,0,2.5,70.67142857,3.671428571,100,142,1.2
Quetta,30.1798,66.975,1/15/2023,Sunday,1,Winter,1,4.1,-2.7,-0.2,0.2,-5.9,Cold,0,0,0,No Rain,9.5,313,54.5,837.64,0,0,-8.5,2023-01-15T07:29,2023-01-15T17:53,Sunny,0,-1.7,59.54,0,1.385714286,68.08285714,2.857142857,112,132,1.6
Quetta,30.1798,66.975,1/16/2023,Monday,1,Winter,0,7.3,-1.6,2.5,3.9,-5,Cold,0,0,0,No Rain,8.4,320,46.67,836.68,0,0,-8.07,2023-01-16T07:29,2023-01-16T17:54,Sunny,0,-0.2,54.5,0,0.614285714,64.60714286,2.828571429,157,186,1.05
Quetta,30.1798,66.975,1/17/2023,Tuesday,1,Winter,0,8.2,1.4,4.5,4.7,-1.9,Cold,0,0,0,No Rain,9.9,300,51.08,837.38,27.71,0,-4.98,2023-01-17T07:28,2023-01-17T17:55,Sunny,0,2.5,46.67,0,0.128571429,63.20714286,2.785714286,159,39,1.34
Quetta,30.1798,66.975,1/18/2023,Wednesday,1,Winter,0,6.1,1.9,3.7,3.4,-1.3,Cold,10.1,5.4,3.29,Heavy Rain,8.7,151,77.33,835.77,99.96,0,-0.02,2023-01-18T07:28,2023-01-18T17:56,Rainy,1,4.5,51.08,0,0.042857143,62.21857143,0.771428571,30,188,1.12
Quetta,30.1798,66.975,1/19/2023,Thursday,1,Winter,0,5.9,1.8,3.8,3.6,-1.1,Cold,4.6,3.8,0.56,Light Rain,7.6,252,89.67,836.55,99.54,0,2.26,2023-01-19T07:28,2023-01-19T17:57,Rainy,1,3.7,77.33,5.4,1.014285714,63.76714286,1.314285714,71,214,0.51
Quetta,30.1798,66.975,1/20/2023,Friday,1,Winter,0,3.5,0.1,1.4,-0.7,-2.9,Cold,0.7,0,0.49,Light Rain,12.8,280,88.75,837.24,94.67,0,-0.35,2023-01-20T07:28,2023-01-20T17:57,Rainy,1,3.8,89.67,3.8,2,66.79142857,1.314285714,135,234,1.83
Quetta,30.1798,66.975,1/21/2023,Saturday,1,Winter,1,2.6,-2.6,0,-1,-5.8,Cold,0,0,0,No Rain,8,311,78.29,837.68,47.88,0,-3.55,2023-01-21T07:27,2023-01-21T17:58,Moderate,3,1.4,88.75,0,2.242857143,69.47,1.314285714,100,249,1.54
Quetta,30.1798,66.975,1/22/2023,Sunday,1,Winter,1,2.4,-5.1,-1.6,-1.1,-8.6,Cold,0,0,0,No Rain,10.7,6,71.88,837.07,44,0,-6.11,2023-01-22T07:27,2023-01-22T17:59,Moderate,3,0,78.29,0,2.042857143,71.95285714,1.314285714,49,261,1.59
Quetta,30.1798,66.975,1/23/2023,Monday,1,Winter,0,1.7,-4.9,-1.7,-1.7,-8.6,Cold,0,0,0,No Rain,9,15,62.54,837.17,2.25,0,-8,2023-01-23T07:27,2023-01-23T18:00,Sunny,0,-1.6,71.88,0,1.442857143,74.22,1.314285714,20,252,0.28
Quetta,30.1798,66.975,1/24/2023,Tuesday,1,Winter,0,1.3,-5.5,-2.2,-3.1,-9.3,Cold,0,0,0,No Rain,14.5,338,61.33,836.35,26.71,0,-8.79,2023-01-24T07:26,2023-01-24T18:01,Sunny,0,-1.7,62.54,0,0.485714286,75.68428571,1.314285714,58,182,0.3
Quetta,30.1798,66.975,1/25/2023,Wednesday,1,Winter,0,1.7,-4.8,-1.9,-2.1,-8,Cold,0,0,0,No Rain,11.2,328,72.17,837.19,13.25,0,-6.46,2023-01-25T07:26,2023-01-25T18:02,Sunny,0,-2.2,61.33,0,-0.314285714,74.94714286,0.542857143,88,114,0.82
Quetta,30.1798,66.975,1/26/2023,Thursday,1,Winter,0,5.2,-3.6,0.1,2,-7.2,Cold,0,0,0,No Rain,8.1,307,55.5,838.98,0.29,0,-7.98,2023-01-26T07:25,2023-01-26T18:03,Sunny,0,-1.9,72.17,0,-0.842857143,70.06571429,0,95,275,0.86
Quetta,30.1798,66.975,1/27/2023,Friday,1,Winter,0,8.8,0.5,4.1,5.5,-3.5,Cold,0,0,0,No Rain,7.3,94,35.67,838.39,53.5,0,-10.45,2023-01-27T07:25,2023-01-27T18:03,Moderate,3,0.1,55.5,0,-0.457142857,62.48285714,0,46,169,0.97
Quetta,30.1798,66.975,1/28/2023,Saturday,1,Winter,1,8.2,1.9,4.6,5,-1.7,Cold,1.4,1.1,0.21,Light Rain,7.6,166,66.33,835.05,100,0,-1.28,2023-01-28T07:25,2023-01-28T18:04,Rainy,1,4.1,35.67,0,0.2,60.77428571,0.157142857,20,78,1.13
Quetta,30.1798,66.975,1/29/2023,Sunday,1,Winter,1,2.6,0.5,1.5,0.4,-2.5,Cold,14,3.3,7.49,Heavy Rain,9.6,301,94.75,832.72,99.25,0,0.74,2023-01-29T07:24,2023-01-29T18:05,Rainy,1,4.6,66.33,1.1,0.642857143,64.04142857,0.628571429,120,112,1.66
Quetta,30.1798,66.975,1/30/2023,Monday,1,Winter,0,6.2,-2.1,1.5,3.5,-5.5,Cold,0,0,0,No Rain,6.9,90,72.54,836.5,38,0,-3.34,2023-01-30T07:23,2023-01-30T18:06,Moderate,3,1.5,94.75,3.3,1.1,65.47,0.628571429,35,152,0.28
Quetta,30.1798,66.975,1/31/2023,Tuesday,1,Winter,0,11.5,-0.3,5,8.8,-4.1,Cold,0,0,0,No Rain,8.2,143,53.25,838.52,6.92,0,-4.14,2023-01-31T07:23,2023-01-31T18:07,Sunny,0,1.5,72.54,0,2.128571429,64.31571429,0.628571429,103,180,1.51
Quetta,30.1798,66.975,2/1/2023,Wednesday,2,Winter,0,13.8,1.5,7,11,-2.2,Cold,0,0,0,No Rain,10.9,152,58.17,838.09,0.21,0,-1.16,2023-02-01T07:22,2023-02-01T18:08,Sunny,0,5,53.25,0,3.4,62.31571429,0.628571429,96,101,1.44
Quetta,30.1798,66.975,2/2/2023,Thursday,2,Winter,0,14.2,2.4,8,12.2,-1.3,Cold,0,0,0,No Rain,8.9,170,57.5,837,7.42,0,-0.4,2023-02-02T07:22,2023-02-02T18:09,Sunny,0,7,58.17,0,4.528571429,62.60142857,0.628571429,141,102,1.89
Quetta,30.1798,66.975,2/3/2023,Friday,2,Winter,0,14,5.3,9.2,11.9,2.2,Cold,2.5,2.5,0,Light Rain,11.5,189,70.08,837.69,44.67,0,3.92,2023-02-03T07:21,2023-02-03T18:10,Rainy,1,8,57.5,0,5.257142857,67.51714286,0.985714286,174,91,1.69
Quetta,30.1798,66.975,2/4/2023,Saturday,2,Winter,1,14.3,5.7,9.9,12.2,3.4,Cold,0,0,0,No Rain,8.4,221,65.08,838,11.12,0,3.27,2023-02-04T07:21,2023-02-04T18:10,Sunny,0,9.2,70.08,2.5,6.014285714,67.33857143,0.828571429,119,158,1.97
Quetta,30.1798,66.975,2/5/2023,Sunday,2,Winter,1,15,4,9.2,11.5,0.8,Cold,3.2,3.2,0,Light Rain,15,181,66.92,833.49,22.96,0,3.07,2023-02-05T07:20,2023-02-05T18:11,Rainy,1,9.9,65.08,0,7.114285714,63.36285714,0.814285714,151,198,0.43
Quetta,30.1798,66.975,2/6/2023,Monday,2,Winter,0,11.2,5.4,7.8,7.8,2.6,Cold,0,0,0,No Rain,13,293,49.29,837.31,13.54,0,-2.55,2023-02-06T07:19,2023-02-06T18:12,Sunny,0,9.2,66.92,3.2,8.014285714,60.04142857,0.814285714,53,249,0.67
Quetta,30.1798,66.975,2/7/2023,Tuesday,2,Winter,0,14,6.3,9.3,10.9,2.8,Cold,0,0,0,No Rain,7.9,224,37,836.94,59.04,0,-4.97,2023-02-07T07:19,2023-02-07T18:13,Moderate,3,7.8,49.29,0,8.628571429,57.72,0.814285714,116,243,1.8
Quetta,30.1798,66.975,2/8/2023,Wednesday,2,Winter,0,16.3,5.7,10.5,13.6,2.2,Cold,0.5,0.5,0,Light Rain,9,157,49.83,834.52,98.46,0,0.16,2023-02-08T07:18,2023-02-08T18:14,Rainy,1,9.3,37,0,9.128571429,56.52857143,0.885714286,155,120,1.62
Quetta,30.1798,66.975,2/9/2023,Thursday,2,Winter,0,15.3,7.1,10.4,11.5,4.1,Cold,0.7,0.7,0,Light Rain,19.7,224,56.25,833,81.62,0,1.75,2023-02-09T07:17,2023-02-09T18:15,Rainy,1,10.5,49.83,0.5,9.471428571,56.35,0.985714286,90,297,1.26
Quetta,30.1798,66.975,2/10/2023,Friday,2,Winter,0,10.4,2.2,6.1,6.4,-1.5,Cold,0,0,0,No Rain,13.9,289,41.21,834.49,8.08,0,-6.5,2023-02-10T07:16,2023-02-10T18:15,Sunny,0,10.4,56.25,0.7,9.028571429,52.22571429,0.628571429,140,245,1.62
Quetta,30.1798,66.975,2/11/2023,Saturday,2,Winter,1,6.8,0.2,3.3,2.2,-3.9,Cold,0,0,0,No Rain,16.8,291,49.5,838.74,12.33,0,-6.33,2023-02-11T07:15,2023-02-11T18:16,Sunny,0,6.1,41.21,0,8.085714286,50,0.628571429,20,275,1.23
Quetta,30.1798,66.975,2/12/2023,Sunday,2,Winter,1,10.6,-1.4,4.4,7.2,-5.3,Cold,0,0,0,No Rain,8.4,310,42.42,841.42,4.67,0,-7.83,2023-02-12T07:15,2023-02-12T18:17,Sunny,0,3.3,49.5,0,7.4,46.5,0.171428571,99,74,0.48
Quetta,30.1798,66.975,2/13/2023,Monday,2,Winter,0,17.3,4.1,11.2,14.2,0.3,Cold,0,0,0,No Rain,11.9,255,35.29,840.89,25.46,0,-3.89,2023-02-13T07:14,2023-02-13T18:18,Sunny,0,4.4,42.42,0,7.885714286,44.5,0.171428571,200,120,1.24
Quetta,30.1798,66.975,2/14/2023,Tuesday,2,Winter,0,20.2,7,13.4,18,3.6,Cold,0,0,0,No Rain,10.3,129,40.71,841.23,75.67,0,-0.14,2023-02-14T07:13,2023-02-14T18:19,Cloudy,2,11.2,35.29,0,8.471428571,45.03,0.171428571,78,35,0.74
Quetta,30.1798,66.975,2/15/2023,Wednesday,2,Winter,0,23.3,7.4,15.3,19.9,4,Moderate,0,0,0,No Rain,11.5,167,34.12,840.34,34.12,0,-2.49,2023-02-15T07:12,2023-02-15T18:20,Moderate,3,13.4,40.71,0,9.157142857,42.78571429,0.1,95,61,0.22
Quetta,30.1798,66.975,2/16/2023,Thursday,2,Winter,0,23.5,9.8,16.7,19.8,5.8,Moderate,0,0,0,No Rain,9.8,149,17.67,841.36,84.88,0,-9.15,2023-02-16T07:11,2023-02-16T18:20,Cloudy,2,15.3,34.12,0,10.05714286,37.27428571,0,28,205,0.32
Quetta,30.1798,66.975,2/17/2023,Friday,2,Winter,0,22.7,9.4,16.5,19.7,5.6,Moderate,0,0,0,No Rain,9.5,169,21.29,843.01,67.04,0,-6.24,2023-02-17T07:10,2023-02-17T18:21,Moderate,3,16.7,17.67,0,11.54285714,34.42857143,0,30,181,1.53
Quetta,30.1798,66.975,2/18/2023,Saturday,2,Winter,1,21.8,9.6,15.6,18.2,5.8,Moderate,0,0,0,No Rain,13.7,199,25.25,841.62,33.62,0,-5.54,2023-02-18T07:09,2023-02-18T18:22,Moderate,3,16.5,21.29,0,13.3,30.96428571,0,141,105,0.97
Quetta,30.1798,66.975,2/19/2023,Sunday,2,Winter,1,20.1,9.6,14.8,17.4,6,Cold,0,0,0,No Rain,10.6,211,30.33,839.43,69.17,0,-2.89,2023-02-19T07:08,2023-02-19T18:23,Moderate,3,15.6,25.25,0,14.78571429,29.23714286,0,90,126,2
Quetta,30.1798,66.975,2/20/2023,Monday,2,Winter,0,16.8,8.9,12.8,13,4.8,Cold,0,0,0,No Rain,16.6,309,34.21,838.4,67.21,0,-3.28,2023-02-20T07:07,2023-02-20T18:23,Moderate,3,14.8,30.33,0,15.01428571,29.08285714,0,75,170,1.24
Quetta,30.1798,66.975,2/21/2023,Tuesday,2,Winter,0,17.5,5.8,11.6,13.7,1.8,Cold,0,0,0,No Rain,9.4,9,18.46,838.26,3.71,0,-13.39,2023-02-21T07:06,2023-02-21T18:24,Sunny,0,12.8,34.21,0,14.75714286,25.90428571,0,80,141,0.12
Quetta,30.1798,66.975,2/22/2023,Wednesday,2,Winter,0,19.9,6.7,12.9,16.8,2.1,Cold,0,0,0,No Rain,15,196,21.17,836.34,38.21,0,-9.51,2023-02-22T07:05,2023-02-22T18:25,Moderate,3,11.6,18.46,0,14.41428571,24.05428571,0,53,104,1.62
Quetta,30.1798,66.975,2/23/2023,Thursday,2,Winter,0,19.3,5.3,13.2,15.9,1,Cold,0,0,0,No Rain,13.7,156,29.38,838.12,38.79,0,-5.14,2023-02-23T07:04,2023-02-23T18:26,Moderate,3,12.9,21.17,0,13.91428571,25.72714286,0,132,188,1.63
Quetta,30.1798,66.975,2/24/2023,Friday,2,Winter,0,20.3,5.5,13.2,17.9,2.5,Cold,0.1,0.1,0,Light Rain,12.2,159,46.96,838.53,15.42,0,0.96,2023-02-24T07:03,2023-02-24T18:26,Rainy,1,13.2,29.38,0,13.44285714,29.39428571,0.014285714,143,67,1.02
Quetta,30.1798,66.975,2/25/2023,Saturday,2,Winter,1,19.7,7.3,13.8,16.2,4.5,Cold,0.1,0.1,0,Light Rain,15.2,268,42.29,841,3.71,0,-0.68,2023-02-25T07:02,2023-02-25T18:27,Rainy,1,13.2,46.96,0.1,13.18571429,31.82857143,0.028571429,130,106,0.93
Quetta,30.1798,66.975,2/26/2023,Sunday,2,Winter,1,21,9.6,15.6,17.4,6.4,Moderate,0,0,0,No Rain,16.3,288,26.08,844.05,9,0,-4.45,2023-02-26T07:01,2023-02-26T18:28,Sunny,0,13.8,42.29,0.1,13.3,31.22142857,0.028571429,89,90,1.1
Quetta,30.1798,66.975,2/27/2023,Monday,2,Winter,0,19.7,10.2,15.3,16.7,7.2,Moderate,0,0,0,No Rain,11.9,258,26.75,843.35,20.88,0,-4.43,2023-02-27T07:00,2023-02-27T18:29,Sunny,0,15.6,26.08,0,13.65714286,30.15571429,0.028571429,34,276,0.88
Quetta,30.1798,66.975,2/28/2023,Tuesday,2,Winter,0,16.6,8.3,11.7,12.7,4.8,Cold,2.4,2.4,0,Light Rain,16.6,252,44.29,840.68,70.75,0,-0.56,2023-02-28T06:59,2023-02-28T18:29,Rainy,1,15.3,26.75,0,13.67142857,33.84571429,0.371428571,123,36,1.82
Quetta,30.1798,66.975,3/1/2023,Wednesday,3,Spring,0,14.9,6.7,10.4,12.8,3.8,Cold,10.7,10.7,0,Heavy Rain,12.2,163,66.75,840.93,80.08,0,4.26,2023-03-01T06:58,2023-03-01T18:30,Rainy,1,11.7,44.29,2.4,13.31428571,40.35714286,1.9,44,287,0.62
Quetta,30.1798,66.975,3/2/2023,Thursday,3,Spring,0,15.7,8,11.3,12.8,6.4,Cold,1.3,1.3,0,Light Rain,12.4,206,68.79,842.6,75.83,0,5.33,2023-03-02T06:57,2023-03-02T18:31,Rainy,1,10.4,66.75,10.7,13.04285714,45.98714286,2.085714286,124,285,0.47
Quetta,30.1798,66.975,3/3/2023,Friday,3,Spring,0,13.9,7.5,10.7,12.4,5.7,Cold,8,8,0,Light Rain,7.6,145,80.17,843.49,83.83,0,7.37,2023-03-03T06:56,2023-03-03T18:31,Rainy,1,11.3,68.79,1.3,12.68571429,50.73142857,3.214285714,93,266,0.16
Quetta,30.1798,66.975,3/4/2023,Saturday,3,Spring,1,14.4,5.8,9.9,13.4,3.4,Cold,3.3,3.3,0,Light Rain,12,155,78.58,842.51,37.67,0,6.22,2023-03-04T06:55,2023-03-04T18:32,Rainy,1,10.7,80.17,8,12.12857143,55.91571429,3.671428571,73,119,0.81
Quetta,30.1798,66.975,3/5/2023,Sunday,3,Spring,1,16.7,6.7,11.9,16.1,4.6,Cold,0.1,0.1,0,Light Rain,6.4,134,61.67,843.2,10.96,0,4.24,2023-03-05T06:54,2023-03-05T18:33,Rainy,1,9.9,78.58,3.3,11.6,61,3.685714286,51,149,0.67
Quetta,30.1798,66.975,3/6/2023,Monday,3,Spring,0,16,9.4,12.6,15.7,6.9,Cold,1.3,1.3,0,Light Rain,13.4,220,54.79,841.7,31.21,0,3.61,2023-03-06T06:53,2023-03-06T18:34,Rainy,1,11.9,61.67,0.1,11.21428571,65.00571429,3.871428571,167,89,0.55
Quetta,30.1798,66.975,3/7/2023,Tuesday,3,Spring,0,17.6,8.3,13.5,16.1,5.7,Cold,0,0,0,No Rain,8.2,2,47.54,841.3,1.04,0,2.06,2023-03-07T06:51,2023-03-07T18:34,Sunny,0,12.6,54.79,1.3,11.47142857,65.47,3.528571429,112,130,1.43
Quetta,30.1798,66.975,3/8/2023,Wednesday,3,Spring,0,19.7,8.1,14.4,19.5,5.1,Cold,0,0,0,No Rain,10.8,147,43.58,842.34,0.12,0,1.74,2023-03-08T06:50,2023-03-08T18:35,Sunny,0,13.5,47.54,0,12.04285714,62.16,2,188,260,0.54
Quetta,30.1798,66.975,3/9/2023,Thursday,3,Spring,0,20.7,7.7,15,20.3,4.4,Cold,0,0,0,No Rain,7.4,168,40.58,842.14,2.62,0,1.05,2023-03-09T06:49,2023-03-09T18:36,Sunny,0,14.4,43.58,0,12.57142857,58.13,1.814285714,31,217,1.57
Quetta,30.1798,66.975,3/10/2023,Friday,3,Spring,0,21.6,8.3,15.4,20,5.4,Moderate,0,0,0,No Rain,7.9,162,44.83,841.7,73.29,0,2.26,2023-03-10T06:48,2023-03-10T18:36,Cloudy,2,15,40.58,0,13.24285714,53.08142857,0.671428571,196,122,1.47
Quetta,30.1798,66.975,3/11/2023,Saturday,3,Spring,1,21.6,12.3,16.7,20.1,9.4,Moderate,0,0,0,No Rain,10.5,166,39.79,841.28,94.17,0,2.33,2023-03-11T06:47,2023-03-11T18:37,Cloudy,2,15.4,44.83,0,14.21428571,47.54,0.2,79,239,0.6
Quetta,30.1798,66.975,3/12/2023,Sunday,3,Spring,1,20.8,10.3,15.1,20.1,8.2,Moderate,0.8,0.8,0,Light Rain,16.2,147,52.25,840.95,42.12,0,4.65,2023-03-12T06:46,2023-03-12T18:37,Rainy,1,16.7,39.79,0,14.67142857,46.19428571,0.3,182,204,0.63
Quetta,30.1798,66.975,3/13/2023,Monday,3,Spring,0,21.8,8.8,16,20.3,6.2,Moderate,0,0,0,No Rain,9.7,152,41.83,840.89,7.58,0,1.22,2023-03-13T06:44,2023-03-13T18:38,Sunny,0,15.1,52.25,0.8,15.15714286,44.34285714,0.114285714,84,76,0.27
Quetta,30.1798,66.975,3/14/2023,Tuesday,3,Spring,0,22.6,9.5,16.6,19.8,6.9,Moderate,0,0,0,No Rain,10.2,62,34.67,839.12,45.46,0,-2.22,2023-03-14T06:43,2023-03-14T18:39,Moderate,3,16,41.83,0,15.6,42.50428571,0.114285714,21,269,0.3
Quetta,30.1798,66.975,3/15/2023,Wednesday,3,Spring,0,23.1,10.1,17.4,20.4,7.1,Moderate,0,0,0,No Rain,11.7,156,30.54,836.39,80.96,0,-2.02,2023-03-15T06:42,2023-03-15T18:39,Cloudy,2,16.6,34.67,0,16.02857143,40.64142857,0.114285714,135,62,0.43
Quetta,30.1798,66.975,3/16/2023,Thursday,3,Spring,0,19.5,10.9,15.8,17.2,8.1,Moderate,0,0,0,No Rain,11.1,160,40.21,836.2,59.38,0,1.75,2023-03-16T06:41,2023-03-16T18:40,Moderate,3,17.4,30.54,0,16.14285714,40.58857143,0.114285714,82,226,0.6
Quetta,30.1798,66.975,3/17/2023,Friday,3,Spring,0,19.4,8.3,13.8,19.1,6,Cold,0.6,0.6,0,Light Rain,15.3,149,59.42,836.4,25.42,0,5.58,2023-03-17T06:40,2023-03-17T18:41,Rainy,1,15.8,40.21,0,15.91428571,42.67285714,0.2,169,133,1.07
Quetta,30.1798,66.975,3/18/2023,Saturday,3,Spring,1,17,7.3,11.8,16.8,5.2,Cold,11.9,11.9,0,Heavy Rain,12.8,160,78.04,835.8,84.46,0,7.83,2023-03-18T06:38,2023-03-18T18:41,Rainy,1,13.8,59.42,0.6,15.21428571,48.13714286,1.9,36,88,0.58
Quetta,30.1798,66.975,3/19/2023,Sunday,3,Spring,1,18.9,9.2,13.7,16.9,7.8,Cold,0,0,0,No Rain,12.8,301,54.88,835.08,8.62,0,3.39,2023-03-19T06:37,2023-03-19T18:42,Sunny,0,11.8,78.04,11.9,15.01428571,48.51285714,1.785714286,123,295,0.64
Quetta,30.1798,66.975,3/20/2023,Monday,3,Spring,0,19.5,10,14.7,17.6,6.9,Cold,0,0,0,No Rain,9.3,225,35.88,833.48,3,0,-0.78,2023-03-20T06:36,2023-03-20T18:43,Sunny,0,13.7,54.88,0,14.82857143,47.66285714,1.785714286,139,299,1.97
Quetta,30.1798,66.975,3/21/2023,Tuesday,3,Spring,0,20,8.4,13.9,19.1,5.5,Cold,0.5,0.5,0,Light Rain,16.1,154,46.79,833.22,39.96,0,2.25,2023-03-21T06:35,2023-03-21T18:43,Rainy,1,14.7,35.88,0,14.44285714,49.39428571,1.857142857,110,272,0.53
Quetta,30.1798,66.975,3/22/2023,Wednesday,3,Spring,0,14.1,8.9,11.7,12.2,6.3,Cold,7.1,7.1,0,Light Rain,12.3,159,67.75,833.29,65,0,5.81,2023-03-22T06:34,2023-03-22T18:44,Rainy,1,13.9,46.79,0.5,13.62857143,54.71,2.871428571,128,212,1.86
Quetta,30.1798,66.975,3/23/2023,Thursday,3,Spring,0,15.1,6.7,10.6,13.6,4.6,Cold,16.9,16.9,0,Heavy Rain,15.5,161,78.17,831.59,69.12,0,6.8,2023-03-23T06:32,2023-03-23T18:44,Rainy,1,11.7,67.75,7.1,12.88571429,60.13285714,5.285714286,170,264,1.68
Quetta,30.1798,66.975,3/24/2023,Friday,3,Spring,0,10.8,5.2,8.1,8.6,3.2,Cold,3.8,3.8,0,Light Rain,14.4,284,78.38,831,66.83,0,4.43,2023-03-24T06:31,2023-03-24T18:45,Rainy,1,10.6,78.17,16.9,12.07142857,62.84142857,5.742857143,161,144,0.12
Quetta,30.1798,66.975,3/25/2023,Saturday,3,Spring,1,13.6,5.4,9.4,12,3.3,Cold,0,0,0,No Rain,11.6,349,71.58,834.71,38.71,0,4.31,2023-03-25T06:30,2023-03-25T18:46,Moderate,3,8.1,78.38,3.8,11.72857143,61.91857143,4.042857143,76,233,0.52
Quetta,30.1798,66.975,3/26/2023,Sunday,3,Spring,1,16.7,5.8,11.5,15.8,3.3,Cold,0.2,0.2,0,Light Rain,10.6,226,62.38,837.22,18.58,0,3.95,2023-03-26T06:29,2023-03-26T18:46,Rainy,1,9.4,71.58,0,11.41428571,62.99,4.071428571,183,130,1.97
Quetta,30.1798,66.975,3/27/2023,Monday,3,Spring,0,18.6,7.7,13.5,17,4.9,Cold,0,0,0,No Rain,11.5,246,49.04,836.75,50.38,0,2.47,2023-03-27T06:27,2023-03-27T18:47,Moderate,3,11.5,62.38,0.2,11.24285714,64.87,4.071428571,72,204,0.63
Quetta,30.1798,66.975,3/28/2023,Tuesday,3,Spring,0,19.3,8.9,14.2,17.6,6.2,Cold,2.6,2.6,0,Light Rain,12.8,172,50.42,835.13,50.46,0,3.45,2023-03-28T06:26,2023-03-28T18:48,Rainy,1,13.5,49.04,0,11.28571429,65.38857143,4.371428571,167,146,1.04
Quetta,30.1798,66.975,3/29/2023,Wednesday,3,Spring,0,14.3,9.1,11.2,13.1,7.6,Cold,17.9,17.9,0,Heavy Rain,9.9,180,80.46,833.06,84.46,0,7.87,2023-03-29T06:25,2023-03-29T18:48,Rainy,1,14.2,50.42,2.6,11.21428571,67.20428571,5.914285714,149,246,1.68
Quetta,30.1798,66.975,3/30/2023,Thursday,3,Spring,0,14.2,8.5,10.8,12.4,7.6,Cold,7.9,7.9,0,Light Rain,9.1,334,82.75,833.43,81.83,0,7.91,2023-03-30T06:24,2023-03-30T18:49,Rainy,1,11.2,80.46,17.9,11.24285714,67.85857143,4.628571429,176,252,0.52
Quetta,30.1798,66.975,3/31/2023,Friday,3,Spring,0,16,6.6,11.6,15.6,5.1,Cold,2.4,2.4,0,Light Rain,14.4,307,79.5,833.59,48.5,0,7.89,2023-03-31T06:23,2023-03-31T18:49,Rainy,1,10.8,82.75,7.9,11.74285714,68.01857143,4.428571429,42,77,1.2
Quetta,30.1798,66.975,4/1/2023,Saturday,4,Spring,1,18.5,7.1,12.7,18.2,5.2,Cold,0.2,0.2,0,Light Rain,8.1,163,69.83,833.63,42.08,0,6.78,2023-04-01T06:21,2023-04-01T18:50,Rainy,1,11.6,79.5,2.4,12.21428571,67.76857143,4.457142857,175,217,0.6
Quetta,30.1798,66.975,4/2/2023,Sunday,4,Spring,1,20.3,8.3,13.3,19.3,5.8,Cold,1,1,0,Light Rain,16.1,160,73.25,832.49,11.25,0,8.12,2023-04-02T06:20,2023-04-02T18:51,Rainy,1,12.7,69.83,0.2,12.47142857,69.32142857,4.571428571,163,172,0.18
Quetta,30.1798,66.975,4/3/2023,Monday,4,Spring,0,19.1,7.1,13.4,17.4,4.7,Cold,1,1,0,Light Rain,13.6,192,57.33,832,8.92,0,3.62,2023-04-03T06:19,2023-04-03T18:51,Rainy,1,13.3,73.25,1,12.45714286,70.50571429,4.714285714,149,135,1.36
Quetta,30.1798,66.975,4/4/2023,Tuesday,4,Spring,0,18.7,9,13.8,16.6,6,Cold,0,0,0,No Rain,10.5,178,37.88,835.82,0,0,-1.68,2023-04-04T06:18,2023-04-04T18:52,Sunny,0,13.4,57.33,1,12.4,68.71428571,4.342857143,79,236,1.02
Quetta,30.1798,66.975,4/5/2023,Wednesday,4,Spring,0,17.9,7.7,12.9,16.9,5,Cold,0.2,0.2,0,Light Rain,12.2,219,57.71,835.89,18.08,0,3.66,2023-04-05T06:17,2023-04-05T18:52,Rainy,1,13.8,37.88,0,12.64285714,65.46428571,1.814285714,69,71,1.92
Quetta,30.1798,66.975,4/6/2023,Thursday,4,Spring,0,20.2,6.8,14.3,18.8,3.5,Cold,0,0,0,No Rain,14,157,38.17,838.25,1.88,0,-0.96,2023-04-06T06:15,2023-04-06T18:53,Sunny,0,12.9,57.71,0.2,13.14285714,59.09571429,0.685714286,20,234,0.65
Quetta,30.1798,66.975,4/7/2023,Friday,4,Spring,0,20.5,7.6,14.1,20.7,5.3,Cold,0.2,0.2,0,Light Rain,12.3,160,60.08,840.73,10.79,0,5.24,2023-04-07T06:14,2023-04-07T18:54,Rainy,1,14.3,38.17,0,13.5,56.32142857,0.371428571,157,80,1.77
Quetta,30.1798,66.975,4/8/2023,Saturday,4,Spring,1,21.9,9.3,15.9,19.8,7,Moderate,0,0,0,No Rain,8.2,146,45.92,842.18,3.38,0,1.83,2023-04-08T06:13,2023-04-08T18:54,Sunny,0,14.1,60.08,0.2,13.95714286,52.90571429,0.342857143,82,156,0.61
Quetta,30.1798,66.975,4/9/2023,Sunday,4,Spring,1,23.2,11.7,17.6,21.9,9,Moderate,0.1,0.1,0,Light Rain,9.4,139,34.08,843.14,25.33,0,0.49,2023-04-09T06:12,2023-04-09T18:55,Rainy,1,15.9,45.92,0,14.57142857,47.31,0.214285714,122,202,0.83
Quetta,30.1798,66.975,4/10/2023,Monday,4,Spring,0,23.1,12.3,18.1,22.6,9.8,Moderate,0,0,0,No Rain,9.3,156,33.38,842.13,19.38,0,0.7,2023-04-10T06:11,2023-04-10T18:56,Sunny,0,17.6,34.08,0.1,15.24285714,43.88857143,0.071428571,41,138,1.71
Quetta,30.1798,66.975,4/11/2023,Tuesday,4,Spring,0,25.2,12.3,18.7,23.4,9.6,Moderate,0,0,0,No Rain,19.5,141,31.62,841.85,13.96,0,0.15,2023-04-11T06:10,2023-04-11T18:56,Sunny,0,18.1,33.38,0,15.94285714,42.99428571,0.071428571,166,223,1.54
Quetta,30.1798,66.975,4/12/2023,Wednesday,4,Spring,0,25.6,13.5,19.9,23.9,10.9,Moderate,0,0,0,No Rain,9.3,146,26.62,842.2,2.92,0,-1.86,2023-04-12T06:09,2023-04-12T18:57,Sunny,0,18.7,31.62,0,16.94285714,38.55285714,0.042857143,28,187,0.62
Quetta,30.1798,66.975,4/13/2023,Thursday,4,Spring,0,27.1,14.4,21.2,25,11.5,Moderate,0,0,0,No Rain,11,98,21.46,842.02,0,0,-4.44,2023-04-13T06:07,2023-04-13T18:57,Sunny,0,19.9,26.62,0,17.92857143,36.16571429,0.042857143,169,271,1.59
Quetta,30.1798,66.975,4/14/2023,Friday,4,Spring,0,28.2,14.3,22.1,25.9,11,Moderate,0,0,0,No Rain,14.2,78,17.92,840.84,33.58,0,-5.29,2023-04-14T06:06,2023-04-14T18:58,Moderate,3,21.2,21.46,0,19.07142857,30.14285714,0.014285714,20,162,1.08
Quetta,30.1798,66.975,4/15/2023,Saturday,4,Spring,1,28.5,14.5,21.1,26.7,10.9,Moderate,1.7,1.7,0,Light Rain,15.1,180,27.5,839.36,90.79,0,0.08,2023-04-15T06:05,2023-04-15T18:59,Rainy,1,22.1,17.92,0,19.81428571,27.51142857,0.257142857,77,119,0.69
Quetta,30.1798,66.975,4/16/2023,Sunday,4,Spring,1,26.9,13.3,20.7,25.5,12,Moderate,0.5,0.5,0,Light Rain,11.8,156,42.42,838.4,49,0,5.47,2023-04-16T06:04,2023-04-16T18:59,Rainy,1,21.1,27.5,1.7,20.25714286,28.70285714,0.314285714,178,236,0.36
Quetta,30.1798,66.975,4/17/2023,Monday,4,Spring,0,22.5,15.8,18.6,20.6,13.7,Moderate,4.4,4.4,0,Light Rain,17.8,153,51.96,837.44,91.38,0,8.49,2023-04-17T06:03,2023-04-17T19:00,Rainy,1,20.7,42.42,0.5,20.32857143,31.35714286,0.942857143,123,187,1.56
Quetta,30.1798,66.975,4/18/2023,Tuesday,4,Spring,0,21.3,12.6,16.7,19.1,12,Moderate,0,0,0,No Rain,14.2,303,50.12,839.1,81.75,0,5.29,2023-04-18T06:02,2023-04-18T19:01,Cloudy,2,18.6,51.96,4.4,20.04285714,34,0.942857143,110,192,1.46
Quetta,30.1798,66.975,4/19/2023,Wednesday,4,Spring,0,19.8,10.7,15.4,16.6,8.6,Moderate,0,0,0,No Rain,19.4,291,35.71,837.34,6.83,0,-1,2023-04-19T06:01,2023-04-19T19:01,Sunny,0,16.7,50.12,0,19.4,35.29857143,0.942857143,115,233,0.46
Quetta,30.1798,66.975,4/20/2023,Thursday,4,Spring,0,20.1,10.6,15.6,16.2,7.4,Moderate,0,0,0,No Rain,18.6,286,16.12,834.19,0,0,-11.95,2023-04-20T06:00,2023-04-20T19:02,Sunny,0,15.4,35.71,0,18.6,34.53571429,0.942857143,136,65,0.3
Quetta,30.1798,66.975,4/21/2023,Friday,4,Spring,0,22.7,9.5,16.9,19.5,5.2,Moderate,0,0,0,No Rain,14.2,248,12.46,834.32,0,0,-14.06,2023-04-21T05:59,2023-04-21T19:02,Sunny,0,15.6,16.12,0,17.85714286,33.75571429,0.942857143,116,234,1.2
Quetta,30.1798,66.975,4/22/2023,Saturday,4,Spring,1,24.7,13.3,18.8,21.3,9.2,Moderate,0,0,0,No Rain,17.7,319,11.17,836.31,0,0,-13.6,2023-04-22T05:58,2023-04-22T19:03,Sunny,0,16.9,12.46,0,17.52857143,31.42285714,0.7,44,202,0.59
Quetta,30.1798,66.975,4/23/2023,Sunday,4,Spring,1,26.7,13.3,21,23.3,8.9,Moderate,0,0,0,No Rain,14.2,342,7.79,838.42,14.88,0,-16.79,2023-04-23T05:56,2023-04-23T19:04,Sunny,0,18.8,11.17,0,17.57142857,26.47571429,0.628571429,158,300,0.92
Quetta,30.1798,66.975,4/24/2023,Monday,4,Spring,0,27.3,11.3,20.4,26,6.7,Moderate,0,0,0,No Rain,14.5,154,15.58,838.71,73.46,0,-8.37,2023-04-24T05:55,2023-04-24T19:04,Cloudy,2,21,7.79,0,17.82857143,21.27857143,0,63,274,0.2
Quetta,30.1798,66.975,4/25/2023,Tuesday,4,Spring,0,26,12,20,23.6,8.6,Moderate,0,0,0,No Rain,12.7,148,25.62,839.4,92.04,0,-1.92,2023-04-25T05:54,2023-04-25T19:05,Cloudy,2,20.4,15.58,0,18.3,17.77857143,0,60,43,1.58
Quetta,30.1798,66.975,4/26/2023,Wednesday,4,Spring,0,23.4,15.4,19.9,20.8,12.5,Moderate,0,0,0,No Rain,17.9,170,26.62,838.65,96.12,0,-0.52,2023-04-26T05:54,2023-04-26T19:06,Cloudy,2,20,25.62,0,18.94285714,16.48,0,144,267,1.76
Quetta,30.1798,66.975,4/27/2023,Thursday,4,Spring,0,24.7,14.9,19.8,22.7,12,Moderate,0,0,0,No Rain,13.3,130,26.33,836.94,76.08,0,-0.75,2023-04-27T05:53,2023-04-27T19:06,Cloudy,2,19.9,26.62,0,19.54285714,17.93857143,0,71,38,0.88
Quetta,30.1798,66.975,4/28/2023,Friday,4,Spring,0,23.6,12.5,18.4,22.5,10.5,Moderate,0.7,0.7,0,Light Rain,16.4,134,40.46,837.27,50.04,0,4.27,2023-04-28T05:52,2023-04-28T19:07,Rainy,1,19.8,26.33,0,19.75714286,21.93857143,0.1,129,260,0.39
Quetta,30.1798,66.975,4/29/2023,Saturday,4,Spring,1,21.4,10.7,16.2,20.7,9.5,Moderate,2.2,2.2,0,Light Rain,19.2,143,61.88,835.93,81.92,0,8.37,2023-04-29T05:51,2023-04-29T19:08,Rainy,1,18.4,40.46,0.7,19.38571429,29.18285714,0.414285714,77,122,1.8
Quetta,30.1798,66.975,4/30/2023,Sunday,4,Spring,1,23.2,11.3,17.2,23.2,10.3,Moderate,0,0,0,No Rain,11.8,161,60.12,834.6,62.04,0,8.56,2023-04-30T05:50,2023-04-30T19:08,Moderate,3,16.2,61.88,2.2,18.84285714,36.65857143,0.414285714,84,152,1.64
Quetta,30.1798,66.975,5/1/2023,Monday,5,Spring,0,23.7,12.3,17.5,22.6,11.2,Moderate,2.1,2.1,0,Light Rain,17.8,159,60.33,834.25,45.04,0,8.88,2023-05-01T05:49,2023-05-01T19:09,Rainy,1,17.2,60.12,0,18.42857143,43.05142857,0.714285714,73,239,0.8
Quetta,30.1798,66.975,5/2/2023,Tuesday,5,Spring,0,25.1,11.9,18.5,22.1,10.6,Moderate,0.6,0.6,0,Light Rain,13.1,210,53.5,835.73,37.25,0,7.51,2023-05-02T05:48,2023-05-02T19:10,Rainy,1,17.5,60.33,2.1,18.21428571,47.03428571,0.8,69,262,1.58
Quetta,30.1798,66.975,5/3/2023,Wednesday,5,Spring,0,26.9,11.2,19,25.5,10,Moderate,0,0,0,No Rain,13.8,178,57.88,837.38,3.29,0,7.67,2023-05-03T05:47,2023-05-03T19:10,Sunny,0,18.5,53.5,0.6,18.08571429,51.5,0.8,154,66,0.45
Quetta,30.1798,66.975,5/4/2023,Thursday,5,Spring,0,26.6,12.2,19.6,26,11,Moderate,0,0,0,No Rain,10.8,167,53.38,837.53,22.46,0,7.76,2023-05-04T05:46,2023-05-04T19:11,Sunny,0,19,57.88,0,18.05714286,55.36428571,0.8,47,291,1.35
Quetta,30.1798,66.975,5/5/2023,Friday,5,Spring,0,23.4,14.3,18,22.2,12.3,Moderate,3.1,3.1,0,Light Rain,21.3,148,57,837.4,52.88,0,8.69,2023-05-05T05:45,2023-05-05T19:11,Rainy,1,19.6,53.38,0,18,57.72714286,1.142857143,192,300,1.54
Quetta,30.1798,66.975,5/6/2023,Saturday,5,Spring,1,23.5,12.5,17.8,20.6,11,Moderate,0,0,0,No Rain,17.4,288,44.08,837.37,1.17,0,2.65,2023-05-06T05:45,2023-05-06T19:12,Sunny,0,18,57,3.1,18.22857143,55.18428571,0.828571429,180,269,1.05
Quetta,30.1798,66.975,5/7/2023,Sunday,5,Spring,1,23.5,13,18.2,20.2,9.8,Moderate,0,0,0,No Rain,22.6,302,19.92,837.66,0,0,-5.75,2023-05-07T05:44,2023-05-07T19:13,Sunny,0,17.8,44.08,0,18.37142857,49.44142857,0.828571429,183,181,0.66
Quetta,30.1798,66.975,5/8/2023,Monday,5,Spring,0,24.7,13.4,18.9,20.9,9.5,Moderate,0,0,0,No Rain,17.2,288,20.83,837.2,0,0,-5.43,2023-05-08T05:43,2023-05-08T19:13,Sunny,0,18.2,19.92,0,18.57142857,43.79857143,0.528571429,54,113,0.75
Quetta,30.1798,66.975,5/9/2023,Tuesday,5,Spring,0,27.6,14.9,21.5,25.2,11.5,Moderate,0,0,0,No Rain,11.5,282,14.17,840.06,16.33,0,-7.98,2023-05-09T05:42,2023-05-09T19:14,Sunny,0,18.9,20.83,0,19,38.18,0.442857143,133,50,1.52
Quetta,30.1798,66.975,5/10/2023,Wednesday,5,Spring,0,30.3,16.6,24,28,13.2,Moderate,0,0,0,No Rain,10,301,12.25,840.48,53,0,-9.25,2023-05-10T05:42,2023-05-10T19:15,Moderate,3,21.5,14.17,0,19.71428571,31.66142857,0.442857143,160,184,0.56
Quetta,30.1798,66.975,5/11/2023,Thursday,5,Spring,0,31.4,18.2,25.2,27.9,14.1,Hot,0,0,0,No Rain,15.3,302,10.83,840.53,81.29,0,-8.29,2023-05-11T05:41,2023-05-11T19:15,Cloudy,2,24,12.25,0,20.51428571,25.58285714,0.442857143,91,116,1.82
Quetta,30.1798,66.975,5/12/2023,Friday,5,Spring,0,31.9,19.4,26.3,28.8,15.3,Hot,0,0,0,No Rain,17.7,286,11.42,840.91,13.08,0,-6.35,2023-05-12T05:40,2023-05-12T19:16,Sunny,0,25.2,10.83,0,21.7,19.07142857,0,127,113,1.05
Quetta,30.1798,66.975,5/13/2023,Saturday,5,Spring,1,30.2,21.3,25.8,26.6,17.8,Hot,0,0,0,No Rain,20.8,288,13.12,840.71,9.71,0,-4.88,2023-05-13T05:39,2023-05-13T19:17,Sunny,0,26.3,11.42,0,22.84285714,14.64857143,0,137,173,0.72
Quetta,30.1798,66.975,5/14/2023,Sunday,5,Spring,1,29.6,18.7,24.7,25.4,15.4,Moderate,0,0,0,No Rain,18.7,285,11.46,838.05,0,0,-8.57,2023-05-14T05:39,2023-05-14T19:17,Sunny,0,25.8,13.12,0,23.77142857,13.44,0,104,238,1.6
Quetta,30.1798,66.975,5/15/2023,Monday,5,Spring,0,29.5,17.5,23.6,28.2,13.5,Moderate,0.1,0.1,0,Light Rain,12.6,158,18.92,836.27,46.62,0,-2.1,2023-05-15T05:38,2023-05-15T19:18,Rainy,1,24.7,11.46,0,24.44285714,13.16714286,0.014285714,144,176,1
Quetta,30.1798,66.975,5/16/2023,Tuesday,5,Spring,0,31.3,15.8,24.2,29.4,13.6,Moderate,0,0,0,No Rain,13.2,195,25.04,836.97,10.79,0,-1.35,2023-05-16T05:37,2023-05-16T19:19,Sunny,0,23.6,18.92,0.1,24.82857143,14.72,0.014285714,57,244,1.11
Quetta,30.1798,66.975,5/17/2023,Wednesday,5,Spring,0,30.9,16.7,23.1,28.9,15,Moderate,0.7,0.7,0,Light Rain,20.1,158,35.12,837.42,30.62,0,5.8,2023-05-17T05:37,2023-05-17T19:19,Rainy,1,24.2,25.04,0,24.7,17.98714286,0.114285714,179,205,0.13
Quetta,30.1798,66.975,5/18/2023,Thursday,5,Spring,0,29,17.4,23.4,26.2,14.5,Moderate,0,0,0,No Rain,11.8,308,16.75,841.85,0,0,-6.01,2023-05-18T05:36,2023-05-18T19:20,Sunny,0,23.1,35.12,0.7,24.44285714,18.83285714,0.114285714,139,125,0.21
Quetta,30.1798,66.975,5/19/2023,Friday,5,Spring,0,30.7,17.3,24.7,27.4,13.1,Moderate,0,0,0,No Rain,20.7,287,11.58,841.4,3,0,-7.57,2023-05-19T05:36,2023-05-19T19:21,Sunny,0,23.4,16.75,0,24.21428571,18.85571429,0.114285714,40,205,0.38
Quetta,30.1798,66.975,5/20/2023,Saturday,5,Spring,1,32.4,18.7,26.5,29.3,15.6,Hot,0,0,0,No Rain,15.8,275,14.58,839.92,22.58,0,-3.45,2023-05-20T05:35,2023-05-20T19:21,Sunny,0,24.7,11.58,0,24.31428571,19.06428571,0.114285714,167,48,1.26
Quetta,30.1798,66.975,5/21/2023,Sunday,5,Spring,1,33.8,19.8,28,32,16.7,Hot,0,0,0,No Rain,12.1,255,14.83,840.42,47.42,0,-2.17,2023-05-21T05:35,2023-05-21T19:22,Moderate,3,26.5,14.58,0,24.78571429,19.54571429,0.114285714,158,227,1.3
Quetta,30.1798,66.975,5/22/2023,Monday,5,Spring,0,33.8,20.3,27.3,31.6,17.3,Hot,0,0,0,No Rain,16.5,228,20.96,840.44,81.17,0,1.63,2023-05-22T05:34,2023-05-22T19:22,Cloudy,2,28,14.83,0,25.31428571,19.83714286,0.1,77,236,1.6
Quetta,30.1798,66.975,5/23/2023,Tuesday,5,Spring,0,31.7,20.6,26.9,30.1,19.2,Hot,0,0,0,No Rain,17.1,298,25.54,840.87,66.46,0,4.48,2023-05-23T05:34,2023-05-23T19:23,Moderate,3,27.3,20.96,0,25.7,19.90857143,0.1,89,100,1.84
Quetta,30.1798,66.975,5/24/2023,Wednesday,5,Spring,0,30.1,21.2,26,27.7,18,Hot,0,0,0,No Rain,18.7,286,20.71,838.68,8.33,0,1.26,2023-05-24T05:33,2023-05-24T19:24,Sunny,0,26.9,25.54,0,26.11428571,17.85,0,156,146,1.93
Quetta,30.1798,66.975,5/25/2023,Thursday,5,Spring,0,31.2,21.7,26.4,28.4,18.9,Hot,0,0,0,No Rain,18.8,311,13.46,837.72,1,0,-4.81,2023-05-25T05:33,2023-05-25T19:24,Sunny,0,26,20.71,0,26.54285714,17.38,0,44,149,1.52
Quetta,30.1798,66.975,5/26/2023,Friday,5,Spring,0,31.1,22.2,26.6,26.6,19,Hot,0,0,0,No Rain,18.8,297,10.75,837.81,0.62,0,-7.06,2023-05-26T05:33,2023-05-26T19:25,Sunny,0,26.4,13.46,0,26.81428571,17.26142857,0,73,286,0.55
Quetta,30.1798,66.975,5/27/2023,Saturday,5,Spring,1,31.4,18.1,26.2,29,14.3,Hot,0,0,0,No Rain,14.3,242,13.17,837.45,31.08,0,-4.73,2023-05-27T05:32,2023-05-27T19:25,Moderate,3,26.6,10.75,0,26.77142857,17.06,0,78,59,1.64
Quetta,30.1798,66.975,5/28/2023,Sunday,5,Spring,1,31.1,18.9,25.1,28.7,18.5,Hot,0.2,0.2,0,Light Rain,22.1,219,33.75,837.66,63.25,0,5.37,2023-05-28T05:32,2023-05-28T19:26,Rainy,1,26.2,13.17,0,26.35714286,19.76285714,0.028571429,40,113,1.74
Quetta,30.1798,66.975,5/29/2023,Monday,5,Spring,0,30.1,16.6,23,27.2,16,Moderate,0,0,0,No Rain,18,194,45.96,837.95,31.88,0,5.33,2023-05-29T05:32,2023-05-29T19:27,Moderate,3,25.1,33.75,0.2,25.74285714,23.33428571,0.028571429,178,201,1.66
Quetta,30.1798,66.975,5/30/2023,Tuesday,5,Spring,0,26.9,15.3,20.8,25.7,14.3,Moderate,0,0,0,No Rain,15.8,153,54.46,837.92,31.12,0,9.7,2023-05-30T05:31,2023-05-30T19:27,Moderate,3,23,45.96,0,24.87142857,27.46571429,0.028571429,137,254,1.88
Quetta,30.1798,66.975,5/31/2023,Wednesday,5,Spring,0,30.1,14.2,22.3,27.5,13.9,Moderate,0,0,0,No Rain,20.2,220,44.5,836.06,3.33,0,3.03,2023-05-31T05:31,2023-05-31T19:28,Sunny,0,20.8,54.46,0,24.34285714,30.86428571,0.028571429,158,115,0.33
Quetta,30.1798,66.975,6/1/2023,Thursday,6,Summer,0,30,14.4,22.6,27.3,14.1,Moderate,0,0,0,No Rain,14.9,196,44.21,835.55,17.29,0,1.16,2023-06-01T05:31,2023-06-01T19:28,Sunny,0,22.3,44.5,0,23.8,35.25714286,0.028571429,28,164,1.54
Quetta,30.1798,66.975,6/2/2023,Friday,6,Summer,0,31.8,14.9,24.2,29.2,14.5,Moderate,0,0,0,No Rain,14.7,215,37.08,836.9,25.21,0,-1.43,2023-06-02T05:31,2023-06-02T19:29,Sunny,0,22.6,44.21,0,23.45714286,39.01857143,0.028571429,36,44,0.24
Quetta,30.1798,66.975,6/3/2023,Saturday,6,Summer,1,34,15.2,24.8,29.6,15.1,Moderate,0,0,0,No Rain,22,233,36.83,836.58,0.17,0,1.65,2023-06-03T05:30,2023-06-03T19:29,Sunny,0,24.2,37.08,0,23.25714286,42.39857143,0.028571429,123,148,1.81
Quetta,30.1798,66.975,6/4/2023,Sunday,6,Summer,1,32.6,16.3,24.7,30.6,16,Moderate,0,0,0,No Rain,19.6,189,45.08,837.9,8.08,0,7.44,2023-06-04T05:30,2023-06-04T19:30,Sunny,0,24.8,36.83,0,23.2,44.01714286,0,67,268,0.41
Quetta,30.1798,66.975,6/5/2023,Monday,6,Summer,0,31.9,16.9,25.2,29.8,17.5,Hot,0,0,0,No Rain,15,215,38.88,837.86,4.5,0,3.32,2023-06-05T05:30,2023-06-05T19:30,Sunny,0,24.7,45.08,0,23.51428571,43.00571429,0,33,296,1.52
Quetta,30.1798,66.975,6/6/2023,Tuesday,6,Summer,0,33.1,17.3,26.3,30.6,16.9,Hot,0,0,0,No Rain,19.3,239,27.62,837.42,0.04,0,-0.04,2023-06-06T05:30,2023-06-06T19:31,Sunny,0,25.2,38.88,0,24.3,39.17142857,0,193,175,1.62
Quetta,30.1798,66.975,6/7/2023,Wednesday,6,Summer,0,33.6,16.7,26.4,31.9,16.7,Hot,0,0,0,No Rain,13.2,187,33.25,837.59,0,0,2.58,2023-06-07T05:30,2023-06-07T19:31,Sunny,0,26.3,27.62,0,24.88571429,37.56428571,0,107,254,0.92
Quetta,30.1798,66.975,6/8/2023,Thursday,6,Summer,0,34.4,17.9,27.3,32.1,17.7,Hot,0,0,0,No Rain,13.5,125,32.54,838.12,0.08,0,3.77,2023-06-08T05:30,2023-06-08T19:32,Sunny,0,26.4,33.25,0,25.55714286,35.89714286,0,113,237,0.91
Quetta,30.1798,66.975,6/9/2023,Friday,6,Summer,0,34.8,19.2,28.3,32.4,18.1,Hot,0,0,0,No Rain,15.5,297,24.21,836.7,5.04,0,2.31,2023-06-09T05:30,2023-06-09T19:32,Sunny,0,27.3,32.54,0,26.14285714,34.05857143,0,52,206,0.22
Quetta,30.1798,66.975,6/10/2023,Saturday,6,Summer,1,33.3,23.6,29,31.1,21.4,Hot,0,0,0,No Rain,18.4,297,17.42,836.25,0.88,0,1.21,2023-06-10T05:30,2023-06-10T19:33,Sunny,0,28.3,24.21,0,26.74285714,31.28571429,0,81,205,1.91
Quetta,30.1798,66.975,6/11/2023,Sunday,6,Summer,1,31.8,22.2,27.5,30.1,20.1,Hot,0,0,0,No Rain,15,303,18.92,835.77,0,0,1.19,2023-06-11T05:30,2023-06-11T19:33,Sunny,0,29,17.42,0,27.14285714,27.54857143,0,122,43,0.94
Quetta,30.1798,66.975,6/12/2023,Monday,6,Summer,0,33.4,19.5,27.2,31.3,16.6,Hot,0,0,0,No Rain,10.9,258,17.04,834.69,0,0,-1.17,2023-06-12T05:30,2023-06-12T19:33,Sunny,0,27.5,18.92,0,27.42857143,24.42857143,0,26,287,0.65
Quetta,30.1798,66.975,6/13/2023,Tuesday,6,Summer,0,33.5,19.2,26.9,32.6,18.5,Hot,0,0,0,No Rain,16.8,152,38.67,834.67,6.88,0,10.16,2023-06-13T05:30,2023-06-13T19:34,Sunny,0,27.2,17.04,0,27.51428571,26.00714286,0,167,62,0.62
Quetta,30.1798,66.975,6/14/2023,Wednesday,6,Summer,0,33.9,19.6,26.6,33.1,19.2,Hot,0,0,0,No Rain,17.7,153,43.08,834.16,4.17,0,10.67,2023-06-14T05:30,2023-06-14T19:34,Sunny,0,26.9,38.67,0,27.54285714,27.41142857,0,168,208,0.89
Quetta,30.1798,66.975,6/15/2023,Thursday,6,Summer,0,33,19.5,25.6,33,20.6,Hot,0,0,0,No Rain,20.8,159,55.33,833.47,13.88,0,14.03,2023-06-15T05:30,2023-06-15T19:34,Sunny,0,26.6,43.08,0,27.3,30.66714286,0,28,177,0.88
Quetta,30.1798,66.975,6/16/2023,Friday,6,Summer,0,33.7,19.3,26,32.3,19.8,Hot,0,0,0,No Rain,17.1,158,47.96,833.9,14.67,0,12.05,2023-06-16T05:30,2023-06-16T19:35,Sunny,0,25.6,55.33,0,26.97142857,34.06,0,46,136,0.52
Quetta,30.1798,66.975,6/17/2023,Saturday,6,Summer,1,33.9,19.4,27,33.5,20.8,Hot,0,0,0,No Rain,13.8,146,46.04,835.07,17.04,0,12.1,2023-06-17T05:30,2023-06-17T19:35,Sunny,0,26,47.96,0,26.68571429,38.14857143,0,39,253,1.26
Quetta,30.1798,66.975,6/18/2023,Sunday,6,Summer,1,35.7,20.5,28.9,33,20.5,Hot,0,0,0,No Rain,14.3,90,33.88,836.16,12.71,0,7.5,2023-06-18T05:30,2023-06-18T19:35,Sunny,0,27,46.04,0,26.88571429,40.28571429,0,161,261,0.65
Quetta,30.1798,66.975,6/19/2023,Monday,6,Summer,0,37.3,21.1,29.7,35.1,21.6,Hot,0,0,0,No Rain,18.6,191,33.25,836.41,24,0,8.62,2023-06-19T05:30,2023-06-19T19:36,Sunny,0,28.9,33.88,0,27.24285714,42.60142857,0,188,130,1.41
Quetta,30.1798,66.975,6/20/2023,Tuesday,6,Summer,0,37.1,21.3,30,35.4,22.9,Hot,0,0,0,No Rain,14.2,172,36.92,835.71,0.42,0,8.66,2023-06-20T05:31,2023-06-20T19:36,Sunny,0,29.7,33.25,0,27.68571429,42.35142857,0,38,284,1.03
Quetta,30.1798,66.975,6/21/2023,Wednesday,6,Summer,0,37.5,21.5,29.7,35.2,23.2,Hot,0,0,0,No Rain,17,153,42,836.05,20.88,0,11.45,2023-06-21T05:31,2023-06-21T19:36,Sunny,0,30,36.92,0,28.12857143,42.19714286,0,188,263,0.79
Quetta,30.1798,66.975,6/22/2023,Thursday,6,Summer,0,39.5,22.3,30.6,35.7,24.9,Hot,0,0,0,No Rain,19.2,173,43.5,836.71,23.46,0,12.76,2023-06-22T05:31,2023-06-22T19:36,Sunny,0,29.7,42,0,28.84285714,40.50714286,0,85,279,1.08
Quetta,30.1798,66.975,6/23/2023,Friday,6,Summer,0,38.5,23.4,31.4,38,26.5,Hot,0,0,0,No Rain,19.9,155,43,836.64,16.42,0,13.4,2023-06-23T05:31,2023-06-23T19:37,Sunny,0,30.6,43.5,0,29.61428571,39.79857143,0,28,253,1.4
Quetta,30.1798,66.975,6/24/2023,Saturday,6,Summer,1,38.7,23.8,31.1,38.4,26.3,Hot,0,0,0,No Rain,19.7,153,44.5,835.4,24.54,0,14.92,2023-06-24T05:31,2023-06-24T19:37,Sunny,0,31.4,43,0,30.2,39.57857143,0,90,244,1.11
Quetta,30.1798,66.975,6/25/2023,Sunday,6,Summer,1,36.9,24.3,29.9,38,25.9,Hot,0.5,0.5,0,Light Rain,18.1,153,45.5,834.68,35.5,0,15.39,2023-06-25T05:32,2023-06-25T19:37,Rainy,1,31.1,44.5,0,30.34285714,41.23857143,0.071428571,87,54,0.24
Quetta,30.1798,66.975,6/26/2023,Monday,6,Summer,0,32.9,22.3,27.7,34.9,24.7,Hot,2.2,2.2,0,Light Rain,15.8,156,55.29,834.4,19.54,0,17.28,2023-06-26T05:32,2023-06-26T19:37,Rainy,1,29.9,45.5,0.5,30.05714286,44.38714286,0.385714286,58,38,1.3
Quetta,30.1798,66.975,6/27/2023,Tuesday,6,Summer,0,35.2,21.3,27.9,34.7,23.3,Hot,0,0,0,No Rain,16.1,189,51.5,835.42,24.67,0,14.59,2023-06-27T05:32,2023-06-27T19:37,Sunny,0,27.7,55.29,2.2,29.75714286,46.47,0.385714286,156,285,1.1
Quetta,30.1798,66.975,6/28/2023,Wednesday,6,Summer,0,35.1,20.3,28.2,33.6,22.1,Hot,0,0,0,No Rain,14.6,198,44.71,836.27,3.62,0,10.47,2023-06-28T05:33,2023-06-28T19:37,Sunny,0,27.9,51.5,0,29.54285714,46.85714286,0.385714286,187,65,0.97
Quetta,30.1798,66.975,6/29/2023,Thursday,6,Summer,0,35.8,21.3,28.1,33.7,22.8,Hot,0,0,0,No Rain,19.3,155,46.04,835.72,5.29,0,12.43,2023-06-29T05:33,2023-06-29T19:37,Sunny,0,28.2,44.71,0,29.18571429,47.22,0.385714286,27,199,0.37
Quetta,30.1798,66.975,6/30/2023,Friday,6,Summer,0,35.9,20.4,28.4,33.8,22.3,Hot,0,0,0,No Rain,14.8,130,41.71,834.15,0.25,0,9.23,2023-06-30T05:33,2023-06-30T19:37,Sunny,0,28.1,46.04,0,28.75714286,47.03571429,0.385714286,134,125,0.67
Quetta,30.1798,66.975,7/1/2023,Saturday,7,Summer,1,36.5,21.3,28.9,34.2,22.7,Hot,0,0,0,No Rain,15.3,170,42.08,834.81,0.42,0,10.24,2023-07-01T05:34,2023-07-01T19:37,Sunny,0,28.4,41.71,0,28.44285714,46.69,0.385714286,45,116,0.63
Quetta,30.1798,66.975,7/2/2023,Sunday,7,Summer,1,38.3,21.3,29.4,34.1,24,Hot,0,0,0,No Rain,27.1,243,45.79,836.65,8.71,0,11.83,2023-07-02T05:34,2023-07-02T19:37,Sunny,0,28.9,42.08,0,28.37142857,46.73142857,0.314285714,194,123,0.11
Quetta,30.1798,66.975,7/3/2023,Monday,7,Summer,0,38.3,21.9,30.7,36.7,24.9,Hot,0,0,0,No Rain,18.3,21,42.67,836.65,4.42,0,11.65,2023-07-03T05:34,2023-07-03T19:37,Sunny,0,29.4,45.79,0,28.8,44.92857143,0,40,143,1.76
Quetta,30.1798,66.975,7/4/2023,Tuesday,7,Summer,0,39,22.2,30.8,33.9,24.7,Hot,0,0,0,No Rain,30.9,290,34,834.24,0,0,6.5,2023-07-04T05:35,2023-07-04T19:37,Sunny,0,30.7,42.67,0,29.21428571,42.42857143,0,72,207,0.56
Quetta,30.1798,66.975,7/5/2023,Wednesday,7,Summer,0,33.4,22.1,28.3,31.6,18.2,Hot,0,0,0,No Rain,14.1,233,17.25,831.9,0.17,0,-0.45,2023-07-05T05:35,2023-07-05T19:37,Sunny,0,30.8,34,0,29.22857143,38.50571429,0,49,91,0.2
Quetta,30.1798,66.975,7/6/2023,Thursday,7,Summer,0,33.1,21,26.5,33.4,22.8,Hot,0,0,0,No Rain,20.2,159,53.79,833.98,5.12,0,14.75,2023-07-06T05:36,2023-07-06T19:37,Sunny,0,28.3,17.25,0,29,39.61285714,0,20,161,0.64
Quetta,30.1798,66.975,7/7/2023,Friday,7,Summer,0,32.2,19.7,25.5,31.2,20.9,Hot,0,0,0,No Rain,19.6,156,54.96,834.5,23.5,0,14.13,2023-07-07T05:36,2023-07-07T19:37,Sunny,0,26.5,53.79,0,28.58571429,41.50571429,0,172,198,1.07
Quetta,30.1798,66.975,7/8/2023,Saturday,7,Summer,1,32.1,19.8,25.4,32.3,20.7,Hot,0,0,0,No Rain,16.8,165,51.25,834.95,27,0,12.48,2023-07-08T05:37,2023-07-08T19:37,Sunny,0,25.5,54.96,0,28.08571429,42.81571429,0,71,274,1.9
Quetta,30.1798,66.975,7/9/2023,Sunday,7,Summer,1,33.6,19,26.8,32.1,19.1,Hot,0,0,0,No Rain,19.7,252,35.79,835.38,0.33,0,6.05,2023-07-09T05:37,2023-07-09T19:37,Sunny,0,25.4,51.25,0,27.71428571,41.38714286,0,59,148,1.21
Quetta,30.1798,66.975,7/10/2023,Monday,7,Summer,0,32.4,19.4,26.5,31,21.1,Hot,0,0,0,No Rain,18.3,226,43.46,836.02,3.79,0,7.4,2023-07-10T05:38,2023-07-10T19:36,Sunny,0,26.8,35.79,0,27.11428571,41.5,0,184,55,0.9
Quetta,30.1798,66.975,7/11/2023,Tuesday,7,Summer,0,34.4,20,27.5,32.3,20.6,Hot,0,0,0,No Rain,18.1,38,42,836.75,0,0,9.3,2023-07-11T05:38,2023-07-11T19:36,Sunny,0,26.5,43.46,0,26.64285714,42.64285714,0,69,186,0.29
Quetta,30.1798,66.975,7/12/2023,Wednesday,7,Summer,0,36.6,20.7,29.1,34.1,20.8,Hot,0,0,0,No Rain,15.3,10,33.38,836.12,0,0,4.44,2023-07-12T05:39,2023-07-12T19:36,Sunny,0,27.5,42,0,26.75714286,44.94714286,0,82,292,1.87
Quetta,30.1798,66.975,7/13/2023,Thursday,7,Summer,0,36.8,20.7,29.1,34.2,22.1,Hot,0,0,0,No Rain,14.5,147,40.42,835.73,0.29,0,8.01,2023-07-13T05:39,2023-07-13T19:36,Sunny,0,29.1,33.38,0,27.12857143,43.03714286,0,197,73,1.6
Quetta,30.1798,66.975,7/14/2023,Friday,7,Summer,0,37.4,22.1,29.1,34.2,23.5,Hot,0,0,0,No Rain,17.7,164,43.5,836.18,9.96,0,10.78,2023-07-14T05:40,2023-07-14T19:35,Sunny,0,29.1,40.42,0,27.64285714,41.4,0,89,271,0.26
Quetta,30.1798,66.975,7/15/2023,Saturday,7,Summer,1,36.2,20.9,29.1,34.9,22.8,Hot,0,0,0,No Rain,14,245,38.75,835.58,2.96,0,8.67,2023-07-15T05:40,2023-07-15T19:35,Sunny,0,29.1,43.5,0,28.17142857,39.61428571,0,38,41,0.45
Quetta,30.1798,66.975,7/16/2023,Sunday,7,Summer,1,35.2,20.8,28.6,33.1,23.1,Hot,0,0,0,No Rain,15.7,270,41.38,835.74,0.17,0,8.42,2023-07-16T05:41,2023-07-16T19:35,Sunny,0,29.1,38.75,0,28.42857143,40.41285714,0,90,188,1.64
Quetta,30.1798,66.975,7/17/2023,Monday,7,Summer,0,37,21,28.6,35.2,23.2,Hot,0,0,0,No Rain,18.9,156,46,835.64,23.88,0,12.59,2023-07-17T05:41,2023-07-17T19:34,Sunny,0,28.6,41.38,0,28.72857143,40.77571429,0,108,117,1.54
Quetta,30.1798,66.975,7/18/2023,Tuesday,7,Summer,0,36.7,21.9,29.6,35,23.2,Hot,0,0,0,No Rain,16.5,119,39.58,835.08,16.25,0,10.95,2023-07-18T05:42,2023-07-18T19:34,Sunny,0,28.6,46,0,29.02857143,40.43,0,167,248,0.72
Quetta,30.1798,66.975,7/19/2023,Wednesday,7,Summer,0,37.3,22.5,29.9,35.2,25.8,Hot,0,0,0,No Rain,17.4,162,45.71,834.44,7.92,0,11.93,2023-07-19T05:42,2023-07-19T19:34,Sunny,0,29.6,39.58,0,29.14285714,42.19142857,0,128,103,1.87
Quetta,30.1798,66.975,7/20/2023,Thursday,7,Summer,0,36.5,22.5,28.6,34.8,25.2,Hot,0,0,0,No Rain,21.2,166,51.79,835.04,74.12,0,14.5,2023-07-20T05:43,2023-07-20T19:33,Cloudy,2,29.9,45.71,0,29.07142857,43.81571429,0,45,133,1.82
Quetta,30.1798,66.975,7/21/2023,Friday,7,Summer,0,35.9,22,28,35.7,25,Hot,0,0,0,No Rain,22.1,158,56.88,836.05,53.08,0,16.47,2023-07-21T05:44,2023-07-21T19:33,Moderate,3,28.6,51.79,0,28.91428571,45.72714286,0,152,73,0.13
Quetta,30.1798,66.975,7/22/2023,Saturday,7,Summer,1,36,23.2,28.1,36.4,26.3,Hot,0,0,0,No Rain,20.9,159,56.58,837.28,87.08,0,16.43,2023-07-22T05:44,2023-07-22T19:32,Cloudy,2,28,56.88,0,28.77142857,48.27428571,0,123,244,1.73
Quetta,30.1798,66.975,7/23/2023,Sunday,7,Summer,1,31.5,22.3,26.3,32.2,24.5,Hot,0.3,0.3,0,Light Rain,22.1,161,60.12,837.8,76.5,0,17.55,2023-07-23T05:45,2023-07-23T19:32,Rainy,1,28.1,56.58,0,28.44285714,50.95142857,0.042857143,170,216,0.55
Quetta,30.1798,66.975,7/24/2023,Monday,7,Summer,0,31.5,22.9,26.2,32.6,24.8,Hot,1.5,1.5,0,Light Rain,18,154,58.83,835.93,86.17,0,17.02,2023-07-24T05:45,2023-07-24T19:31,Rainy,1,26.3,60.12,0.3,28.1,52.78428571,0.257142857,119,98,1.82
Quetta,30.1798,66.975,7/25/2023,Tuesday,7,Summer,0,30.9,21.7,25.7,31.9,24.4,Hot,6,6,0,Light Rain,14.2,152,61.42,835.65,78.04,0,17.18,2023-07-25T05:46,2023-07-25T19:30,Rainy,1,26.2,58.83,1.5,27.54285714,55.90428571,1.114285714,96,208,0.68
Quetta,30.1798,66.975,7/26/2023,Wednesday,7,Summer,0,29.6,20.9,25.3,32.3,23.8,Hot,2.4,2.4,0,Light Rain,14.8,154,64.67,836.5,58,0,17.78,2023-07-26T05:47,2023-07-26T19:30,Rainy,1,25.7,61.42,6,26.88571429,58.61285714,1.457142857,187,89,1.34
Quetta,30.1798,66.975,7/27/2023,Thursday,7,Summer,0,31,21.4,25.2,32.9,24.5,Hot,1,1,0,Light Rain,11,89,67.71,836.43,20.08,0,18.26,2023-07-27T05:47,2023-07-27T19:29,Rainy,1,25.3,64.67,2.4,26.4,60.88714286,1.6,93,234,1.51
Quetta,30.1798,66.975,7/28/2023,Friday,7,Summer,0,33.5,21,27.2,34.1,22.9,Hot,0,0,0,No Rain,18.7,274,51.62,834.39,35.42,0,14.58,2023-07-28T05:48,2023-07-28T19:29,Moderate,3,25.2,67.71,1,26.28571429,60.13571429,1.6,26,222,0.56
Quetta,30.1798,66.975,7/29/2023,Saturday,7,Summer,1,34.1,20.8,26.9,32.8,22.4,Hot,0.1,0.1,0,Light Rain,18.1,170,51.79,832.72,12.08,0,14.03,2023-07-29T05:48,2023-07-29T19:28,Rainy,1,27.2,51.62,0,26.11428571,59.45142857,1.614285714,38,80,0.7
Quetta,30.1798,66.975,7/30/2023,Sunday,7,Summer,1,32.5,20,25.8,31.7,21.9,Hot,0,0,0,No Rain,16.4,153,59.21,833.47,47.83,0,15.65,2023-07-30T05:49,2023-07-30T19:27,Moderate,3,26.9,51.79,0.1,26.04285714,59.32142857,1.571428571,40,252,1.09
Quetta,30.1798,66.975,7/31/2023,Monday,7,Summer,0,34.6,22.4,27.8,32.6,24.2,Hot,0,0,0,No Rain,15.8,151,47.08,833.75,57.79,0,12.98,2023-07-31T05:50,2023-07-31T19:27,Moderate,3,25.8,59.21,0,26.27142857,57.64285714,1.357142857,166,98,1.99
Quetta,30.1798,66.975,8/1/2023,Tuesday,8,Summer,0,36,20.6,29.4,34.2,21.4,Hot,0,0,0,No Rain,15.1,277,34.17,833.55,7.96,0,5.94,2023-08-01T05:50,2023-08-01T19:26,Sunny,0,27.8,47.08,0,26.8,53.75,0.5,161,218,1.41
Quetta,30.1798,66.975,8/2/2023,Wednesday,8,Summer,0,36.7,22.1,30.3,33.7,18.9,Hot,0,0,0,No Rain,16.9,256,18.25,833.49,0,0,0.21,2023-08-02T05:51,2023-08-02T19:25,Sunny,0,29.4,34.17,0,27.51428571,47.11857143,0.157142857,112,256,1.13
Quetta,30.1798,66.975,8/3/2023,Thursday,8,Summer,0,36.2,22.2,29.9,34.2,21.5,Hot,0,0,0,No Rain,15.1,278,25.04,833.62,0,0,3.14,2023-08-03T05:51,2023-08-03T19:24,Sunny,0,30.3,18.25,0,28.18571429,41.02285714,0.014285714,138,220,0.52
Quetta,30.1798,66.975,8/4/2023,Friday,8,Summer,0,34.9,19.5,28.6,33.5,20.8,Hot,0,0,0,No Rain,12.6,274,37,835.25,1.79,0,6.02,2023-08-04T05:52,2023-08-04T19:24,Sunny,0,29.9,25.04,0,28.38571429,38.93428571,0.014285714,72,56,0.92
Quetta,30.1798,66.975,8/5/2023,Saturday,8,Summer,1,36,19.9,29,33.8,20.6,Hot,0,0,0,No Rain,16.6,289,35.38,836.83,3.08,0,5.15,2023-08-05T05:53,2023-08-05T19:23,Sunny,0,28.6,37,0,28.68571429,36.59,0,133,282,0.32
Quetta,30.1798,66.975,8/6/2023,Sunday,8,Summer,1,35.2,21.8,29.3,32.7,21.3,Hot,0,0,0,No Rain,16.1,276,20.83,835.18,1.42,0,0.13,2023-08-06T05:53,2023-08-06T19:22,Sunny,0,29,35.38,0,29.18571429,31.10714286,0,198,220,0.19
Quetta,30.1798,66.975,8/7/2023,Monday,8,Summer,0,34.4,21.9,28.9,31.3,18.4,Hot,0,0,0,No Rain,18.4,262,14.17,832.13,0,0,-1.59,2023-08-07T05:54,2023-08-07T19:21,Sunny,0,29.3,20.83,0,29.34285714,26.40571429,0,154,72,1.73
Quetta,30.1798,66.975,8/8/2023,Tuesday,8,Summer,0,33.9,21.2,28.5,32.5,18.5,Hot,0,0,0,No Rain,13.8,301,18.62,833.26,0,0,1.47,2023-08-08T05:54,2023-08-08T19:20,Sunny,0,28.9,14.17,0,29.21428571,24.18428571,0,95,106,0.28
Quetta,30.1798,66.975,8/9/2023,Wednesday,8,Summer,0,34.9,20.2,28.3,33,21.1,Hot,0,0,0,No Rain,17.2,322,31.62,836.23,0.21,0,5.45,2023-08-09T05:55,2023-08-09T19:20,Sunny,0,28.5,18.62,0,28.92857143,26.09428571,0,39,164,1.72
Quetta,30.1798,66.975,8/10/2023,Thursday,8,Summer,0,35.1,20.2,28.4,33,20,Hot,0,0,0,No Rain,14.8,298,29.83,837.43,0.08,0,4.88,2023-08-10T05:56,2023-08-10T19:19,Sunny,0,28.3,31.62,0,28.71428571,26.77857143,0,176,260,0.84
Quetta,30.1798,66.975,8/11/2023,Friday,8,Summer,0,35.2,20.5,27.9,32.5,21.7,Hot,0,0,0,No Rain,14.5,246,41.42,837.77,2,0,8.98,2023-08-11T05:56,2023-08-11T19:18,Sunny,0,28.4,29.83,0,28.61428571,27.41,0,178,294,1.97
Quetta,30.1798,66.975,8/12/2023,Saturday,8,Summer,1,35.4,21.3,28.7,33.7,22.4,Hot,0,0,0,No Rain,11.8,315,35.67,837,0,0,7.03,2023-08-12T05:57,2023-08-12T19:17,Sunny,0,27.9,41.42,0,28.57142857,27.45142857,0,41,106,0.75
Quetta,30.1798,66.975,8/13/2023,Sunday,8,Summer,1,34.5,24.2,29.6,31.8,21.4,Hot,0,0,0,No Rain,20,288,15.42,835.71,0,0,0.3,2023-08-13T05:57,2023-08-13T19:16,Sunny,0,28.7,35.67,0,28.61428571,26.67857143,0,188,166,0.19
Quetta,30.1798,66.975,8/14/2023,Monday,8,Summer,0,33.9,23.5,28.3,31.9,20.9,Hot,0,0,0,No Rain,13.8,304,14.5,836.77,0.04,0,-1.91,2023-08-14T05:58,2023-08-14T19:15,Sunny,0,29.6,15.42,0,28.52857143,26.72571429,0,41,73,1.65
Quetta,30.1798,66.975,8/15/2023,Tuesday,8,Summer,0,34.2,20.3,27.3,31.5,17,Hot,0,0,0,No Rain,18.3,291,14.71,837.93,23.25,0,-3.63,2023-08-15T05:59,2023-08-15T19:14,Sunny,0,28.3,14.5,0,28.35714286,26.16714286,0,149,158,0.45
Quetta,30.1798,66.975,8/16/2023,Wednesday,8,Summer,0,32.4,19.5,26.1,30,19.4,Hot,0,0,0,No Rain,14.7,302,29.79,838.54,34.46,0,1.94,2023-08-16T05:59,2023-08-16T19:13,Moderate,3,27.3,14.71,0,28.04285714,25.90571429,0,120,32,0.95
Quetta,30.1798,66.975,8/17/2023,Thursday,8,Summer,0,31.5,20.8,26.3,28.4,17.3,Hot,0,0,0,No Rain,15.1,293,9.83,838.46,0,0,-8.8,2023-08-17T06:00,2023-08-17T19:12,Sunny,0,26.1,29.79,0,27.74285714,23.04857143,0,114,273,0.93
Quetta,30.1798,66.975,8/18/2023,Friday,8,Summer,0,33.3,21.1,26.8,29.8,17.3,Hot,0,0,0,No Rain,19.4,298,9.92,838.11,1.88,0,-7.95,2023-08-18T06:00,2023-08-18T19:11,Sunny,0,26.3,9.83,0,27.58571429,18.54857143,0,36,278,0.38
Quetta,30.1798,66.975,8/19/2023,Saturday,8,Summer,1,34.5,19.8,26.9,33.8,18.1,Hot,0,0,0,No Rain,16.3,155,27,837.98,10.58,0,3.6,2023-08-19T06:01,2023-08-19T19:10,Sunny,0,26.8,9.92,0,27.32857143,17.31,0,105,247,1.49
Quetta,30.1798,66.975,8/20/2023,Sunday,8,Summer,1,34,19.4,26.8,33.3,19.4,Hot,0,0,0,No Rain,20.9,160,37.79,838.6,14.75,0,8.65,2023-08-20T06:02,2023-08-20T19:09,Sunny,0,26.9,27,0,26.92857143,20.50571429,0,133,135,0.36
Quetta,30.1798,66.975,8/21/2023,Monday,8,Summer,0,34.5,20.1,27.8,32.3,20.4,Hot,0,0,0,No Rain,14.9,305,31.29,838.35,25.08,0,5.24,2023-08-21T06:02,2023-08-21T19:08,Sunny,0,26.8,37.79,0,26.85714286,22.90428571,0,181,221,0.67
Quetta,30.1798,66.975,8/22/2023,Tuesday,8,Summer,0,34,21.8,27.8,31.2,21.9,Hot,0,0,0,No Rain,14.9,278,27.71,837.25,0.25,0,2.31,2023-08-22T06:03,2023-08-22T19:07,Sunny,0,27.8,31.29,0,26.92857143,24.76142857,0,116,148,1.01
Quetta,30.1798,66.975,8/23/2023,Wednesday,8,Summer,0,33.1,21.9,27.8,30.8,18.7,Hot,0,0,0,No Rain,16.5,297,14.12,835.18,15.04,0,-2.31,2023-08-23T06:03,2023-08-23T19:06,Sunny,0,27.8,27.71,0,27.17142857,22.52285714,0,106,172,0.49
Quetta,30.1798,66.975,8/24/2023,Thursday,8,Summer,0,33.7,20.1,27.1,31.6,17.5,Hot,0,0,0,No Rain,16.6,261,18.46,832.9,38.58,0,0.04,2023-08-24T06:04,2023-08-24T19:04,Moderate,3,27.8,14.12,0,27.28571429,23.75571429,0,140,70,1.84
Quetta,30.1798,66.975,8/25/2023,Friday,8,Summer,0,32.5,17.5,26,29.8,15.8,Hot,0,0,0,No Rain,17.6,342,29.17,832.23,2.17,0,2.99,2023-08-25T06:04,2023-08-25T19:03,Sunny,0,27.1,18.46,0,27.17142857,26.50571429,0,64,39,1.59
Quetta,30.1798,66.975,8/26/2023,Saturday,8,Summer,1,32.2,17.4,25.4,29.7,17.7,Hot,0,0,0,No Rain,17.1,311,42.33,834.07,0.5,0,7.73,2023-08-26T06:05,2023-08-26T19:02,Sunny,0,26,29.17,0,26.95714286,28.69571429,0,117,55,1.89
Quetta,30.1798,66.975,8/27/2023,Sunday,8,Summer,1,33.4,17.2,26.2,29.7,18,Hot,0,0,0,No Rain,23.1,276,38.04,835.57,0,0,4.58,2023-08-27T06:06,2023-08-27T19:01,Sunny,0,25.4,42.33,0,26.87142857,28.73142857,0,85,203,1.46
Quetta,30.1798,66.975,8/28/2023,Monday,8,Summer,0,33.2,22.9,28.1,29.7,20.8,Hot,0,0,0,No Rain,23.3,292,17.71,835.74,0.12,0,1.03,2023-08-28T06:06,2023-08-28T19:00,Sunny,0,26.2,38.04,0,26.91428571,26.79142857,0,139,128,1.9
Quetta,30.1798,66.975,8/29/2023,Tuesday,8,Summer,0,31.7,17.9,26.2,28.3,14.7,Hot,0,0,0,No Rain,13.9,247,14.75,836.98,0,0,-4.32,2023-08-29T06:07,2023-08-29T18:59,Sunny,0,28.1,17.71,0,26.68571429,24.94,0,118,81,1.31
Quetta,30.1798,66.975,8/30/2023,Wednesday,8,Summer,0,33.4,16.7,25.7,31.2,17.8,Hot,0,0,0,No Rain,13.8,197,45.96,838.86,11.92,0,7.18,2023-08-30T06:07,2023-08-30T18:58,Sunny,0,26.2,14.75,0,26.38571429,29.48857143,0,151,34,1.94
Quetta,30.1798,66.975,8/31/2023,Thursday,8,Summer,0,34.4,17.2,26.3,31.8,18.4,Hot,0,0,0,No Rain,15.2,167,47.92,839.4,0.83,0,8.41,2023-08-31T06:08,2023-08-31T18:57,Sunny,0,25.7,45.96,0,26.27142857,33.69714286,0,137,89,1.42
Quetta,30.1798,66.975,9/1/2023,Friday,9,Autumn,0,35.1,18.9,27.3,33.1,20.2,Hot,0,0,0,No Rain,14.1,143,48.46,839.38,0.62,0,11.33,2023-09-01T06:08,2023-09-01T18:55,Sunny,0,26.3,47.92,0,26.45714286,36.45285714,0,124,269,1.84
Quetta,30.1798,66.975,9/2/2023,Saturday,9,Autumn,1,34.9,19.2,28,33.6,20.8,Hot,0,0,0,No Rain,14,227,41.17,838.21,0.29,0,7.21,2023-09-02T06:09,2023-09-02T18:54,Sunny,0,27.3,48.46,0,26.82857143,36.28714286,0,64,110,1.7
Quetta,30.1798,66.975,9/3/2023,Sunday,9,Autumn,1,34,20.5,27.7,32,18.8,Hot,0,0,0,No Rain,13.9,251,27.25,836.98,0,0,2.95,2023-09-03T06:09,2023-09-03T18:53,Sunny,0,28,41.17,0,27.04285714,34.74571429,0,46,264,1.33
Quetta,30.1798,66.975,9/4/2023,Monday,9,Autumn,0,33.5,16.8,25.9,30.7,17.5,Hot,0,0,0,No Rain,17.8,282,40.25,836.62,0,0,5.54,2023-09-04T06:10,2023-09-04T18:52,Sunny,0,27.7,27.25,0,26.72857143,37.96571429,0,42,214,1.23
Quetta,30.1798,66.975,9/5/2023,Tuesday,9,Autumn,0,33.4,17.8,25.7,30.3,18.7,Hot,0,0,0,No Rain,18.3,309,41.38,837.72,0,0,5.54,2023-09-05T06:11,2023-09-05T18:51,Sunny,0,25.9,40.25,0,26.65714286,41.77,0,107,273,1.87
Quetta,30.1798,66.975,9/6/2023,Wednesday,9,Autumn,0,33.3,17.2,25.8,30.4,17.7,Hot,0,0,0,No Rain,20.1,109,43.75,838.8,1.71,0,7.88,2023-09-06T06:11,2023-09-06T18:49,Sunny,0,25.7,41.38,0,26.67142857,41.45428571,0,54,56,0.83
Quetta,30.1798,66.975,9/7/2023,Thursday,9,Autumn,0,34.3,17.4,26.2,32.6,17.8,Hot,0,0,0,No Rain,13.1,202,41.25,838.7,3.83,0,7.15,2023-09-07T06:12,2023-09-07T18:48,Sunny,0,25.8,43.75,0,26.65714286,40.50142857,0,127,156,0.86
Quetta,30.1798,66.975,9/8/2023,Friday,9,Autumn,0,34.1,18.3,26.5,31.7,17.6,Hot,0,0,0,No Rain,18.5,225,33.46,838.65,7.88,0,5.53,2023-09-08T06:12,2023-09-08T18:47,Sunny,0,26.2,41.25,0,26.54285714,38.35857143,0,81,148,1.59
Quetta,30.1798,66.975,9/9/2023,Saturday,9,Autumn,1,33.7,19.2,26.8,30.6,17.5,Hot,0,0,0,No Rain,14.4,357,22.38,838.16,0,0,0.03,2023-09-09T06:13,2023-09-09T18:46,Sunny,0,26.5,33.46,0,26.37142857,35.67428571,0,200,120,1.31
Quetta,30.1798,66.975,9/10/2023,Sunday,9,Autumn,1,33,22.4,27.5,30.3,19.4,Hot,0,0,0,No Rain,12.1,293,12.38,837.16,0,0,-6.34,2023-09-10T06:13,2023-09-10T18:44,Sunny,0,26.8,22.38,0,26.34285714,33.55,0,118,227,1.67
Quetta,30.1798,66.975,9/11/2023,Monday,9,Autumn,0,33.8,21.6,27.8,31,17.5,Hot,0,0,0,No Rain,10.4,326,8.62,837.33,0,0,-8.93,2023-09-11T06:14,2023-09-11T18:43,Sunny,0,27.5,12.38,0,26.61428571,29.03142857,0,135,77,0.23
Quetta,30.1798,66.975,9/12/2023,Tuesday,9,Autumn,0,35.2,20,27.7,32.8,17.9,Hot,0,0,0,No Rain,12.2,215,20.96,836.98,0,0,0.1,2023-09-12T06:14,2023-09-12T18:42,Sunny,0,27.8,8.62,0,26.9,26.11428571,0,48,119,1.87
Quetta,30.1798,66.975,9/13/2023,Wednesday,9,Autumn,0,34.9,19.9,27.1,31.9,18.5,Hot,0,0,0,No Rain,14.7,142,31.33,836.72,0,0,4.28,2023-09-13T06:15,2023-09-13T18:41,Sunny,0,27.7,20.96,0,27.08571429,24.34,0,190,70,1.86
Quetta,30.1798,66.975,9/14/2023,Thursday,9,Autumn,0,34.3,17.3,25.8,33.5,18,Hot,0,0,0,No Rain,21.9,160,49.33,837.3,7.25,0,11.11,2023-09-14T06:15,2023-09-14T18:39,Sunny,0,27.1,31.33,0,27.02857143,25.49428571,0,91,35,0.94
Quetta,30.1798,66.975,9/15/2023,Friday,9,Autumn,0,33.6,18.7,25.7,33.8,20.1,Hot,0,0,0,No Rain,22.6,160,54.5,838.18,14.17,0,13.9,2023-09-15T06:16,2023-09-15T18:38,Sunny,0,25.8,49.33,0,26.91428571,28.5,0,174,98,0.99
Quetta,30.1798,66.975,9/16/2023,Saturday,9,Autumn,1,32.9,18.8,25.9,32.8,20,Hot,0,0,0,No Rain,16.7,157,48.29,838.05,4.21,0,11.63,2023-09-16T06:17,2023-09-16T18:37,Sunny,0,25.7,54.5,0,26.78571429,32.20142857,0,71,93,1.31
Quetta,30.1798,66.975,9/17/2023,Sunday,9,Autumn,1,32.2,18.3,25.7,30.4,18.5,Hot,0,0,0,No Rain,11.3,225,42.79,836.69,0.04,0,8.67,2023-09-17T06:17,2023-09-17T18:36,Sunny,0,25.9,48.29,0,26.52857143,36.54571429,0,114,176,0.76
Quetta,30.1798,66.975,9/18/2023,Monday,9,Autumn,0,31.7,17.3,25.1,29.4,18.2,Hot,0,0,0,No Rain,13.2,322,44.75,836.38,0,0,7.07,2023-09-18T06:18,2023-09-18T18:34,Sunny,0,25.7,42.79,0,26.14285714,41.70714286,0,88,210,0.32
Quetta,30.1798,66.975,9/19/2023,Tuesday,9,Autumn,0,31.4,17.4,25,28.9,18.6,Moderate,0,0,0,No Rain,13.7,281,41.08,838.45,0,0,5.62,2023-09-19T06:18,2023-09-19T18:33,Sunny,0,25.1,44.75,0,25.75714286,44.58142857,0,72,124,1.47
Quetta,30.1798,66.975,9/20/2023,Wednesday,9,Autumn,0,32,16.2,24.9,29.4,17,Moderate,0,0,0,No Rain,13.8,293,40.83,839.31,2.62,0,6.02,2023-09-20T06:19,2023-09-20T18:32,Sunny,0,25,41.08,0,25.44285714,45.93857143,0,151,160,1.13
Quetta,30.1798,66.975,9/21/2023,Thursday,9,Autumn,0,31.1,16.7,24.3,28.5,17.2,Moderate,0,0,0,No Rain,12.7,283,38.88,838.98,0,0,4.5,2023-09-21T06:19,2023-09-21T18:31,Sunny,0,24.9,40.83,0,25.22857143,44.44571429,0,152,135,1.05
Quetta,30.1798,66.975,9/22/2023,Friday,9,Autumn,0,29.5,15.5,22.7,26.6,12.3,Moderate,0,0,0,No Rain,13.4,300,17.62,838.61,0.54,0,-4.07,2023-09-22T06:20,2023-09-22T18:29,Sunny,0,24.3,38.88,0,24.8,39.17714286,0,36,300,0.49
Quetta,30.1798,66.975,9/23/2023,Saturday,9,Autumn,1,27.5,15,21.3,24.3,11.3,Moderate,0,0,0,No Rain,14.3,291,16.04,838.78,0,0,-6.05,2023-09-23T06:20,2023-09-23T18:28,Sunny,0,22.7,17.62,0,24.14285714,34.57,0,117,107,1.18
Quetta,30.1798,66.975,9/24/2023,Sunday,9,Autumn,1,26,14.9,20,22.9,11.4,Moderate,0,0,0,No Rain,14.2,311,17.29,838.5,0,0,-6.02,2023-09-24T06:21,2023-09-24T18:27,Sunny,0,21.3,16.04,0,23.32857143,30.92714286,0,38,297,1.2
Quetta,30.1798,66.975,9/25/2023,Monday,9,Autumn,0,26.4,13.8,20,23,10.2,Moderate,0,0,0,No Rain,12.3,318,17.08,837.94,0,0,-6.52,2023-09-25T06:22,2023-09-25T18:26,Sunny,0,20,17.29,0,22.6,26.97428571,0,27,282,1.34
Quetta,30.1798,66.975,9/26/2023,Tuesday,9,Autumn,0,27.5,14.1,21.2,27.1,11.2,Moderate,0,0,0,No Rain,13.9,217,23.21,839.61,0.21,0,-1.86,2023-09-26T06:22,2023-09-26T18:24,Sunny,0,20,17.08,0,22.05714286,24.42142857,0,24,140,0.35
Quetta,30.1798,66.975,9/27/2023,Wednesday,9,Autumn,0,25.7,15.6,20.8,22.3,11.7,Moderate,0,0,0,No Rain,13.5,306,11.67,840.82,0,0,-10.7,2023-09-27T06:23,2023-09-27T18:23,Sunny,0,21.2,23.21,0,21.47142857,20.25571429,0,168,114,0.53
Quetta,30.1798,66.975,9/28/2023,Thursday,9,Autumn,0,26.5,16.1,21,23.1,12.4,Moderate,0,0,0,No Rain,18.7,300,15.75,840.19,0,0,-6.19,2023-09-28T06:23,2023-09-28T18:22,Sunny,0,20.8,11.67,0,21,16.95142857,0,108,107,1.63
Quetta,30.1798,66.975,9/29/2023,Friday,9,Autumn,0,22.2,14.8,18.7,17.9,12,Moderate,0,0,0,No Rain,21.2,288,19.96,839.1,0,0,-5.38,2023-09-29T06:24,2023-09-29T18:20,Sunny,0,21,15.75,0,20.42857143,17.28571429,0,133,101,0.79
Quetta,30.1798,66.975,9/30/2023,Saturday,9,Autumn,1,23.4,12.7,18.2,20.2,9.3,Moderate,0,0,0,No Rain,8.9,324,18.04,839.68,0,0,-7.31,2023-09-30T06:24,2023-09-30T18:19,Sunny,0,18.7,19.96,0,19.98571429,17.57142857,0,46,281,1.43
Quetta,30.1798,66.975,10/1/2023,Sunday,10,Autumn,1,23.7,11.9,18.6,20.2,8.2,Moderate,0,0,0,No Rain,14.7,298,16.96,839.01,0,0,-7.94,2023-10-01T06:25,2023-10-01T18:18,Sunny,0,18.2,18.04,0,19.78571429,17.52428571,0,152,132,0.49
Quetta,30.1798,66.975,10/2/2023,Monday,10,Autumn,0,24.7,13.6,19,20.2,9.9,Moderate,0,0,0,No Rain,16.9,313,14.67,839.44,0,0,-9.27,2023-10-02T06:25,2023-10-02T18:17,Sunny,0,18.6,16.96,0,19.64285714,17.18,0,50,125,1.97
Quetta,30.1798,66.975,10/3/2023,Tuesday,10,Autumn,0,26.9,15.1,21,22.7,11.2,Moderate,0,0,0,No Rain,15.3,322,14,841.4,0,0,-8.25,2023-10-03T06:26,2023-10-03T18:16,Sunny,0,19,14.67,0,19.61428571,15.86428571,0,121,102,1.64
Quetta,30.1798,66.975,10/4/2023,Wednesday,10,Autumn,0,28.8,16,22.9,25.1,12.4,Moderate,0,0,0,No Rain,18,308,16.46,842.33,0,0,-4.28,2023-10-04T06:27,2023-10-04T18:14,Sunny,0,21,14,0,19.91428571,16.54857143,0,77,32,0.53
Quetta,30.1798,66.975,10/5/2023,Thursday,10,Autumn,0,29.5,18.2,24,26.7,15.1,Moderate,0,0,0,No Rain,13.7,328,20.54,841.76,0,0,-0.38,2023-10-05T06:27,2023-10-05T18:13,Sunny,0,22.9,16.46,0,20.34285714,17.23285714,0,174,137,0.7
Quetta,30.1798,66.975,10/6/2023,Friday,10,Autumn,0,30.5,18.2,24.7,26.7,15.5,Moderate,0,0,0,No Rain,21.5,309,21.29,840.44,0,0,0.59,2023-10-06T06:28,2023-10-06T18:12,Sunny,0,24,20.54,0,21.2,17.42285714,0,55,295,1.44
Quetta,30.1798,66.975,10/7/2023,Saturday,10,Autumn,1,25.8,19.2,22,22.3,16.3,Moderate,0,0,0,No Rain,17,283,22.25,841.36,0,0,-1.07,2023-10-07T06:28,2023-10-07T18:11,Sunny,0,24.7,21.29,0,21.74285714,18.02428571,0,139,100,0.14
Quetta,30.1798,66.975,10/8/2023,Sunday,10,Autumn,1,25.1,14.3,19.5,21.1,11.3,Moderate,0,0,0,No Rain,18.5,305,20.92,841.98,0,0,-4.67,2023-10-08T06:29,2023-10-08T18:10,Sunny,0,22,22.25,0,21.87142857,18.59,0,142,158,1.01
Quetta,30.1798,66.975,10/9/2023,Monday,10,Autumn,0,24.6,13.9,19.2,20,10.4,Moderate,0,0,0,No Rain,23,308,16.46,841.42,0,0,-7.4,2023-10-09T06:30,2023-10-09T18:09,Sunny,0,19.5,20.92,0,21.9,18.84571429,0,95,223,1.71
Quetta,30.1798,66.975,10/10/2023,Tuesday,10,Autumn,0,26.2,14.1,20.3,22.9,10.4,Moderate,0,0,0,No Rain,14.3,312,18.79,842.1,0,0,-4.87,2023-10-10T06:30,2023-10-10T18:07,Sunny,0,19.2,16.46,0,21.8,19.53,0,20,229,0.42
Quetta,30.1798,66.975,10/11/2023,Wednesday,10,Autumn,0,27.9,16,22.2,24.3,12.7,Moderate,0,0,0,No Rain,14.3,285,17.5,843.06,0,0,-4.51,2023-10-11T06:31,2023-10-11T18:06,Sunny,0,20.3,18.79,0,21.7,19.67857143,0,70,62,1.71
Quetta,30.1798,66.975,10/12/2023,Thursday,10,Autumn,0,28.5,16.7,22.6,25.3,13.1,Moderate,0,0,0,No Rain,11,281,16.58,843.07,0,0,-4.36,2023-10-12T06:32,2023-10-12T18:05,Sunny,0,22.2,17.5,0,21.5,19.11285714,0,58,217,1.12
Quetta,30.1798,66.975,10/13/2023,Friday,10,Autumn,0,28.6,16.6,22.7,24.9,13,Moderate,0,0,0,No Rain,21.2,296,19.92,843.35,0,0,-2.02,2023-10-13T06:32,2023-10-13T18:04,Sunny,0,22.6,16.58,0,21.21428571,18.91714286,0,95,108,0.78
Quetta,30.1798,66.975,10/14/2023,Saturday,10,Autumn,1,24.4,16.4,20.2,20.4,14.5,Moderate,0,0,0,No Rain,17.9,290,28.83,842.68,0,0,0.89,2023-10-14T06:33,2023-10-14T18:03,Sunny,0,22.7,19.92,0,20.95714286,19.85714286,0,85,240,1.02
Quetta,30.1798,66.975,10/15/2023,Sunday,10,Autumn,1,24.3,13.5,17.5,21.4,10.7,Moderate,0.4,0.4,0,Light Rain,23.9,315,37.83,839.96,24.71,0,2.07,2023-10-15T06:34,2023-10-15T18:02,Rainy,1,20.2,28.83,0,20.67142857,22.27285714,0.057142857,138,144,0.57
Quetta,30.1798,66.975,10/16/2023,Monday,10,Autumn,0,20.9,10.8,16.1,17.4,9.1,Moderate,0.2,0.2,0,Light Rain,18.8,291,45.96,838.08,6,0,3.87,2023-10-16T06:34,2023-10-16T18:01,Rainy,1,17.5,37.83,0.4,20.22857143,26.48714286,0.085714286,184,91,1.01
Quetta,30.1798,66.975,10/17/2023,Tuesday,10,Autumn,0,21.8,9.9,16.2,18.8,7.2,Moderate,0,0,0,No Rain,10.5,79,35.96,839.9,0.42,0,-0.67,2023-10-17T06:35,2023-10-17T17:59,Sunny,0,16.1,45.96,0.2,19.64285714,28.94,0.085714286,166,132,0.45
Quetta,30.1798,66.975,10/18/2023,Wednesday,10,Autumn,0,23.6,9.8,16.9,20.9,8.3,Moderate,0,0,0,No Rain,14.1,194,55.92,842.59,30.88,0,5.57,2023-10-18T06:36,2023-10-18T17:58,Moderate,3,16.2,35.96,0,18.88571429,34.42857143,0.085714286,89,138,0.67
Quetta,30.1798,66.975,10/19/2023,Thursday,10,Autumn,0,22.9,12.1,18.1,20,9.8,Moderate,0.5,0.5,0,Light Rain,16.1,279,40.42,842.63,8.38,0,4,2023-10-19T06:36,2023-10-19T17:57,Rainy,1,16.9,55.92,0,18.24285714,37.83428571,0.157142857,102,172,1.69
Quetta,30.1798,66.975,10/20/2023,Friday,10,Autumn,0,25,11.7,18.5,22,9.2,Moderate,0.1,0.1,0,Light Rain,13.3,227,37.67,842.65,10.5,0,2.58,2023-10-20T06:37,2023-10-20T17:56,Rainy,1,18.1,40.42,0.5,17.64285714,40.37,0.171428571,61,33,1.73
Quetta,30.1798,66.975,10/21/2023,Saturday,10,Autumn,1,23.5,12.3,18.3,20,10,Moderate,0.1,0.1,0,Light Rain,18.1,233,40.08,842.91,24.29,0,3.73,2023-10-21T06:38,2023-10-21T17:55,Rainy,1,18.5,37.67,0.1,17.37142857,41.97714286,0.185714286,33,47,1.62
Quetta,30.1798,66.975,10/22/2023,Sunday,10,Autumn,1,24.1,12.1,17.6,19.1,9.8,Moderate,0,0,0,No Rain,23.4,312,35.54,843.2,11.17,0,0.62,2023-10-22T06:38,2023-10-22T17:54,Sunny,0,18.3,40.08,0.1,17.38571429,41.65,0.128571429,66,215,1.27
Quetta,30.1798,66.975,10/23/2023,Monday,10,Autumn,0,23.2,11,18,19.6,7.9,Moderate,0,0,0,No Rain,20.4,285,27.29,842.96,4.5,0,-2.09,2023-10-23T06:39,2023-10-23T17:53,Sunny,0,17.6,35.54,0,17.65714286,38.98285714,0.1,104,165,0.32
Quetta,30.1798,66.975,10/24/2023,Tuesday,10,Autumn,0,22.1,13.5,17.7,18.2,10.4,Moderate,0,0,0,No Rain,17.9,283,23.62,842.32,0.08,0,-3.65,2023-10-24T06:40,2023-10-24T17:52,Sunny,0,18,27.29,0,17.87142857,37.22,0.1,185,100,0.81
Quetta,30.1798,66.975,10/25/2023,Wednesday,10,Autumn,0,23.1,10.8,17,20,7.1,Moderate,0,0,0,No Rain,13.8,230,26.04,843.07,0.08,0,-3.76,2023-10-25T06:40,2023-10-25T17:51,Sunny,0,17.7,23.62,0,17.88571429,32.95142857,0.1,105,179,0.8
Quetta,30.1798,66.975,10/26/2023,Thursday,10,Autumn,0,24,14,18.9,20.1,10.5,Moderate,0,0,0,No Rain,13.3,349,22.46,843.74,0.67,0,-3.46,2023-10-26T06:41,2023-10-26T17:50,Sunny,0,17,26.04,0,18,30.38571429,0.028571429,156,82,1.15
Quetta,30.1798,66.975,10/27/2023,Friday,10,Autumn,0,24.2,16,19.9,21.3,12.9,Moderate,0,0,0,No Rain,15.1,321,24.08,842.6,96.58,0,-1.54,2023-10-27T06:42,2023-10-27T17:49,Cloudy,2,18.9,22.46,0,18.2,28.44428571,0.014285714,87,137,1.81
Quetta,30.1798,66.975,10/28/2023,Saturday,10,Autumn,1,23.7,13,18.5,21,11.2,Moderate,0,0,0,No Rain,9.7,193,42.12,842.46,67.96,0,4.73,2023-10-28T06:43,2023-10-28T17:49,Moderate,3,19.9,24.08,0,18.22857143,28.73571429,0,160,141,1.98
Quetta,30.1798,66.975,10/29/2023,Sunday,10,Autumn,1,23.7,13.6,18.3,21,12.2,Moderate,0,0,0,No Rain,11.8,358,42.62,842.4,18.62,0,3.97,2023-10-29T06:43,2023-10-29T17:48,Sunny,0,18.5,42.12,0,18.32857143,29.74714286,0,103,267,0.63
Quetta,30.1798,66.975,10/30/2023,Monday,10,Autumn,0,24.2,14.4,18.7,20.8,12,Moderate,0,0,0,No Rain,14.7,154,37.96,842.88,24.92,0,3.03,2023-10-30T06:44,2023-10-30T17:47,Sunny,0,18.3,42.62,0,18.42857143,31.27142857,0,155,108,0.91
Quetta,30.1798,66.975,10/31/2023,Tuesday,10,Autumn,0,24,11.7,18.1,20.5,10.2,Moderate,0,0,0,No Rain,11.2,182,44.88,843.5,21.33,0,3.95,2023-10-31T06:45,2023-10-31T17:46,Sunny,0,18.7,37.96,0,18.48571429,34.30857143,0,39,154,1.72
Quetta,30.1798,66.975,11/1/2023,Wednesday,11,Autumn,0,23.8,12,17.5,20.8,10,Moderate,0,0,0,No Rain,13.6,228,41.75,843.88,59.79,0,2.66,2023-11-01T06:46,2023-11-01T17:45,Moderate,3,18.1,44.88,0,18.55714286,36.55285714,0,191,62,0.48
Quetta,30.1798,66.975,11/2/2023,Thursday,11,Autumn,0,21.2,12,16.3,17.6,9.4,Moderate,0,0,0,No Rain,16.2,261,36.75,843.1,29.54,0,0.64,2023-11-02T06:46,2023-11-02T17:44,Sunny,0,17.5,41.75,0,18.18571429,38.59428571,0,66,153,0.5
Quetta,30.1798,66.975,11/3/2023,Friday,11,Autumn,0,20.6,12,16,17.2,9.1,Moderate,0,0,0,No Rain,10.4,326,30.79,840.88,27.5,0,-1.73,2023-11-03T06:47,2023-11-03T17:43,Sunny,0,16.3,36.75,0,17.62857143,39.55285714,0,103,38,0.86
Quetta,30.1798,66.975,11/4/2023,Saturday,11,Autumn,1,21.6,10.8,15.8,18.6,7.5,Moderate,0,0,0,No Rain,11.6,111,33.04,840.17,54.88,0,-0.86,2023-11-04T06:48,2023-11-04T17:43,Moderate,3,16,30.79,0,17.24285714,38.25571429,0,172,242,1.42
Quetta,30.1798,66.975,11/5/2023,Sunday,11,Autumn,1,21.7,11.2,17.1,19.9,8.3,Moderate,0,0,0,No Rain,9.9,150,39.21,841.51,55.21,0,2.49,2023-11-05T06:49,2023-11-05T17:42,Moderate,3,15.8,33.04,0,17.07142857,37.76857143,0,175,255,0.73
Quetta,30.1798,66.975,11/6/2023,Monday,11,Autumn,0,21.3,11.2,15.5,20,9.5,Moderate,2.4,2.4,0,Light Rain,12.9,158,59.88,842.15,65.54,0,7.25,2023-11-06T06:50,2023-11-06T17:41,Rainy,1,17.1,39.21,0,16.61428571,40.9,0.342857143,54,35,1.98
Quetta,30.1798,66.975,11/7/2023,Tuesday,11,Autumn,0,18.5,11,14,17.1,10,Cold,4.1,4.1,0,Light Rain,12.5,160,70.25,841.58,59.62,0,8.37,2023-11-07T06:50,2023-11-07T17:40,Rainy,1,15.5,59.88,2.4,16.02857143,44.52428571,0.928571429,88,175,1.11
Quetta,30.1798,66.975,11/8/2023,Wednesday,11,Autumn,0,17.8,7.8,13.4,15.7,5.8,Cold,1.4,1.4,0,Light Rain,10.2,225,65.83,840.65,38.75,0,6.67,2023-11-08T06:51,2023-11-08T17:40,Rainy,1,14,70.25,4.1,15.44285714,47.96428571,1.128571429,128,224,1.19
Quetta,30.1798,66.975,11/9/2023,Thursday,11,Autumn,0,17.1,7.3,12.5,13.5,5.7,Cold,0,0,0,No Rain,17.2,302,63.71,841.18,18.79,0,5.4,2023-11-09T06:52,2023-11-09T17:39,Sunny,0,13.4,65.83,1.4,14.9,51.81571429,1.128571429,96,31,0.48
Quetta,30.1798,66.975,11/10/2023,Friday,11,Autumn,0,17.9,8.2,12.6,14.9,6.4,Cold,0,0,0,No Rain,9.4,313,51.67,843.16,0,0,1.81,2023-11-10T06:53,2023-11-10T17:38,Sunny,0,12.5,63.71,0,14.41428571,54.79857143,1.128571429,58,183,0.35
Quetta,30.1798,66.975,11/11/2023,Saturday,11,Autumn,1,19,7.8,13.2,15.2,4.4,Cold,0,0,0,No Rain,9.7,279,29.83,844.68,0,0,-5.08,2023-11-11T06:54,2023-11-11T17:38,Sunny,0,12.6,51.67,0,14.04285714,54.34,1.128571429,47,289,1.08
Quetta,30.1798,66.975,11/12/2023,Sunday,11,Autumn,1,17.4,8.1,12.6,14,4.6,Cold,0,0,0,No Rain,8.5,340,29.46,844.54,10.38,0,-5.1,2023-11-12T06:54,2023-11-12T17:37,Sunny,0,13.2,29.83,0,13.4,52.94714286,1.128571429,46,229,0.53
Quetta,30.1798,66.975,11/13/2023,Monday,11,Autumn,0,17.4,9,13,14.4,6.3,Cold,0,0,0,No Rain,8.2,344,37.04,843.41,15.33,0,-1.68,2023-11-13T06:55,2023-11-13T17:37,Sunny,0,12.6,29.46,0,13.04285714,49.68428571,0.785714286,148,71,0.59
Quetta,30.1798,66.975,11/14/2023,Tuesday,11,Autumn,0,19.7,9.4,13.7,17.4,6.5,Cold,0,0,0,No Rain,8.8,176,37.96,842.67,10.83,0,-1.18,2023-11-14T06:56,2023-11-14T17:36,Sunny,0,13,37.04,0,13,45.07142857,0.2,92,144,1.68
Quetta,30.1798,66.975,11/15/2023,Wednesday,11,Autumn,0,19.9,7.3,13.5,16.9,4.2,Cold,0,0,0,No Rain,8.6,165,39.62,841.99,60.33,0,-1.81,2023-11-15T06:57,2023-11-15T17:36,Moderate,3,13.7,37.96,0,13.01428571,41.32714286,0,111,296,1.13
Quetta,30.1798,66.975,11/16/2023,Thursday,11,Autumn,0,20.6,8.7,14.4,17.9,5.6,Cold,0,0,0,No Rain,9.4,167,34.46,842.61,24.71,0,-2.27,2023-11-16T06:58,2023-11-16T17:35,Sunny,0,13.5,39.62,0,13.28571429,37.14857143,0,142,214,1.37
Quetta,30.1798,66.975,11/17/2023,Friday,11,Autumn,0,19.2,7.5,13.4,14.3,3.9,Cold,0,0,0,No Rain,15,159,35.46,842.13,85.75,0,-2.53,2023-11-17T06:58,2023-11-17T17:35,Cloudy,2,14.4,34.46,0,13.4,34.83285714,0,192,167,1.91
Quetta,30.1798,66.975,11/18/2023,Saturday,11,Autumn,1,15.7,7.6,12.4,12.9,4.4,Cold,2,2,0,Light Rain,9,183,45.83,840.67,82.21,0,0.8,2023-11-18T06:59,2023-11-18T17:34,Rainy,1,13.4,35.46,0,13.28571429,37.11857143,0.285714286,54,187,0.54
Quetta,30.1798,66.975,11/19/2023,Sunday,11,Autumn,1,17.5,8.6,13,15,6.2,Cold,0,0,0,No Rain,11.7,217,51.25,841.21,1.67,0,2.63,2023-11-19T07:00,2023-11-19T17:34,Sunny,0,12.4,45.83,2,13.34285714,40.23142857,0.285714286,56,44,0.56
Quetta,30.1798,66.975,11/20/2023,Monday,11,Autumn,0,18.9,7.9,13.3,16.6,5,Cold,0,0,0,No Rain,8.6,168,43.96,841.89,5.71,0,0.35,2023-11-20T07:01,2023-11-20T17:33,Sunny,0,13,51.25,0,13.38571429,41.22,0.285714286,186,290,1.11
Quetta,30.1798,66.975,11/21/2023,Tuesday,11,Autumn,0,19.1,7,13.4,16.5,4.2,Cold,0,0,0,No Rain,11.5,139,50.83,841.32,43.92,0,2.55,2023-11-21T07:02,2023-11-21T17:33,Moderate,3,13.3,43.96,0,13.34285714,43.05857143,0.285714286,117,172,0.31
Quetta,30.1798,66.975,11/22/2023,Wednesday,11,Autumn,0,19.2,11.5,15,16.2,9.5,Cold,0,0,0,No Rain,10.9,318,45.75,840.76,1.96,0,3.07,2023-11-22T07:03,2023-11-22T17:33,Sunny,0,13.4,50.83,0,13.55714286,43.93428571,0.285714286,34,218,0.21
Quetta,30.1798,66.975,11/23/2023,Thursday,11,Autumn,0,15.3,7.5,12.3,11.6,2.7,Cold,0,0,0,No Rain,10.2,282,29.71,839.35,15.58,0,-9.85,2023-11-23T07:04,2023-11-23T17:33,Sunny,0,15,45.75,0,13.25714286,43.25571429,0.285714286,119,86,0.36
Quetta,30.1798,66.975,11/24/2023,Friday,11,Autumn,0,17.4,3.8,11.3,12.4,-0.9,Cold,0,0,0,No Rain,23.4,156,32.62,838.5,73.38,0,-5.58,2023-11-24T07:04,2023-11-24T17:32,Cloudy,2,12.3,29.71,0,12.95714286,42.85,0.285714286,66,107,0.3
Quetta,30.1798,66.975,11/25/2023,Saturday,11,Autumn,1,16.4,7.2,12.1,12.4,4.5,Cold,0,0,0,No Rain,15.3,154,52.04,840.35,99.79,0,2.09,2023-11-25T07:05,2023-11-25T17:32,Cloudy,2,11.3,32.62,0,12.91428571,43.73714286,0,116,297,0.61
Quetta,30.1798,66.975,11/26/2023,Sunday,11,Autumn,1,16.7,7,11.7,13.2,4.5,Cold,0,0,0,No Rain,9.2,149,53,840,52.17,0,1.55,2023-11-26T07:06,2023-11-26T17:32,Moderate,3,12.1,52.04,0,12.72857143,43.98714286,0,114,66,1.65
Quetta,30.1798,66.975,11/27/2023,Monday,11,Autumn,0,16.3,6.8,11.2,13,4.4,Cold,0,0,0,No Rain,9.8,142,52.5,838.73,0.08,0,0.47,2023-11-27T07:07,2023-11-27T17:32,Sunny,0,11.7,53,0,12.42857143,45.20714286,0,140,32,0.99
Quetta,30.1798,66.975,11/28/2023,Tuesday,11,Autumn,0,17.3,4.6,11.2,14.7,1.5,Cold,0,0,0,No Rain,8.7,161,47.58,838.64,14.5,0,-1.37,2023-11-28T07:08,2023-11-28T17:31,Sunny,0,11.2,52.5,0,12.11428571,44.74285714,0,123,133,1.57
Quetta,30.1798,66.975,11/29/2023,Wednesday,11,Autumn,0,16.7,6.2,11.4,13.5,2.6,Cold,0,0,0,No Rain,12.3,157,38.62,839.23,0.12,0,-2.99,2023-11-29T07:09,2023-11-29T17:31,Sunny,0,11.2,47.58,0,11.6,43.72428571,0,101,252,1.93
Quetta,30.1798,66.975,11/30/2023,Thursday,11,Autumn,0,15.7,7.2,11.8,11.7,4.1,Cold,0,0,0,No Rain,13,281,38.83,840.18,0,0,-2.1,2023-11-30T07:09,2023-11-30T17:31,Sunny,0,11.4,38.62,0,11.52857143,45.02714286,0,141,104,0.49
Quetta,30.1798,66.975,12/1/2023,Friday,12,Winter,0,15.5,7.8,11.4,11.8,4.7,Cold,0,0,0,No Rain,11.6,282,40.54,841.3,11.25,0,-1.88,2023-12-01T07:10,2023-12-01T17:31,Sunny,0,11.8,38.83,0,11.54285714,46.15857143,0,129,152,0.42
Quetta,30.1798,66.975,12/2/2023,Saturday,12,Winter,1,15.2,8.5,11.4,11.7,5.4,Cold,0,0,0,No Rain,10.8,33,40.21,841.03,0,0,-2.02,2023-12-02T07:11,2023-12-02T17:31,Sunny,0,11.4,40.54,0,11.44285714,44.46857143,0,36,203,1.85
Quetta,30.1798,66.975,12/3/2023,Sunday,12,Winter,1,14.9,6.4,10.6,10.8,3,Cold,0,0,0,No Rain,14.3,287,40.29,841.22,0.08,0,-2.74,2023-12-03T07:12,2023-12-03T17:31,Sunny,0,11.4,40.21,0,11.28571429,42.65285714,0,97,123,1.97
Quetta,30.1798,66.975,12/4/2023,Monday,12,Winter,0,15.1,6.3,10.3,10.8,3.4,Cold,0,0,0,No Rain,12.3,284,41.58,841.59,0,0,-2.64,2023-12-04T07:12,2023-12-04T17:31,Sunny,0,10.6,40.29,0,11.15714286,41.09285714,0,81,283,1.82
Quetta,30.1798,66.975,12/5/2023,Tuesday,12,Winter,0,14.1,6.3,10,10.2,3.2,Cold,0,0,0,No Rain,7.3,192,35.04,840.38,10.5,0,-5.26,2023-12-05T07:13,2023-12-05T17:31,Sunny,0,10.3,41.58,0,10.98571429,39.30142857,0,25,222,1.73
Quetta,30.1798,66.975,12/6/2023,Wednesday,12,Winter,0,15.4,7.5,10.6,11.2,3.8,Cold,0,0,0,No Rain,8.8,235,28.08,840.41,18.83,0,-7.5,2023-12-06T07:14,2023-12-06T17:31,Sunny,0,10,35.04,0,10.87142857,37.79571429,0,196,79,1.08
Quetta,30.1798,66.975,12/7/2023,Thursday,12,Winter,0,17.4,5.9,11.5,13.7,1.9,Cold,0,0,0,No Rain,10.6,204,24.88,839.94,2.54,0,-8.45,2023-12-07T07:15,2023-12-07T17:31,Sunny,0,10.6,28.08,0,10.82857143,35.80285714,0,117,117,1.07
Quetta,30.1798,66.975,12/8/2023,Friday,12,Winter,0,15.2,8.2,10.8,10.5,4.4,Cold,0,0,0,No Rain,13.1,285,19.29,839.23,0,0,-12.23,2023-12-08T07:15,2023-12-08T17:31,Sunny,0,11.5,24.88,0,10.74285714,32.76714286,0,27,95,0.83
Quetta,30.1798,66.975,12/9/2023,Saturday,12,Winter,1,14.1,5.8,9.3,9.9,2.1,Cold,0,0,0,No Rain,8.4,300,27.62,840.55,22.62,0,-8.8,2023-12-09T07:16,2023-12-09T17:32,Sunny,0,10.8,19.29,0,10.44285714,30.96857143,0,160,159,1.97
Quetta,30.1798,66.975,12/10/2023,Sunday,12,Winter,1,15.1,5.8,9.8,10.9,2.3,Cold,0,0,0,No Rain,7.2,293,29.33,839.57,20.46,0,-7.78,2023-12-10T07:17,2023-12-10T17:32,Sunny,0,9.3,27.62,0,10.32857143,29.40285714,0,37,160,1.61
Quetta,30.1798,66.975,12/11/2023,Monday,12,Winter,0,14.4,5.6,9.3,9.7,2,Cold,0,0,0,No Rain,12.3,310,28.25,838.65,13.83,0,-8.4,2023-12-11T07:17,2023-12-11T17:32,Sunny,0,9.8,29.33,0,10.18571429,27.49857143,0,22,247,0.13
Quetta,30.1798,66.975,12/12/2023,Tuesday,12,Winter,0,13.9,5.3,9.1,9.6,2.3,Cold,0,0,0,No Rain,10.3,310,35.21,838.38,36.33,0,-5.78,2023-12-12T07:18,2023-12-12T17:32,Moderate,3,9.3,28.25,0,10.05714286,27.52285714,0,115,290,0.9
Quetta,30.1798,66.975,12/13/2023,Wednesday,12,Winter,0,15.4,5.4,9.9,11,1.8,Cold,0,0,0,No Rain,8.7,114,28.54,838.25,90.17,0,-8.34,2023-12-13T07:19,2023-12-13T17:32,Cloudy,2,9.1,35.21,0,9.957142857,27.58857143,0,68,91,1.59
Quetta,30.1798,66.975,12/14/2023,Thursday,12,Winter,0,18,5,10.8,13.8,0.4,Cold,0,0,0,No Rain,9.7,159,28.21,837,94.96,0,-8.67,2023-12-14T07:20,2023-12-14T17:33,Cloudy,2,9.9,28.54,0,9.857142857,28.06428571,0,181,162,1.6
Quetta,30.1798,66.975,12/15/2023,Friday,12,Winter,0,11.9,4.6,7.9,8.9,0.8,Cold,4.6,4.6,0,Light Rain,15.3,190,72.17,837.05,46.17,0,3.03,2023-12-15T07:20,2023-12-15T17:33,Rainy,1,10.8,28.21,0,9.442857143,35.61857143,0.657142857,22,33,0.29
Quetta,30.1798,66.975,12/16/2023,Saturday,12,Winter,1,9.2,2.4,5.7,4.7,-0.1,Cold,1.5,1.5,0,Light Rain,19.7,279,80.33,839.26,48.67,0,2.22,2023-12-16T07:21,2023-12-16T17:33,Rainy,1,7.9,72.17,4.6,8.928571429,43.14857143,0.871428571,167,134,1.04
Quetta,30.1798,66.975,12/17/2023,Sunday,12,Winter,1,8.6,2.6,5.1,5,0.2,Cold,0,0,0,No Rain,10,323,75.79,841.11,38.58,0,0.88,2023-12-17T07:21,2023-12-17T17:34,Moderate,3,5.7,80.33,1.5,8.257142857,49.78571429,0.871428571,182,77,0.87
Quetta,30.1798,66.975,12/18/2023,Monday,12,Winter,0,14.2,2.5,7.7,11.4,-0.7,Cold,0,0,0,No Rain,7.2,177,54.29,841.3,0,0,-1.53,2023-12-18T07:22,2023-12-18T17:34,Sunny,0,5.1,75.79,0,8.028571429,53.50571429,0.871428571,139,85,1.41
Quetta,30.1798,66.975,12/19/2023,Tuesday,12,Winter,0,16.3,5.7,10.7,12.9,2.2,Cold,0,0,0,No Rain,8,147,32.79,841.88,0,0,-5.82,2023-12-19T07:23,2023-12-19T17:35,Sunny,0,7.7,54.29,0,8.257142857,53.16,0.871428571,130,104,1.52
Quetta,30.1798,66.975,12/20/2023,Wednesday,12,Winter,0,16.2,6.5,10.6,12.1,2.7,Cold,0,0,0,No Rain,8.7,161,32.67,841.7,30.96,0,-6.35,2023-12-20T07:23,2023-12-20T17:35,Moderate,3,10.7,32.79,0,8.357142857,53.75,0.871428571,112,250,1.46
Quetta,30.1798,66.975,12/21/2023,Thursday,12,Winter,0,16.8,8.1,11.4,13.3,4.6,Cold,0,0,0,No Rain,10.4,176,35,840.58,89.08,0,-3.77,2023-12-21T07:24,2023-12-21T17:36,Cloudy,2,10.6,32.67,0,8.442857143,54.72,0.871428571,189,207,1.87
Quetta,30.1798,66.975,12/22/2023,Friday,12,Winter,0,16.4,6.4,10.6,12.5,2.9,Cold,0.9,0.9,0,Light Rain,11.9,165,36.46,838.54,47.96,0,-4.51,2023-12-22T07:24,2023-12-22T17:36,Rainy,1,11.4,35,0,8.828571429,49.61857143,0.342857143,176,72,1.23
Quetta,30.1798,66.975,12/23/2023,Saturday,12,Winter,1,16.1,5.9,9.9,12,2.1,Cold,0,0,0,No Rain,16.6,157,44.29,840.23,20.33,0,-2.28,2023-12-23T07:25,2023-12-23T17:36,Sunny,0,10.6,36.46,0.9,9.428571429,44.47,0.128571429,50,192,1.81
Quetta,30.1798,66.975,12/24/2023,Sunday,12,Winter,1,16.8,4.4,10.1,13.3,-0.2,Cold,0,0,0,No Rain,12.4,160,36.71,841.97,67.92,0,-5.06,2023-12-24T07:25,2023-12-24T17:37,Moderate,3,9.9,44.29,0,10.14285714,38.88714286,0.128571429,135,38,1.11
Quetta,30.1798,66.975,12/25/2023,Monday,12,Winter,0,17.9,4.4,11,14.8,0.3,Cold,0,0,0,No Rain,11.3,157,37.25,841.22,69.29,0,-3.85,2023-12-25T07:25,2023-12-25T17:37,Moderate,3,10.1,36.71,0,10.61428571,36.45285714,0.128571429,60,132,0.91
Quetta,30.1798,66.975,12/26/2023,Tuesday,12,Winter,0,16.2,9.5,12.5,12.8,6.2,Cold,0,0,0,No Rain,10.2,340,34.5,842.08,44.33,0,-2.88,2023-12-26T07:26,2023-12-26T17:38,Moderate,3,11,37.25,0,10.87142857,36.69714286,0.128571429,79,191,0.72
Quetta,30.1798,66.975,12/27/2023,Wednesday,12,Winter,0,14.9,6.8,10.5,11.2,3.5,Cold,0,0,0,No Rain,7.8,148,36.17,843.65,0,0,-4.38,2023-12-27T07:26,2023-12-27T17:39,Sunny,0,12.5,34.5,0,10.85714286,37.19714286,0.128571429,61,204,0.55
Quetta,30.1798,66.975,12/28/2023,Thursday,12,Winter,0,16.1,6.7,10.9,13,3,Cold,0,0,0,No Rain,7.2,191,36.58,841.25,0,0,-3.68,2023-12-28T07:27,2023-12-28T17:39,Sunny,0,10.5,36.17,0,10.78571429,37.42285714,0.128571429,163,162,0.62
Quetta,30.1798,66.975,12/29/2023,Friday,12,Winter,0,15.9,5.9,10.5,12.6,2.1,Cold,0,0,0,No Rain,9.2,175,36.5,839.84,33.08,0,-4.16,2023-12-29T07:27,2023-12-29T17:40,Moderate,3,10.9,36.58,0,10.77142857,37.42857143,0,76,253,1.84
Quetta,30.1798,66.975,12/30/2023,Saturday,12,Winter,1,14,6.4,9.8,10,3,Cold,0,0,0,No Rain,12.8,293,40.62,840.45,3.12,0,-3.15,2023-12-30T07:27,2023-12-30T17:41,Sunny,0,10.5,36.5,0,10.75714286,36.90428571,0,86,100,0.89
Quetta,30.1798,66.975,12/31/2023,Sunday,12,Winter,1,13.1,5.6,9,9.9,2.7,Cold,0,0,0,No Rain,8,337,49.54,840.21,12.29,0,-1.12,2023-12-31T07:28,2023-12-31T17:41,Sunny,0,9.8,40.62,0,10.6,38.73714286,0,190,274,1.61
